{
  "/s/18952/js/controls/wysiwyg.colorpicker.js-232" : {
    "transaction" : "/s/18952/js/controls/wysiwyg.colorpicker.js-232",
    "sampleCount" : 100,
    "errorCount" : 0,
    "errorPct" : 0.0,
    "meanResTime" : 81.32999999999997,
    "medianResTime" : 89.0,
    "minResTime" : 14.0,
    "maxResTime" : 103.0,
    "pct1ResTime" : 93.0,
    "pct2ResTime" : 95.0,
    "pct3ResTime" : 102.95999999999998,
    "throughput" : 1.005378776454029,
    "receivedKBytesPerSec" : 2.8092285917156787,
    "sentKBytesPerSec" : 0.40647149751168754
  },
  "/cdn-cgi/challenge-platform/scripts/jsd/main.js-294-0" : {
    "transaction" : "/cdn-cgi/challenge-platform/scripts/jsd/main.js-294-0",
    "sampleCount" : 100,
    "errorCount" : 0,
    "errorPct" : 0.0,
    "meanResTime" : 78.75,
    "medianResTime" : 85.5,
    "minResTime" : 9.0,
    "maxResTime" : 111.0,
    "pct1ResTime" : 93.9,
    "pct2ResTime" : 98.79999999999995,
    "pct3ResTime" : 110.92999999999996,
    "throughput" : 1.0034317365389631,
    "receivedKBytesPerSec" : 0.9302713718416986,
    "sentKBytesPerSec" : 0.3625681079291176
  },
  "/cdn-cgi/challenge-platform/scripts/jsd/main.js-294-1" : {
    "transaction" : "/cdn-cgi/challenge-platform/scripts/jsd/main.js-294-1",
    "sampleCount" : 100,
    "errorCount" : 0,
    "errorPct" : 0.0,
    "meanResTime" : 80.31000000000009,
    "medianResTime" : 86.0,
    "minResTime" : 11.0,
    "maxResTime" : 105.0,
    "pct1ResTime" : 95.0,
    "pct2ResTime" : 101.79999999999995,
    "pct3ResTime" : 105.0,
    "throughput" : 1.0027173640565934,
    "receivedKBytesPerSec" : 4.9058338722939165,
    "sentKBytesPerSec" : 0.3799358762245686
  },
  "/scripts/31c6b40f6422465168aa8f2fae35e7a5/en/codeforces-options.js-195" : {
    "transaction" : "/scripts/31c6b40f6422465168aa8f2fae35e7a5/en/codeforces-options.js-195",
    "sampleCount" : 100,
    "errorCount" : 0,
    "errorPct" : 0.0,
    "meanResTime" : 86.39,
    "medianResTime" : 91.0,
    "minResTime" : 21.0,
    "maxResTime" : 133.0,
    "pct1ResTime" : 99.9,
    "pct2ResTime" : 103.0,
    "pct3ResTime" : 132.7899999999999,
    "throughput" : 1.0127197601879607,
    "receivedKBytesPerSec" : 1.3342385043648222,
    "sentKBytesPerSec" : 0.43317505367414727
  },
  "/s/18952/css/problem-statement.css-201" : {
    "transaction" : "/s/18952/css/problem-statement.css-201",
    "sampleCount" : 100,
    "errorCount" : 0,
    "errorPct" : 0.0,
    "meanResTime" : 80.66000000000003,
    "medianResTime" : 88.0,
    "minResTime" : 13.0,
    "maxResTime" : 108.0,
    "pct1ResTime" : 92.0,
    "pct2ResTime" : 94.0,
    "pct3ResTime" : 107.95999999999998,
    "throughput" : 1.0121150167505035,
    "receivedKBytesPerSec" : 2.990206838355111,
    "sentKBytesPerSec" : 0.4141369062680283
  },
  "/s/18952/js/jquery.swipe.js-228" : {
    "transaction" : "/s/18952/js/jquery.swipe.js-228",
    "sampleCount" : 100,
    "errorCount" : 1,
    "errorPct" : 1.0,
    "meanResTime" : 82.65,
    "medianResTime" : 89.0,
    "minResTime" : 12.0,
    "maxResTime" : 270.0,
    "pct1ResTime" : 93.0,
    "pct2ResTime" : 97.84999999999997,
    "pct3ResTime" : 268.29999999999916,
    "throughput" : 1.0056113111160274,
    "receivedKBytesPerSec" : 1.6958790205597234,
    "sentKBytesPerSec" : 0.39085283381267477
  },
  "/events/1/8d5fb92f6e?a=1100293087&v=1.276.0&to=ZwMAYEdSCktRWxZRXV5JJEFbUBBRX1ZNSF5RHwVGWkYKXB5OC11FQ1wxXFRBAVxgVANBVUIJF1pRZQ1dRxYFXUY%3D&rst=15499&ck=0&s=b06560af563d7779&ref=https://leetcode.com/playground/UpwhGDg6/shared&ptid=3e3fe48c1952ae9e-178" : {
    "transaction" : "/events/1/8d5fb92f6e?a=1100293087&v=1.276.0&to=ZwMAYEdSCktRWxZRXV5JJEFbUBBRX1ZNSF5RHwVGWkYKXB5OC11FQ1wxXFRBAVxgVANBVUIJF1pRZQ1dRxYFXUY%3D&rst=15499&ck=0&s=b06560af563d7779&ref=https://leetcode.com/playground/UpwhGDg6/shared&ptid=3e3fe48c1952ae9e-178",
    "sampleCount" : 100,
    "errorCount" : 100,
    "errorPct" : 100.0,
    "meanResTime" : 320.03,
    "medianResTime" : 299.0,
    "minResTime" : 276.0,
    "maxResTime" : 612.0,
    "pct1ResTime" : 420.00000000000006,
    "pct2ResTime" : 443.5499999999999,
    "pct3ResTime" : 611.1099999999996,
    "throughput" : 1.0127505291621515,
    "receivedKBytesPerSec" : 0.33502855640007695,
    "sentKBytesPerSec" : 1.1630806858346583
  },
  "/offline/18.html-270" : {
    "transaction" : "/offline/18.html-270",
    "sampleCount" : 100,
    "errorCount" : 100,
    "errorPct" : 100.0,
    "meanResTime" : 449.78000000000003,
    "medianResTime" : 488.5,
    "minResTime" : 227.0,
    "maxResTime" : 2559.0,
    "pct1ResTime" : 667.9,
    "pct2ResTime" : 680.95,
    "pct3ResTime" : 2540.7399999999907,
    "throughput" : 0.9917978319299394,
    "receivedKBytesPerSec" : 3.6270162939986315,
    "sentKBytesPerSec" : 0.39420089608934117
  },
  "/s/18952/js/jquery.colorbox-min.js-240" : {
    "transaction" : "/s/18952/js/jquery.colorbox-min.js-240",
    "sampleCount" : 100,
    "errorCount" : 0,
    "errorPct" : 0.0,
    "meanResTime" : 81.26000000000005,
    "medianResTime" : 89.0,
    "minResTime" : 12.0,
    "maxResTime" : 101.0,
    "pct1ResTime" : 93.0,
    "pct2ResTime" : 95.0,
    "pct3ResTime" : 100.96999999999998,
    "throughput" : 1.005126143330988,
    "receivedKBytesPerSec" : 5.126702825032667,
    "sentKBytesPerSec" : 0.39753524223540054
  },
  "/s/18952/css/jquery.autocomplete.css-211" : {
    "transaction" : "/s/18952/css/jquery.autocomplete.css-211",
    "sampleCount" : 100,
    "errorCount" : 0,
    "errorPct" : 0.0,
    "meanResTime" : 81.55999999999996,
    "medianResTime" : 87.0,
    "minResTime" : 12.0,
    "maxResTime" : 115.0,
    "pct1ResTime" : 96.0,
    "pct2ResTime" : 99.0,
    "pct3ResTime" : 114.88999999999994,
    "throughput" : 1.0085728693898135,
    "receivedKBytesPerSec" : 1.463602732602118,
    "sentKBytesPerSec" : 0.41465740040342913
  },
  "/s/18952/images/icons/comment-12x12.png-276" : {
    "transaction" : "/s/18952/images/icons/comment-12x12.png-276",
    "sampleCount" : 100,
    "errorCount" : 0,
    "errorPct" : 0.0,
    "meanResTime" : 80.05999999999999,
    "medianResTime" : 87.0,
    "minResTime" : 12.0,
    "maxResTime" : 113.0,
    "pct1ResTime" : 92.0,
    "pct2ResTime" : 94.94999999999999,
    "pct3ResTime" : 112.87999999999994,
    "throughput" : 0.9981135653614668,
    "receivedKBytesPerSec" : 1.271249681851301,
    "sentKBytesPerSec" : 0.465916293205841
  },
  "/s/18952/images/flags/24/ru.png-275" : {
    "transaction" : "/s/18952/images/flags/24/ru.png-275",
    "sampleCount" : 100,
    "errorCount" : 0,
    "errorPct" : 0.0,
    "meanResTime" : 81.56,
    "medianResTime" : 88.0,
    "minResTime" : 12.0,
    "maxResTime" : 134.0,
    "pct1ResTime" : 95.0,
    "pct2ResTime" : 96.94999999999999,
    "pct3ResTime" : 133.6499999999998,
    "throughput" : 0.9977849174831873,
    "receivedKBytesPerSec" : 1.370210086732454,
    "sentKBytesPerSec" : 0.45796768673544735
  },
  "/s/18952/js/codeforces.js-246" : {
    "transaction" : "/s/18952/js/codeforces.js-246",
    "sampleCount" : 100,
    "errorCount" : 0,
    "errorPct" : 0.0,
    "meanResTime" : 82.67000000000002,
    "medianResTime" : 89.0,
    "minResTime" : 14.0,
    "maxResTime" : 123.0,
    "pct1ResTime" : 95.9,
    "pct2ResTime" : 97.94999999999999,
    "pct3ResTime" : 122.77999999999989,
    "throughput" : 1.004681817268471,
    "receivedKBytesPerSec" : 13.020411445460846,
    "sentKBytesPerSec" : 0.3993217769807302
  },
  "/s/18952/markitup/jquery.markitup.js-253" : {
    "transaction" : "/s/18952/markitup/jquery.markitup.js-253",
    "sampleCount" : 100,
    "errorCount" : 0,
    "errorPct" : 0.0,
    "meanResTime" : 82.81999999999998,
    "medianResTime" : 89.0,
    "minResTime" : 13.0,
    "maxResTime" : 123.0,
    "pct1ResTime" : 96.9,
    "pct2ResTime" : 103.0,
    "pct3ResTime" : 122.85999999999993,
    "throughput" : 1.0043790928448033,
    "receivedKBytesPerSec" : 6.562607107614198,
    "sentKBytesPerSec" : 0.3992014558474951
  },
  "/s/18952/css/datatable.css-204" : {
    "transaction" : "/s/18952/css/datatable.css-204",
    "sampleCount" : 100,
    "errorCount" : 0,
    "errorPct" : 0.0,
    "meanResTime" : 81.50000000000001,
    "medianResTime" : 88.0,
    "minResTime" : 13.0,
    "maxResTime" : 108.0,
    "pct1ResTime" : 96.9,
    "pct2ResTime" : 97.94999999999999,
    "pct3ResTime" : 107.94999999999997,
    "throughput" : 1.0119613835536037,
    "receivedKBytesPerSec" : 1.5869412391973123,
    "sentKBytesPerSec" : 0.40616809437551865
  },
  "/1/8d5fb92f6e?a=1100293087&v=1.276.0&to=ZwMAYEdSCktRWxZRXV5JJEFbUBBRX1ZNSF5RHwVGWkYKXB5OC11FQ1wxXFRBAVxgVANBVUIJF1pRZQ1dRxYFXUY%3D&rst=5953&ck=0&s=b06560af563d7779&ref=https://leetcode.com/playground/UpwhGDg6/shared&ptid=3e3fe48c1952ae9e&af=err,spa,xhr,stn,ins&ap=24&be=2&fe=2277&dc=1501&fsh=1&perf=%7B%22timing%22:%7B%22of%22:1734515035365,%22n%22:0,%22f%22:1,%22dn%22:5,%22dne%22:5,%22c%22:5,%22s%22:6,%22ce%22:6,%22rq%22:6,%22rp%22:7,%22rpe%22:1071,%22di%22:1506,%22ds%22:1507,%22de%22:1509,%22dc%22:2283,%22l%22:2283,%22le%22:2285%7D,%22navigation%22:%7B%7D%7D-176" : {
    "transaction" : "/1/8d5fb92f6e?a=1100293087&v=1.276.0&to=ZwMAYEdSCktRWxZRXV5JJEFbUBBRX1ZNSF5RHwVGWkYKXB5OC11FQ1wxXFRBAVxgVANBVUIJF1pRZQ1dRxYFXUY%3D&rst=5953&ck=0&s=b06560af563d7779&ref=https://leetcode.com/playground/UpwhGDg6/shared&ptid=3e3fe48c1952ae9e&af=err,spa,xhr,stn,ins&ap=24&be=2&fe=2277&dc=1501&fsh=1&perf=%7B%22timing%22:%7B%22of%22:1734515035365,%22n%22:0,%22f%22:1,%22dn%22:5,%22dne%22:5,%22c%22:5,%22s%22:6,%22ce%22:6,%22rq%22:6,%22rp%22:7,%22rpe%22:1071,%22di%22:1506,%22ds%22:1507,%22de%22:1509,%22dc%22:2283,%22l%22:2283,%22le%22:2285%7D,%22navigation%22:%7B%7D%7D-176",
    "sampleCount" : 100,
    "errorCount" : 100,
    "errorPct" : 100.0,
    "meanResTime" : 1136.1200000000003,
    "medianResTime" : 1120.5,
    "minResTime" : 400.0,
    "maxResTime" : 2314.0,
    "pct1ResTime" : 1456.7,
    "pct2ResTime" : 1483.8,
    "pct3ResTime" : 2307.5599999999968,
    "throughput" : 0.9996201443451488,
    "receivedKBytesPerSec" : 0.6124625767208461,
    "sentKBytesPerSec" : 0.967405823287151
  },
  "/s/18952/js/sjcl.js-245" : {
    "transaction" : "/s/18952/js/sjcl.js-245",
    "sampleCount" : 100,
    "errorCount" : 0,
    "errorPct" : 0.0,
    "meanResTime" : 82.13,
    "medianResTime" : 89.5,
    "minResTime" : 12.0,
    "maxResTime" : 121.0,
    "pct1ResTime" : 94.9,
    "pct2ResTime" : 98.0,
    "pct3ResTime" : 120.83999999999992,
    "throughput" : 1.0046313505259243,
    "receivedKBytesPerSec" : 8.385708899275661,
    "sentKBytesPerSec" : 0.3826232682667095
  },
  "/s/18952/js/autosize.min.js-244" : {
    "transaction" : "/s/18952/js/autosize.min.js-244",
    "sampleCount" : 100,
    "errorCount" : 0,
    "errorPct" : 0.0,
    "meanResTime" : 80.38000000000005,
    "medianResTime" : 88.0,
    "minResTime" : 11.0,
    "maxResTime" : 100.0,
    "pct1ResTime" : 93.0,
    "pct2ResTime" : 95.0,
    "pct3ResTime" : 99.97999999999999,
    "throughput" : 1.0048029581399087,
    "receivedKBytesPerSec" : 2.3039523453357047,
    "sentKBytesPerSec" : 0.39053864974578484
  },
  "/iframe/18.html-269" : {
    "transaction" : "/iframe/18.html-269",
    "sampleCount" : 100,
    "errorCount" : 100,
    "errorPct" : 100.0,
    "meanResTime" : 339.5599999999999,
    "medianResTime" : 298.0,
    "minResTime" : 222.0,
    "maxResTime" : 985.0,
    "pct1ResTime" : 507.0000000000001,
    "pct2ResTime" : 541.5999999999999,
    "pct3ResTime" : 983.5099999999993,
    "throughput" : 0.9905109055250698,
    "receivedKBytesPerSec" : 1.5059441488044534,
    "sentKBytesPerSec" : 0.39272209730779134
  },
  "codeforces" : {
    "transaction" : "codeforces",
    "sampleCount" : 100,
    "errorCount" : 100,
    "errorPct" : 100.0,
    "meanResTime" : 240.88000000000002,
    "medianResTime" : 240.5,
    "minResTime" : 23.0,
    "maxResTime" : 1256.0,
    "pct1ResTime" : 267.9,
    "pct2ResTime" : 280.5499999999999,
    "pct3ResTime" : 1255.84,
    "throughput" : 1.008206803379509,
    "receivedKBytesPerSec" : 10.323791522367067,
    "sentKBytesPerSec" : 0.11421092694533502
  },
  "/data/contests-290" : {
    "transaction" : "/data/contests-290",
    "sampleCount" : 100,
    "errorCount" : 100,
    "errorPct" : 100.0,
    "meanResTime" : 419.1499999999999,
    "medianResTime" : 312.5,
    "minResTime" : 227.0,
    "maxResTime" : 1805.0,
    "pct1ResTime" : 661.6000000000001,
    "pct2ResTime" : 837.75,
    "pct3ResTime" : 1796.4799999999957,
    "throughput" : 0.999000999000999,
    "receivedKBytesPerSec" : 5.529158341658342,
    "sentKBytesPerSec" : 0.7899815028721279
  },
  "/data/contests-291" : {
    "transaction" : "/data/contests-291",
    "sampleCount" : 100,
    "errorCount" : 100,
    "errorPct" : 100.0,
    "meanResTime" : 461.96,
    "medianResTime" : 381.0,
    "minResTime" : 230.0,
    "maxResTime" : 1134.0,
    "pct1ResTime" : 811.9,
    "pct2ResTime" : 870.4999999999999,
    "pct3ResTime" : 1133.3099999999997,
    "throughput" : 0.9981334903730024,
    "receivedKBytesPerSec" : 6.6107531260293255,
    "sentKBytesPerSec" : 0.8229240227025463
  },
  "/data/contests-292" : {
    "transaction" : "/data/contests-292",
    "sampleCount" : 100,
    "errorCount" : 100,
    "errorPct" : 100.0,
    "meanResTime" : 422.4200000000003,
    "medianResTime" : 305.5,
    "minResTime" : 225.0,
    "maxResTime" : 1157.0,
    "pct1ResTime" : 813.4000000000002,
    "pct2ResTime" : 1033.3999999999996,
    "pct3ResTime" : 1156.7099999999998,
    "throughput" : 0.9973172166871116,
    "receivedKBytesPerSec" : 5.261403465303334,
    "sentKBytesPerSec" : 0.78304984591449
  },
  "/data/contests-279-1" : {
    "transaction" : "/data/contests-279-1",
    "sampleCount" : 33,
    "errorCount" : 5,
    "errorPct" : 15.151515,
    "meanResTime" : 524.6060606060606,
    "medianResTime" : 512.0,
    "minResTime" : 233.0,
    "maxResTime" : 1115.0,
    "pct1ResTime" : 845.4000000000003,
    "pct2ResTime" : 1058.9999999999998,
    "pct3ResTime" : 1115.0,
    "throughput" : 0.8918436841251824,
    "receivedKBytesPerSec" : 20.382370589765415,
    "sentKBytesPerSec" : 0.5007911312226366
  },
  "/css-198" : {
    "transaction" : "/css-198",
    "sampleCount" : 100,
    "errorCount" : 3,
    "errorPct" : 3.0,
    "meanResTime" : 128.38000000000002,
    "medianResTime" : 124.0,
    "minResTime" : 116.0,
    "maxResTime" : 363.0,
    "pct1ResTime" : 133.0,
    "pct2ResTime" : 139.95,
    "pct3ResTime" : 361.50999999999925,
    "throughput" : 1.011541690690782,
    "receivedKBytesPerSec" : 1.4387204882711742,
    "sentKBytesPerSec" : 0.42773198444248883
  },
  "/predownloaded/10/20/1020443c4ada8a8d0aeaa46f6dd4a34120fe8030.png-255" : {
    "transaction" : "/predownloaded/10/20/1020443c4ada8a8d0aeaa46f6dd4a34120fe8030.png-255",
    "sampleCount" : 100,
    "errorCount" : 0,
    "errorPct" : 0.0,
    "meanResTime" : 87.55000000000001,
    "medianResTime" : 94.0,
    "minResTime" : 19.0,
    "maxResTime" : 109.0,
    "pct1ResTime" : 100.0,
    "pct2ResTime" : 104.0,
    "pct3ResTime" : 109.0,
    "throughput" : 1.004237883869931,
    "receivedKBytesPerSec" : 7.950317919746329,
    "sentKBytesPerSec" : 0.49525403452569844
  },
  "/s/18952/images/blog/comments_16x16.png-262" : {
    "transaction" : "/s/18952/images/blog/comments_16x16.png-262",
    "sampleCount" : 100,
    "errorCount" : 0,
    "errorPct" : 0.0,
    "meanResTime" : 80.78,
    "medianResTime" : 88.0,
    "minResTime" : 12.0,
    "maxResTime" : 108.0,
    "pct1ResTime" : 93.0,
    "pct2ResTime" : 95.0,
    "pct3ResTime" : 107.90999999999995,
    "throughput" : 0.9987016878058524,
    "receivedKBytesPerSec" : 1.5235954977279538,
    "sentKBytesPerSec" : 0.4661908269249975
  },
  "/css-196" : {
    "transaction" : "/css-196",
    "sampleCount" : 100,
    "errorCount" : 100,
    "errorPct" : 100.0,
    "meanResTime" : 294.24999999999994,
    "medianResTime" : 293.0,
    "minResTime" : 276.0,
    "maxResTime" : 354.0,
    "pct1ResTime" : 307.8,
    "pct2ResTime" : 313.79999999999995,
    "pct3ResTime" : 353.6299999999998,
    "throughput" : 1.009845998485231,
    "receivedKBytesPerSec" : 1.4030942312547336,
    "sentKBytesPerSec" : 0.4467385130017672
  },
  "/s/18952/js/jquery.easing.min.js-225" : {
    "transaction" : "/s/18952/js/jquery.easing.min.js-225",
    "sampleCount" : 100,
    "errorCount" : 0,
    "errorPct" : 0.0,
    "meanResTime" : 82.69000000000001,
    "medianResTime" : 90.0,
    "minResTime" : 12.0,
    "maxResTime" : 125.0,
    "pct1ResTime" : 96.80000000000001,
    "pct2ResTime" : 100.89999999999998,
    "pct3ResTime" : 124.86999999999993,
    "throughput" : 1.0063399416322834,
    "receivedKBytesPerSec" : 3.305335331337426,
    "sentKBytesPerSec" : 0.3960498012478615
  },
  "/data/contests-282-1" : {
    "transaction" : "/data/contests-282-1",
    "sampleCount" : 30,
    "errorCount" : 3,
    "errorPct" : 10.0,
    "meanResTime" : 406.33333333333337,
    "medianResTime" : 334.0,
    "minResTime" : 227.0,
    "maxResTime" : 757.0,
    "pct1ResTime" : 716.3000000000001,
    "pct2ResTime" : 741.05,
    "pct3ResTime" : 757.0,
    "throughput" : 0.8354684192937507,
    "receivedKBytesPerSec" : 20.16296420714047,
    "sentKBytesPerSec" : 0.4691350987245182
  },
  "/s/18952/css/jquery.wysiwyg.css-210" : {
    "transaction" : "/s/18952/css/jquery.wysiwyg.css-210",
    "sampleCount" : 100,
    "errorCount" : 1,
    "errorPct" : 1.0,
    "meanResTime" : 83.97000000000003,
    "medianResTime" : 88.0,
    "minResTime" : 13.0,
    "maxResTime" : 397.0,
    "pct1ResTime" : 94.9,
    "pct2ResTime" : 97.94999999999999,
    "pct3ResTime" : 394.0799999999985,
    "throughput" : 1.0086644274316379,
    "receivedKBytesPerSec" : 2.0594583251379346,
    "sentKBytesPerSec" : 0.4097699236441028
  },
  "/s/18952/css/jquery.drafts.css-220" : {
    "transaction" : "/s/18952/css/jquery.drafts.css-220",
    "sampleCount" : 100,
    "errorCount" : 0,
    "errorPct" : 0.0,
    "meanResTime" : 81.41999999999997,
    "medianResTime" : 88.0,
    "minResTime" : 12.0,
    "maxResTime" : 119.0,
    "pct1ResTime" : 94.9,
    "pct2ResTime" : 96.0,
    "pct3ResTime" : 118.85999999999993,
    "throughput" : 1.0067147876335156,
    "receivedKBytesPerSec" : 1.6243795333625282,
    "sentKBytesPerSec" : 0.40799476256631734
  },
  "/data/contests-282-0" : {
    "transaction" : "/data/contests-282-0",
    "sampleCount" : 30,
    "errorCount" : 0,
    "errorPct" : 0.0,
    "meanResTime" : 314.4666666666667,
    "medianResTime" : 303.0,
    "minResTime" : 226.0,
    "maxResTime" : 739.0,
    "pct1ResTime" : 389.00000000000017,
    "pct2ResTime" : 616.3499999999998,
    "pct3ResTime" : 739.0,
    "throughput" : 0.8374975572987912,
    "receivedKBytesPerSec" : 0.8085995296055387,
    "sentKBytesPerSec" : 0.563511540018425
  },
  "/s/18952/js/jquery.drafts.js-242" : {
    "transaction" : "/s/18952/js/jquery.drafts.js-242",
    "sampleCount" : 100,
    "errorCount" : 0,
    "errorPct" : 0.0,
    "meanResTime" : 80.81000000000002,
    "medianResTime" : 88.0,
    "minResTime" : 13.0,
    "maxResTime" : 99.0,
    "pct1ResTime" : 93.0,
    "pct2ResTime" : 94.0,
    "pct3ResTime" : 98.99,
    "throughput" : 1.0049342270548391,
    "receivedKBytesPerSec" : 3.467346939095961,
    "sentKBytesPerSec" : 0.39157105136218834
  },
  "/s/18952/js/jquery.autocomplete.js-237" : {
    "transaction" : "/s/18952/js/jquery.autocomplete.js-237",
    "sampleCount" : 100,
    "errorCount" : 0,
    "errorPct" : 0.0,
    "meanResTime" : 81.04999999999997,
    "medianResTime" : 88.0,
    "minResTime" : 13.0,
    "maxResTime" : 99.0,
    "pct1ResTime" : 92.0,
    "pct2ResTime" : 93.0,
    "pct3ResTime" : 98.96999999999998,
    "throughput" : 1.0051463493084594,
    "receivedKBytesPerSec" : 8.026211389815858,
    "sentKBytesPerSec" : 0.39754323385734963
  },
  "/predownloaded/2e/e2/2ee2f0f95f05aae6ca6f47812dae2dc2aabf277b.png-258" : {
    "transaction" : "/predownloaded/2e/e2/2ee2f0f95f05aae6ca6f47812dae2dc2aabf277b.png-258",
    "sampleCount" : 100,
    "errorCount" : 4,
    "errorPct" : 4.0,
    "meanResTime" : 97.84,
    "medianResTime" : 94.0,
    "minResTime" : 19.0,
    "maxResTime" : 404.0,
    "pct1ResTime" : 102.0,
    "pct2ResTime" : 124.24999999999983,
    "pct3ResTime" : 403.96,
    "throughput" : 1.0035525761194628,
    "receivedKBytesPerSec" : 6.478255289349296,
    "sentKBytesPerSec" : 0.4949160653714148
  },
  "/s/18952/js/controls/wysiwyg.table.js-234" : {
    "transaction" : "/s/18952/js/controls/wysiwyg.table.js-234",
    "sampleCount" : 100,
    "errorCount" : 0,
    "errorPct" : 0.0,
    "meanResTime" : 81.08999999999999,
    "medianResTime" : 89.0,
    "minResTime" : 11.0,
    "maxResTime" : 112.0,
    "pct1ResTime" : 94.0,
    "pct2ResTime" : 94.0,
    "pct3ResTime" : 111.88999999999994,
    "throughput" : 1.0053080263792826,
    "receivedKBytesPerSec" : 2.2406980733271675,
    "sentKBytesPerSec" : 0.40055241676049547
  },
  "/data/contests-288" : {
    "transaction" : "/data/contests-288",
    "sampleCount" : 100,
    "errorCount" : 100,
    "errorPct" : 100.0,
    "meanResTime" : 436.46999999999997,
    "medianResTime" : 306.0,
    "minResTime" : 240.0,
    "maxResTime" : 1420.0,
    "pct1ResTime" : 699.5,
    "pct2ResTime" : 912.1999999999994,
    "pct3ResTime" : 1418.4499999999991,
    "throughput" : 0.9979741125515204,
    "receivedKBytesPerSec" : 7.379034232383262,
    "sentKBytesPerSec" : 0.8227926216031456
  },
  "/complete/search-189" : {
    "transaction" : "/complete/search-189",
    "sampleCount" : 100,
    "errorCount" : 32,
    "errorPct" : 32.0,
    "meanResTime" : 147.46999999999997,
    "medianResTime" : 145.5,
    "minResTime" : 131.0,
    "maxResTime" : 232.0,
    "pct1ResTime" : 158.9,
    "pct2ResTime" : 162.0,
    "pct3ResTime" : 231.3999999999997,
    "throughput" : 1.0172939979654119,
    "receivedKBytesPerSec" : 1.043431698245168,
    "sentKBytesPerSec" : 0.2990288021363174
  },
  "/data/contests-289" : {
    "transaction" : "/data/contests-289",
    "sampleCount" : 100,
    "errorCount" : 100,
    "errorPct" : 100.0,
    "meanResTime" : 450.9299999999997,
    "medianResTime" : 356.0,
    "minResTime" : 221.0,
    "maxResTime" : 1296.0,
    "pct1ResTime" : 850.9,
    "pct2ResTime" : 1030.9,
    "pct3ResTime" : 1293.9899999999989,
    "throughput" : 0.9972973242512791,
    "receivedKBytesPerSec" : 6.330938858817604,
    "sentKBytesPerSec" : 0.8110345183303248
  },
  "/complete/search-188" : {
    "transaction" : "/complete/search-188",
    "sampleCount" : 100,
    "errorCount" : 21,
    "errorPct" : 21.0,
    "meanResTime" : 147.2600000000001,
    "medianResTime" : 145.0,
    "minResTime" : 134.0,
    "maxResTime" : 217.0,
    "pct1ResTime" : 158.0,
    "pct2ResTime" : 162.95,
    "pct3ResTime" : 216.7899999999999,
    "throughput" : 1.0171698266742615,
    "receivedKBytesPerSec" : 1.0425096726493206,
    "sentKBytesPerSec" : 0.2979989726584751
  },
  "/s/18952/js/pushstream.js-224" : {
    "transaction" : "/s/18952/js/pushstream.js-224",
    "sampleCount" : 100,
    "errorCount" : 0,
    "errorPct" : 0.0,
    "meanResTime" : 82.45000000000003,
    "medianResTime" : 89.0,
    "minResTime" : 13.0,
    "maxResTime" : 105.0,
    "pct1ResTime" : 96.0,
    "pct2ResTime" : 99.0,
    "pct3ResTime" : 105.0,
    "throughput" : 1.0064108370318932,
    "receivedKBytesPerSec" : 11.029083386169903,
    "sentKBytesPerSec" : 0.3891979408834274
  },
  "/complete/search-187" : {
    "transaction" : "/complete/search-187",
    "sampleCount" : 100,
    "errorCount" : 25,
    "errorPct" : 25.0,
    "meanResTime" : 146.10999999999996,
    "medianResTime" : 145.0,
    "minResTime" : 133.0,
    "maxResTime" : 173.0,
    "pct1ResTime" : 156.0,
    "pct2ResTime" : 161.95,
    "pct3ResTime" : 172.90999999999997,
    "throughput" : 1.0172215610282076,
    "receivedKBytesPerSec" : 1.0414997787543105,
    "sentKBytesPerSec" : 0.2970207487767911
  },
  "/s/18952/css/fontawesome-webfont.woff-272" : {
    "transaction" : "/s/18952/css/fontawesome-webfont.woff-272",
    "sampleCount" : 100,
    "errorCount" : 0,
    "errorPct" : 0.0,
    "meanResTime" : 86.46999999999998,
    "medianResTime" : 93.0,
    "minResTime" : 16.0,
    "maxResTime" : 111.0,
    "pct1ResTime" : 100.0,
    "pct2ResTime" : 104.94999999999999,
    "pct3ResTime" : 110.97999999999999,
    "throughput" : 0.9978147856194933,
    "receivedKBytesPerSec" : 43.43864865631767,
    "sentKBytesPerSec" : 0.49500967880342056
  },
  "/complete/search-186" : {
    "transaction" : "/complete/search-186",
    "sampleCount" : 100,
    "errorCount" : 33,
    "errorPct" : 33.0,
    "meanResTime" : 151.44999999999996,
    "medianResTime" : 146.5,
    "minResTime" : 136.0,
    "maxResTime" : 463.0,
    "pct1ResTime" : 162.9,
    "pct2ResTime" : 166.0,
    "pct3ResTime" : 460.36999999999864,
    "throughput" : 1.0172836491999064,
    "receivedKBytesPerSec" : 1.0388015826390373,
    "sentKBytesPerSec" : 0.2960454369741915
  },
  "/complete/search-185" : {
    "transaction" : "/complete/search-185",
    "sampleCount" : 100,
    "errorCount" : 37,
    "errorPct" : 37.0,
    "meanResTime" : 149.07999999999998,
    "medianResTime" : 148.0,
    "minResTime" : 136.0,
    "maxResTime" : 172.0,
    "pct1ResTime" : 157.0,
    "pct2ResTime" : 166.5999999999999,
    "pct3ResTime" : 171.99,
    "throughput" : 1.0174389027938873,
    "receivedKBytesPerSec" : 1.0395662117442972,
    "sentKBytesPerSec" : 0.29410343283885804
  },
  "/g/collect?v=2&tid=G-K230KVN22K&gtm=45je4cc1v9123190673za200&_p=1734515059395&gcd=13l3l3l3l1l1&npa=0&dma=0&tag_exp=101509156~101925629~102067555~102067808~102081485~102123607~102198178&cid=688972847.1734515066&ul=en-us&sr=1536x864&frm=0&pscdl=noapi&_eu=AAAI&_s=1&sid=1734515066&sct=1&seg=0&dl=https%3A%2F%2Fcodeforces.com%2F&dt=Codeforces&en=page_view&_fv=1&_nsi=1&_ss=1&tfd=10358-247" : {
    "transaction" : "/g/collect?v=2&tid=G-K230KVN22K&gtm=45je4cc1v9123190673za200&_p=1734515059395&gcd=13l3l3l3l1l1&npa=0&dma=0&tag_exp=101509156~101925629~102067555~102067808~102081485~102123607~102198178&cid=688972847.1734515066&ul=en-us&sr=1536x864&frm=0&pscdl=noapi&_eu=AAAI&_s=1&sid=1734515066&sct=1&seg=0&dl=https%3A%2F%2Fcodeforces.com%2F&dt=Codeforces&en=page_view&_fv=1&_nsi=1&_ss=1&tfd=10358-247",
    "sampleCount" : 100,
    "errorCount" : 100,
    "errorPct" : 100.0,
    "meanResTime" : 345.08,
    "medianResTime" : 342.0,
    "minResTime" : 322.0,
    "maxResTime" : 377.0,
    "pct1ResTime" : 365.0,
    "pct2ResTime" : 372.0,
    "pct3ResTime" : 377.0,
    "throughput" : 1.0018032458425166,
    "receivedKBytesPerSec" : 0.8061385493889001,
    "sentKBytesPerSec" : 0.8990792802043679
  },
  "/gtag/js-194" : {
    "transaction" : "/gtag/js-194",
    "sampleCount" : 100,
    "errorCount" : 100,
    "errorPct" : 100.0,
    "meanResTime" : 519.94,
    "medianResTime" : 511.0,
    "minResTime" : 483.0,
    "maxResTime" : 611.0,
    "pct1ResTime" : 572.5,
    "pct2ResTime" : 591.95,
    "pct3ResTime" : 610.9399999999999,
    "throughput" : 1.0075059190972748,
    "receivedKBytesPerSec" : 81.31533046194147,
    "sentKBytesPerSec" : 0.38273418215707017
  },
  "/data/contests-280" : {
    "transaction" : "/data/contests-280",
    "sampleCount" : 100,
    "errorCount" : 100,
    "errorPct" : 100.0,
    "meanResTime" : 450.33000000000004,
    "medianResTime" : 316.0,
    "minResTime" : 231.0,
    "maxResTime" : 1254.0,
    "pct1ResTime" : 795.1000000000001,
    "pct2ResTime" : 912.7499999999991,
    "pct3ResTime" : 1253.2999999999997,
    "throughput" : 0.9934728831576543,
    "receivedKBytesPerSec" : 6.5886946977110386,
    "sentKBytesPerSec" : 0.8246601080898497
  },
  "/data/contests-281" : {
    "transaction" : "/data/contests-281",
    "sampleCount" : 100,
    "errorCount" : 100,
    "errorPct" : 100.0,
    "meanResTime" : 490.64999999999975,
    "medianResTime" : 383.5,
    "minResTime" : 229.0,
    "maxResTime" : 2655.0,
    "pct1ResTime" : 821.9000000000001,
    "pct2ResTime" : 1003.9,
    "pct3ResTime" : 2641.139999999993,
    "throughput" : 0.9912865908662855,
    "receivedKBytesPerSec" : 8.154280902120362,
    "sentKBytesPerSec" : 0.8506768473864729
  },
  "/s/18952/images/itmo_small_en-logo.png-267" : {
    "transaction" : "/s/18952/images/itmo_small_en-logo.png-267",
    "sampleCount" : 100,
    "errorCount" : 0,
    "errorPct" : 0.0,
    "meanResTime" : 81.08999999999997,
    "medianResTime" : 88.0,
    "minResTime" : 12.0,
    "maxResTime" : 114.0,
    "pct1ResTime" : 95.0,
    "pct2ResTime" : 96.94999999999999,
    "pct3ResTime" : 113.85999999999993,
    "throughput" : 0.9983427510332847,
    "receivedKBytesPerSec" : 3.7064547070612783,
    "sentKBytesPerSec" : 0.4650483322684344
  },
  "/data/contests-282" : {
    "transaction" : "/data/contests-282",
    "sampleCount" : 100,
    "errorCount" : 100,
    "errorPct" : 100.0,
    "meanResTime" : 452.9500000000002,
    "medianResTime" : 316.0,
    "minResTime" : 226.0,
    "maxResTime" : 1460.0,
    "pct1ResTime" : 823.3000000000001,
    "pct2ResTime" : 973.549999999999,
    "pct3ResTime" : 1455.969999999998,
    "throughput" : 0.9924474747174006,
    "receivedKBytesPerSec" : 8.132670921164936,
    "sentKBytesPerSec" : 0.834954589325235
  },
  "/s/18952/js/jquery.ie6blocker.js-239" : {
    "transaction" : "/s/18952/js/jquery.ie6blocker.js-239",
    "sampleCount" : 100,
    "errorCount" : 0,
    "errorPct" : 0.0,
    "meanResTime" : 81.12000000000006,
    "medianResTime" : 88.0,
    "minResTime" : 12.0,
    "maxResTime" : 101.0,
    "pct1ResTime" : 94.0,
    "pct2ResTime" : 96.0,
    "pct3ResTime" : 100.99,
    "throughput" : 1.0050655302725737,
    "receivedKBytesPerSec" : 1.5280627644578677,
    "sentKBytesPerSec" : 0.39554825068344457
  },
  "/s/18952/markitup/sets/markdown/set.js-254" : {
    "transaction" : "/s/18952/markitup/sets/markdown/set.js-254",
    "sampleCount" : 100,
    "errorCount" : 1,
    "errorPct" : 1.0,
    "meanResTime" : 81.85999999999999,
    "medianResTime" : 88.0,
    "minResTime" : 11.0,
    "maxResTime" : 198.0,
    "pct1ResTime" : 94.0,
    "pct2ResTime" : 96.89999999999998,
    "pct3ResTime" : 197.16999999999956,
    "throughput" : 1.0044598015187431,
    "receivedKBytesPerSec" : 2.0472538696813856,
    "sentKBytesPerSec" : 0.4011953699425449
  },
  "/data/contests-279-0" : {
    "transaction" : "/data/contests-279-0",
    "sampleCount" : 33,
    "errorCount" : 0,
    "errorPct" : 0.0,
    "meanResTime" : 313.969696969697,
    "medianResTime" : 301.0,
    "minResTime" : 237.0,
    "maxResTime" : 504.0,
    "pct1ResTime" : 457.8,
    "pct2ResTime" : 504.0,
    "pct3ResTime" : 504.0,
    "throughput" : 0.8931229532598988,
    "receivedKBytesPerSec" : 0.8613805092830659,
    "sentKBytesPerSec" : 0.6009391746055374
  },
  "/s/18952/js/jquery.jgrowl.js-227" : {
    "transaction" : "/s/18952/js/jquery.jgrowl.js-227",
    "sampleCount" : 100,
    "errorCount" : 0,
    "errorPct" : 0.0,
    "meanResTime" : 81.27999999999999,
    "medianResTime" : 87.5,
    "minResTime" : 11.0,
    "maxResTime" : 109.0,
    "pct1ResTime" : 94.0,
    "pct2ResTime" : 96.0,
    "pct3ResTime" : 108.97999999999999,
    "throughput" : 1.0065526578022927,
    "receivedKBytesPerSec" : 4.142101801477619,
    "sentKBytesPerSec" : 0.3922016703741356
  },
  "/s/18952/markitup/sets/markdown/style.css-252" : {
    "transaction" : "/s/18952/markitup/sets/markdown/style.css-252",
    "sampleCount" : 100,
    "errorCount" : 0,
    "errorPct" : 0.0,
    "meanResTime" : 81.57000000000001,
    "medianResTime" : 88.0,
    "minResTime" : 13.0,
    "maxResTime" : 116.0,
    "pct1ResTime" : 94.9,
    "pct2ResTime" : 97.94999999999999,
    "pct3ResTime" : 116.0,
    "throughput" : 1.0043286565095562,
    "receivedKBytesPerSec" : 1.3153959189105042,
    "sentKBytesPerSec" : 0.4178164137432333
  },
  "/complete/search-184" : {
    "transaction" : "/complete/search-184",
    "sampleCount" : 100,
    "errorCount" : 55,
    "errorPct" : 55.0,
    "meanResTime" : 152.83999999999995,
    "medianResTime" : 151.5,
    "minResTime" : 139.0,
    "maxResTime" : 178.0,
    "pct1ResTime" : 163.0,
    "pct2ResTime" : 166.95,
    "pct3ResTime" : 177.98,
    "throughput" : 1.0172836491999064,
    "receivedKBytesPerSec" : 1.3813698646249783,
    "sentKBytesPerSec" : 0.2930651137831762
  },
  "/data/contests-290-1" : {
    "transaction" : "/data/contests-290-1",
    "sampleCount" : 21,
    "errorCount" : 4,
    "errorPct" : 19.047619,
    "meanResTime" : 395.5238095238095,
    "medianResTime" : 328.0,
    "minResTime" : 227.0,
    "maxResTime" : 1128.0,
    "pct1ResTime" : 530.2,
    "pct2ResTime" : 1068.2999999999993,
    "pct3ResTime" : 1128.0,
    "throughput" : 0.635131865473022,
    "receivedKBytesPerSec" : 13.841261218772683,
    "sentKBytesPerSec" : 0.3566414283661989
  },
  "/complete/search-183" : {
    "transaction" : "/complete/search-183",
    "sampleCount" : 100,
    "errorCount" : 46,
    "errorPct" : 46.0,
    "meanResTime" : 152.04000000000002,
    "medianResTime" : 149.0,
    "minResTime" : 137.0,
    "maxResTime" : 211.0,
    "pct1ResTime" : 161.0,
    "pct2ResTime" : 168.0,
    "pct3ResTime" : 210.95999999999998,
    "throughput" : 1.0172112137364202,
    "receivedKBytesPerSec" : 1.437675071586239,
    "sentKBytesPerSec" : 0.292050875818855
  },
  "/data/contests-290-0" : {
    "transaction" : "/data/contests-290-0",
    "sampleCount" : 21,
    "errorCount" : 0,
    "errorPct" : 0.0,
    "meanResTime" : 320.2380952380953,
    "medianResTime" : 306.0,
    "minResTime" : 236.0,
    "maxResTime" : 677.0,
    "pct1ResTime" : 455.80000000000007,
    "pct2ResTime" : 656.9999999999998,
    "pct3ResTime" : 677.0,
    "throughput" : 0.65264008453243,
    "receivedKBytesPerSec" : 0.6303937498057619,
    "sentKBytesPerSec" : 0.4391299006277776
  },
  "/complete/search-182" : {
    "transaction" : "/complete/search-182",
    "sampleCount" : 100,
    "errorCount" : 100,
    "errorPct" : 100.0,
    "meanResTime" : 326.2200000000001,
    "medianResTime" : 324.0,
    "minResTime" : 303.0,
    "maxResTime" : 382.0,
    "pct1ResTime" : 341.0,
    "pct2ResTime" : 345.0,
    "pct3ResTime" : 381.95,
    "throughput" : 1.0148266168725075,
    "receivedKBytesPerSec" : 1.425335875896853,
    "sentKBytesPerSec" : 0.2903751940855905
  },
  "/s/18952/js/prettify/prettify.js-222" : {
    "transaction" : "/s/18952/js/prettify/prettify.js-222",
    "sampleCount" : 100,
    "errorCount" : 0,
    "errorPct" : 0.0,
    "meanResTime" : 83.86,
    "medianResTime" : 91.0,
    "minResTime" : 13.0,
    "maxResTime" : 119.0,
    "pct1ResTime" : 96.0,
    "pct2ResTime" : 99.94999999999999,
    "pct3ResTime" : 118.85999999999993,
    "throughput" : 1.006583053167717,
    "receivedKBytesPerSec" : 21.881975306001248,
    "sentKBytesPerSec" : 0.3961454789322167
  },
  "/jserrors/1/8d5fb92f6e?a=1100293087&v=1.276.0&to=ZwMAYEdSCktRWxZRXV5JJEFbUBBRX1ZNSF5RHwVGWkYKXB5OC11FQ1wxXFRBAVxgVANBVUIJF1pRZQ1dRxYFXUY%3D&rst=16998&ck=0&s=b06560af563d7779&ref=https://leetcode.com/playground/UpwhGDg6/shared&ptid=3e3fe48c1952ae9e-181" : {
    "transaction" : "/jserrors/1/8d5fb92f6e?a=1100293087&v=1.276.0&to=ZwMAYEdSCktRWxZRXV5JJEFbUBBRX1ZNSF5RHwVGWkYKXB5OC11FQ1wxXFRBAVxgVANBVUIJF1pRZQ1dRxYFXUY%3D&rst=16998&ck=0&s=b06560af563d7779&ref=https://leetcode.com/playground/UpwhGDg6/shared&ptid=3e3fe48c1952ae9e-181",
    "sampleCount" : 100,
    "errorCount" : 100,
    "errorPct" : 100.0,
    "meanResTime" : 333.04999999999995,
    "medianResTime" : 300.0,
    "minResTime" : 277.0,
    "maxResTime" : 596.0,
    "pct1ResTime" : 518.5,
    "pct2ResTime" : 579.9499999999996,
    "pct3ResTime" : 595.9499999999999,
    "throughput" : 1.0127300163049533,
    "receivedKBytesPerSec" : 0.37848806371084537,
    "sentKBytesPerSec" : 1.386569807480024
  },
  "/s/18952/images/codeforces-sponsored-by-ton.png-273" : {
    "transaction" : "/s/18952/images/codeforces-sponsored-by-ton.png-273",
    "sampleCount" : 100,
    "errorCount" : 0,
    "errorPct" : 0.0,
    "meanResTime" : 82.44999999999999,
    "medianResTime" : 90.0,
    "minResTime" : 13.0,
    "maxResTime" : 104.0,
    "pct1ResTime" : 96.0,
    "pct2ResTime" : 98.94999999999999,
    "pct3ResTime" : 103.97999999999999,
    "throughput" : 0.9982032341784787,
    "receivedKBytesPerSec" : 18.99000743973348,
    "sentKBytesPerSec" : 0.4737566130964264
  },
  "/data/contests-279" : {
    "transaction" : "/data/contests-279",
    "sampleCount" : 100,
    "errorCount" : 100,
    "errorPct" : 100.0,
    "meanResTime" : 502.52,
    "medianResTime" : 364.0,
    "minResTime" : 229.0,
    "maxResTime" : 1423.0,
    "pct1ResTime" : 839.9,
    "pct2ResTime" : 993.2999999999992,
    "pct3ResTime" : 1422.2299999999996,
    "throughput" : 0.9883180802909609,
    "receivedKBytesPerSec" : 8.397586233840999,
    "sentKBytesPerSec" : 0.8481294072809393
  },
  "/submit/firefox-desktop/newtab/1/db3f1af1-8033-47c7-9680-fb2ce5f6b809-193" : {
    "transaction" : "/submit/firefox-desktop/newtab/1/db3f1af1-8033-47c7-9680-fb2ce5f6b809-193",
    "sampleCount" : 100,
    "errorCount" : 100,
    "errorPct" : 100.0,
    "meanResTime" : 358.23999999999984,
    "medianResTime" : 361.5,
    "minResTime" : 320.0,
    "maxResTime" : 400.0,
    "pct1ResTime" : 379.0,
    "pct2ResTime" : 392.0,
    "pct3ResTime" : 399.96999999999997,
    "throughput" : 1.0092752394505506,
    "receivedKBytesPerSec" : 0.8182620154217256,
    "sentKBytesPerSec" : 2.9479904699185515
  },
  "/data/topics-293" : {
    "transaction" : "/data/topics-293",
    "sampleCount" : 100,
    "errorCount" : 100,
    "errorPct" : 100.0,
    "meanResTime" : 416.8899999999998,
    "medianResTime" : 306.0,
    "minResTime" : 225.0,
    "maxResTime" : 1462.0,
    "pct1ResTime" : 705.6,
    "pct2ResTime" : 995.8499999999988,
    "pct3ResTime" : 1460.329999999999,
    "throughput" : 0.9983826201553484,
    "receivedKBytesPerSec" : 5.783297074364529,
    "sentKBytesPerSec" : 0.869441114769074
  },
  "/s/18952/css/codeforces.datepick.css-212" : {
    "transaction" : "/s/18952/css/codeforces.datepick.css-212",
    "sampleCount" : 100,
    "errorCount" : 0,
    "errorPct" : 0.0,
    "meanResTime" : 80.96000000000002,
    "medianResTime" : 87.5,
    "minResTime" : 11.0,
    "maxResTime" : 108.0,
    "pct1ResTime" : 92.9,
    "pct2ResTime" : 95.94999999999999,
    "pct3ResTime" : 107.95999999999998,
    "throughput" : 1.006988500191328,
    "receivedKBytesPerSec" : 2.156882829335589,
    "sentKBytesPerSec" : 0.4140060142388174
  },
  "/s/18952/js/jquery.datepick.js-238" : {
    "transaction" : "/s/18952/js/jquery.datepick.js-238",
    "sampleCount" : 100,
    "errorCount" : 1,
    "errorPct" : 1.0,
    "meanResTime" : 87.12,
    "medianResTime" : 91.5,
    "minResTime" : 15.0,
    "maxResTime" : 306.0,
    "pct1ResTime" : 96.9,
    "pct2ResTime" : 104.84999999999997,
    "pct3ResTime" : 304.00999999999897,
    "throughput" : 1.0050352264846882,
    "receivedKBytesPerSec" : 23.688091400416084,
    "sentKBytesPerSec" : 0.39357336505894536
  },
  "/s/18952/js/controls/wysiwyg.link.js-236" : {
    "transaction" : "/s/18952/js/controls/wysiwyg.link.js-236",
    "sampleCount" : 100,
    "errorCount" : 0,
    "errorPct" : 0.0,
    "meanResTime" : 80.71000000000004,
    "medianResTime" : 87.0,
    "minResTime" : 11.0,
    "maxResTime" : 108.0,
    "pct1ResTime" : 93.9,
    "pct2ResTime" : 96.89999999999998,
    "pct3ResTime" : 107.90999999999995,
    "throughput" : 1.0052170766276978,
    "receivedKBytesPerSec" : 2.797045965435611,
    "sentKBytesPerSec" : 0.3995345216674541
  },
  "/s/18952/js/jquery.ba-bbq.js-241" : {
    "transaction" : "/s/18952/js/jquery.ba-bbq.js-241",
    "sampleCount" : 100,
    "errorCount" : 1,
    "errorPct" : 1.0,
    "meanResTime" : 83.12000000000003,
    "medianResTime" : 88.5,
    "minResTime" : 12.0,
    "maxResTime" : 252.0,
    "pct1ResTime" : 94.9,
    "pct2ResTime" : 98.0,
    "pct3ResTime" : 250.67999999999932,
    "throughput" : 1.0050049245241301,
    "receivedKBytesPerSec" : 3.3676890602701457,
    "sentKBytesPerSec" : 0.3915985985206328
  },
  "/s/18952/images/blog/date_16x16.png-257" : {
    "transaction" : "/s/18952/images/blog/date_16x16.png-257",
    "sampleCount" : 100,
    "errorCount" : 1,
    "errorPct" : 1.0,
    "meanResTime" : 83.89000000000003,
    "medianResTime" : 88.0,
    "minResTime" : 12.0,
    "maxResTime" : 401.0,
    "pct1ResTime" : 94.80000000000001,
    "pct2ResTime" : 97.94999999999999,
    "pct3ResTime" : 398.2299999999986,
    "throughput" : 1.0043387433713642,
    "receivedKBytesPerSec" : 1.6497833139161178,
    "sentKBytesPerSec" : 0.4648989886308854
  },
  "/s/18952/images/flags/24/gb.png-274" : {
    "transaction" : "/s/18952/images/flags/24/gb.png-274",
    "sampleCount" : 100,
    "errorCount" : 0,
    "errorPct" : 0.0,
    "meanResTime" : 81.16999999999999,
    "medianResTime" : 88.5,
    "minResTime" : 11.0,
    "maxResTime" : 101.0,
    "pct1ResTime" : 94.0,
    "pct2ResTime" : 96.0,
    "pct3ResTime" : 100.97999999999999,
    "throughput" : 0.9980139522350522,
    "receivedKBytesPerSec" : 2.086765305791475,
    "sentKBytesPerSec" : 0.4580728101078853
  },
  "/s/18952/images/actions/votedown.png-265" : {
    "transaction" : "/s/18952/images/actions/votedown.png-265",
    "sampleCount" : 100,
    "errorCount" : 0,
    "errorPct" : 0.0,
    "meanResTime" : 80.94999999999999,
    "medianResTime" : 88.0,
    "minResTime" : 12.0,
    "maxResTime" : 107.0,
    "pct1ResTime" : 94.0,
    "pct2ResTime" : 95.0,
    "pct3ResTime" : 106.92999999999996,
    "throughput" : 0.9985720419799686,
    "receivedKBytesPerSec" : 1.6778643258889787,
    "sentKBytesPerSec" : 0.46320480462937996
  },
  "/s/18952/css/clear.css-215" : {
    "transaction" : "/s/18952/css/clear.css-215",
    "sampleCount" : 100,
    "errorCount" : 0,
    "errorPct" : 0.0,
    "meanResTime" : 81.08000000000001,
    "medianResTime" : 88.0,
    "minResTime" : 11.0,
    "maxResTime" : 111.0,
    "pct1ResTime" : 92.9,
    "pct2ResTime" : 94.0,
    "pct3ResTime" : 110.92999999999996,
    "throughput" : 1.0068566940867305,
    "receivedKBytesPerSec" : 1.5201569563728994,
    "sentKBytesPerSec" : 0.4001862055598627
  },
  "/s/18952/images/icons/x-update-12x12.png-266" : {
    "transaction" : "/s/18952/images/icons/x-update-12x12.png-266",
    "sampleCount" : 100,
    "errorCount" : 0,
    "errorPct" : 0.0,
    "meanResTime" : 80.21999999999996,
    "medianResTime" : 87.0,
    "minResTime" : 13.0,
    "maxResTime" : 103.0,
    "pct1ResTime" : 94.0,
    "pct2ResTime" : 94.94999999999999,
    "pct3ResTime" : 102.94999999999997,
    "throughput" : 0.9984823068935218,
    "receivedKBytesPerSec" : 1.2734257210290358,
    "sentKBytesPerSec" : 0.4670635009785127
  },
  "/jserrors/1/8d5fb92f6e?a=1100293087&v=1.276.0&to=ZwMAYEdSCktRWxZRXV5JJEFbUBBRX1ZNSF5RHwVGWkYKXB5OC11FQ1wxXFRBAVxgVANBVUIJF1pRZQ1dRxYFXUY%3D&rst=17000&ck=0&s=b06560af563d7779&ref=https://leetcode.com/playground/UpwhGDg6/shared&ptid=3e3fe48c1952ae9e-180" : {
    "transaction" : "/jserrors/1/8d5fb92f6e?a=1100293087&v=1.276.0&to=ZwMAYEdSCktRWxZRXV5JJEFbUBBRX1ZNSF5RHwVGWkYKXB5OC11FQ1wxXFRBAVxgVANBVUIJF1pRZQ1dRxYFXUY%3D&rst=17000&ck=0&s=b06560af563d7779&ref=https://leetcode.com/playground/UpwhGDg6/shared&ptid=3e3fe48c1952ae9e-180",
    "sampleCount" : 100,
    "errorCount" : 100,
    "errorPct" : 100.0,
    "meanResTime" : 314.07000000000005,
    "medianResTime" : 297.5,
    "minResTime" : 271.0,
    "maxResTime" : 658.0,
    "pct1ResTime" : 321.40000000000003,
    "pct2ResTime" : 437.5499999999999,
    "pct3ResTime" : 657.4499999999997,
    "throughput" : 1.0148575140050338,
    "receivedKBytesPerSec" : 0.3792336208340099,
    "sentKBytesPerSec" : 2.2427954630794837
  },
  "/s/18952/images/ton-100x100.png-284" : {
    "transaction" : "/s/18952/images/ton-100x100.png-284",
    "sampleCount" : 100,
    "errorCount" : 0,
    "errorPct" : 0.0,
    "meanResTime" : 80.9,
    "medianResTime" : 88.0,
    "minResTime" : 13.0,
    "maxResTime" : 104.0,
    "pct1ResTime" : 94.0,
    "pct2ResTime" : 95.0,
    "pct3ResTime" : 103.97999999999999,
    "throughput" : 0.991778159061381,
    "receivedKBytesPerSec" : 3.0279258385484336,
    "sentKBytesPerSec" : 0.45521067847543867
  },
  "/s/18952/css/style.css-213" : {
    "transaction" : "/s/18952/css/style.css-213",
    "sampleCount" : 100,
    "errorCount" : 1,
    "errorPct" : 1.0,
    "meanResTime" : 84.53,
    "medianResTime" : 88.0,
    "minResTime" : 13.0,
    "maxResTime" : 391.0,
    "pct1ResTime" : 95.9,
    "pct2ResTime" : 102.79999999999995,
    "pct3ResTime" : 388.16999999999854,
    "throughput" : 1.0068972461360317,
    "receivedKBytesPerSec" : 5.302484125635604,
    "sentKBytesPerSec" : 0.40020232341539547
  },
  "/s/18952/js/controls/wysiwyg.image.js-235" : {
    "transaction" : "/s/18952/js/controls/wysiwyg.image.js-235",
    "sampleCount" : 100,
    "errorCount" : 1,
    "errorPct" : 1.0,
    "meanResTime" : 87.92,
    "medianResTime" : 88.0,
    "minResTime" : 12.0,
    "maxResTime" : 766.0,
    "pct1ResTime" : 94.0,
    "pct2ResTime" : 95.94999999999999,
    "pct3ResTime" : 759.4299999999967,
    "throughput" : 1.0052473913830193,
    "receivedKBytesPerSec" : 3.688236971993808,
    "sentKBytesPerSec" : 0.4005282575041718
  },
  "/s/18952/css/ttypography.css-200" : {
    "transaction" : "/s/18952/css/ttypography.css-200",
    "sampleCount" : 100,
    "errorCount" : 0,
    "errorPct" : 0.0,
    "meanResTime" : 82.09000000000003,
    "medianResTime" : 88.5,
    "minResTime" : 13.0,
    "maxResTime" : 124.0,
    "pct1ResTime" : 94.0,
    "pct2ResTime" : 105.69999999999993,
    "pct3ResTime" : 123.84999999999992,
    "throughput" : 1.0120535578742826,
    "receivedKBytesPerSec" : 2.6725033429394083,
    "sentKBytesPerSec" : 0.40818175722859257
  },
  "/events/1/8d5fb92f6e?a=1100293087&v=1.276.0&to=ZwMAYEdSCktRWxZRXV5JJEFbUBBRX1ZNSF5RHwVGWkYKXB5OC11FQ1wxXFRBAVxgVANBVUIJF1pRZQ1dRxYFXUY%3D&rst=16996&ck=0&s=b06560af563d7779&ref=https://leetcode.com/playground/UpwhGDg6/shared&ptid=3e3fe48c1952ae9e-179" : {
    "transaction" : "/events/1/8d5fb92f6e?a=1100293087&v=1.276.0&to=ZwMAYEdSCktRWxZRXV5JJEFbUBBRX1ZNSF5RHwVGWkYKXB5OC11FQ1wxXFRBAVxgVANBVUIJF1pRZQ1dRxYFXUY%3D&rst=16996&ck=0&s=b06560af563d7779&ref=https://leetcode.com/playground/UpwhGDg6/shared&ptid=3e3fe48c1952ae9e-179",
    "sampleCount" : 100,
    "errorCount" : 100,
    "errorPct" : 100.0,
    "meanResTime" : 319.36999999999995,
    "medianResTime" : 299.0,
    "minResTime" : 271.0,
    "maxResTime" : 574.0,
    "pct1ResTime" : 414.9000000000001,
    "pct2ResTime" : 516.0,
    "pct3ResTime" : 573.5399999999997,
    "throughput" : 1.014939915556999,
    "receivedKBytesPerSec" : 0.3793139703942026,
    "sentKBytesPerSec" : 0.7334526733517376
  },
  "/data/topics-293-1" : {
    "transaction" : "/data/topics-293-1",
    "sampleCount" : 21,
    "errorCount" : 3,
    "errorPct" : 14.285714,
    "meanResTime" : 420.9047619047619,
    "medianResTime" : 452.0,
    "minResTime" : 251.0,
    "maxResTime" : 746.0,
    "pct1ResTime" : 686.6000000000001,
    "pct2ResTime" : 744.3,
    "pct3ResTime" : 746.0,
    "throughput" : 0.6546338726269522,
    "receivedKBytesPerSec" : 15.078802039496244,
    "sentKBytesPerSec" : 0.36759226246142335
  },
  "/s/18952/js/facebox.js-230" : {
    "transaction" : "/s/18952/js/facebox.js-230",
    "sampleCount" : 100,
    "errorCount" : 0,
    "errorPct" : 0.0,
    "meanResTime" : 81.45,
    "medianResTime" : 88.0,
    "minResTime" : 12.0,
    "maxResTime" : 108.0,
    "pct1ResTime" : 94.9,
    "pct2ResTime" : 98.89999999999998,
    "pct3ResTime" : 107.99,
    "throughput" : 1.0055708625786859,
    "receivedKBytesPerSec" : 3.884076376877904,
    "sentKBytesPerSec" : 0.3859270986263902
  },
  "/data/topics-293-0" : {
    "transaction" : "/data/topics-293-0",
    "sampleCount" : 21,
    "errorCount" : 0,
    "errorPct" : 0.0,
    "meanResTime" : 353.4761904761905,
    "medianResTime" : 300.0,
    "minResTime" : 229.0,
    "maxResTime" : 789.0,
    "pct1ResTime" : 691.6000000000001,
    "pct2ResTime" : 783.3999999999999,
    "pct3ResTime" : 789.0,
    "throughput" : 0.6649988916685139,
    "receivedKBytesPerSec" : 0.6416509488109187,
    "sentKBytesPerSec" : 0.5006974076918205
  },
  "/-191-0" : {
    "transaction" : "/-191-0",
    "sampleCount" : 100,
    "errorCount" : 0,
    "errorPct" : 0.0,
    "meanResTime" : 148.92000000000002,
    "medianResTime" : 160.5,
    "minResTime" : 12.0,
    "maxResTime" : 190.0,
    "pct1ResTime" : 176.9,
    "pct2ResTime" : 182.89999999999998,
    "pct3ResTime" : 189.99,
    "throughput" : 1.0170146551811812,
    "receivedKBytesPerSec" : 1.0313660826883766,
    "sentKBytesPerSec" : 0.2919944420149094
  },
  "/s/18952/js/moment-with-locales.min.js-223" : {
    "transaction" : "/s/18952/js/moment-with-locales.min.js-223",
    "sampleCount" : 100,
    "errorCount" : 0,
    "errorPct" : 0.0,
    "meanResTime" : 89.76,
    "medianResTime" : 96.0,
    "minResTime" : 19.0,
    "maxResTime" : 137.0,
    "pct1ResTime" : 103.9,
    "pct2ResTime" : 110.89999999999998,
    "pct3ResTime" : 136.83999999999992,
    "throughput" : 1.0064209657615586,
    "receivedKBytesPerSec" : 72.68744708427266,
    "sentKBytesPerSec" : 0.40197868651999763
  },
  "/-191-1" : {
    "transaction" : "/-191-1",
    "sampleCount" : 100,
    "errorCount" : 56,
    "errorPct" : 56.0,
    "meanResTime" : 701.6700000000001,
    "medianResTime" : 677.5,
    "minResTime" : 271.0,
    "maxResTime" : 1899.0,
    "pct1ResTime" : 912.5,
    "pct2ResTime" : 1131.5999999999992,
    "pct3ResTime" : 1891.9399999999964,
    "throughput" : 1.0083389632258781,
    "receivedKBytesPerSec" : 12.776698452451775,
    "sentKBytesPerSec" : 0.28950356951992984
  },
  "/s/18952/css/second-level-menu.css-202" : {
    "transaction" : "/s/18952/css/second-level-menu.css-202",
    "sampleCount" : 100,
    "errorCount" : 0,
    "errorPct" : 0.0,
    "meanResTime" : 80.73999999999998,
    "medianResTime" : 87.5,
    "minResTime" : 14.0,
    "maxResTime" : 101.0,
    "pct1ResTime" : 92.0,
    "pct2ResTime" : 95.89999999999998,
    "pct3ResTime" : 100.96999999999998,
    "throughput" : 1.0120945296290675,
    "receivedKBytesPerSec" : 1.4983150207479377,
    "sentKBytesPerSec" : 0.41412852335408123
  },
  "/s/18952/js/jquery.lavalamp.min.js-226" : {
    "transaction" : "/s/18952/js/jquery.lavalamp.min.js-226",
    "sampleCount" : 100,
    "errorCount" : 0,
    "errorPct" : 0.0,
    "meanResTime" : 81.43,
    "medianResTime" : 88.0,
    "minResTime" : 11.0,
    "maxResTime" : 121.0,
    "pct1ResTime" : 94.0,
    "pct2ResTime" : 97.94999999999999,
    "pct3ResTime" : 120.86999999999993,
    "throughput" : 1.0063095609471384,
    "receivedKBytesPerSec" : 2.225565624591187,
    "sentKBytesPerSec" : 0.3980032931480382
  },
  "/predownloaded/9a/33/9a332fadbb47050ba9405057df022a6e37eaf5c0.png-261" : {
    "transaction" : "/predownloaded/9a/33/9a332fadbb47050ba9405057df022a6e37eaf5c0.png-261",
    "sampleCount" : 100,
    "errorCount" : 0,
    "errorPct" : 0.0,
    "meanResTime" : 88.83999999999997,
    "medianResTime" : 94.5,
    "minResTime" : 18.0,
    "maxResTime" : 117.0,
    "pct1ResTime" : 103.9,
    "pct2ResTime" : 106.94999999999999,
    "pct3ResTime" : 116.92999999999996,
    "throughput" : 1.002978847176113,
    "receivedKBytesPerSec" : 12.066530956315257,
    "sentKBytesPerSec" : 0.49463312287493855
  },
  "/s/18952/css/prettify.css-216" : {
    "transaction" : "/s/18952/css/prettify.css-216",
    "sampleCount" : 100,
    "errorCount" : 0,
    "errorPct" : 0.0,
    "meanResTime" : 82.63000000000004,
    "medianResTime" : 89.0,
    "minResTime" : 14.0,
    "maxResTime" : 118.0,
    "pct1ResTime" : 94.0,
    "pct2ResTime" : 100.89999999999998,
    "pct3ResTime" : 118.0,
    "throughput" : 1.0087967072875474,
    "receivedKBytesPerSec" : 2.2016200014123153,
    "sentKBytesPerSec" : 0.4039127441288032
  },
  "/s/18952/js/jquery.hotkeys.js-229" : {
    "transaction" : "/s/18952/js/jquery.hotkeys.js-229",
    "sampleCount" : 100,
    "errorCount" : 0,
    "errorPct" : 0.0,
    "meanResTime" : 81.67,
    "medianResTime" : 88.5,
    "minResTime" : 13.0,
    "maxResTime" : 105.0,
    "pct1ResTime" : 94.9,
    "pct2ResTime" : 98.0,
    "pct3ResTime" : 104.99,
    "throughput" : 1.0055506395302067,
    "receivedKBytesPerSec" : 2.9330360621882794,
    "sentKBytesPerSec" : 0.392793218566487
  },
  "/data/contests-291-1" : {
    "transaction" : "/data/contests-291-1",
    "sampleCount" : 27,
    "errorCount" : 6,
    "errorPct" : 22.222221,
    "meanResTime" : 431.25925925925924,
    "medianResTime" : 449.0,
    "minResTime" : 229.0,
    "maxResTime" : 759.0,
    "pct1ResTime" : 713.6,
    "pct2ResTime" : 744.9999999999999,
    "pct3ResTime" : 759.0,
    "throughput" : 0.806307113420534,
    "receivedKBytesPerSec" : 16.933470097578095,
    "sentKBytesPerSec" : 0.45276034200860066
  },
  "/mathjax.codeforces.org/jax/output/HTML-CSS/fonts/TeX/fontdata.js-295" : {
    "transaction" : "/mathjax.codeforces.org/jax/output/HTML-CSS/fonts/TeX/fontdata.js-295",
    "sampleCount" : 100,
    "errorCount" : 0,
    "errorPct" : 0.0,
    "meanResTime" : 89.21000000000004,
    "medianResTime" : 94.5,
    "minResTime" : 23.0,
    "maxResTime" : 126.0,
    "pct1ResTime" : 101.9,
    "pct2ResTime" : 105.94999999999999,
    "pct3ResTime" : 125.91999999999996,
    "throughput" : 1.0031197022740725,
    "receivedKBytesPerSec" : 15.050175185451756,
    "sentKBytesPerSec" : 0.42123190622837026
  },
  "/gtag/js-209" : {
    "transaction" : "/gtag/js-209",
    "sampleCount" : 100,
    "errorCount" : 100,
    "errorPct" : 100.0,
    "meanResTime" : 323.2799999999999,
    "medianResTime" : 318.5,
    "minResTime" : 288.0,
    "maxResTime" : 383.0,
    "pct1ResTime" : 358.0,
    "pct2ResTime" : 374.95,
    "pct3ResTime" : 382.99,
    "throughput" : 1.006248805079544,
    "receivedKBytesPerSec" : 97.16931008751848,
    "sentKBytesPerSec" : 0.41763256070195914
  },
  "/predownloaded/34/de/34deed19c868273061c83a20c511df592f692e6a.png-256" : {
    "transaction" : "/predownloaded/34/de/34deed19c868273061c83a20c511df592f692e6a.png-256",
    "sampleCount" : 100,
    "errorCount" : 2,
    "errorPct" : 2.0,
    "meanResTime" : 94.92999999999999,
    "medianResTime" : 96.0,
    "minResTime" : 23.0,
    "maxResTime" : 355.0,
    "pct1ResTime" : 105.0,
    "pct2ResTime" : 110.84999999999997,
    "pct3ResTime" : 353.76999999999936,
    "throughput" : 1.0015423752578974,
    "receivedKBytesPerSec" : 23.10018365783306,
    "sentKBytesPerSec" : 0.493924706548084
  },
  "/data/contests-291-0" : {
    "transaction" : "/data/contests-291-0",
    "sampleCount" : 27,
    "errorCount" : 0,
    "errorPct" : 0.0,
    "meanResTime" : 306.37037037037044,
    "medianResTime" : 305.0,
    "minResTime" : 231.0,
    "maxResTime" : 424.0,
    "pct1ResTime" : 411.2,
    "pct2ResTime" : 420.79999999999995,
    "pct3ResTime" : 424.0,
    "throughput" : 0.8108838634111181,
    "receivedKBytesPerSec" : 0.7818189795627234,
    "sentKBytesPerSec" : 0.5456044745022075
  },
  "/s/18952/images/blog/tags.png-283" : {
    "transaction" : "/s/18952/images/blog/tags.png-283",
    "sampleCount" : 100,
    "errorCount" : 0,
    "errorPct" : 0.0,
    "meanResTime" : 80.86000000000001,
    "medianResTime" : 88.0,
    "minResTime" : 12.0,
    "maxResTime" : 110.0,
    "pct1ResTime" : 93.0,
    "pct2ResTime" : 94.0,
    "pct3ResTime" : 109.97999999999999,
    "throughput" : 0.9934827531394054,
    "receivedKBytesPerSec" : 1.2909842682006039,
    "sentKBytesPerSec" : 0.4540526645207439
  },
  "/s/18952/css/font-awesome.min.css-199" : {
    "transaction" : "/s/18952/css/font-awesome.min.css-199",
    "sampleCount" : 100,
    "errorCount" : 90,
    "errorPct" : 90.0,
    "meanResTime" : 244.67999999999998,
    "medianResTime" : 256.0,
    "minResTime" : 32.0,
    "maxResTime" : 1266.0,
    "pct1ResTime" : 273.8,
    "pct2ResTime" : 281.79999999999995,
    "pct3ResTime" : 1256.5899999999951,
    "throughput" : 1.010090807163564,
    "receivedKBytesPerSec" : 6.47204834105211,
    "sentKBytesPerSec" : 0.41232222401793917
  },
  "/s/18952/js/jquery.wysiwyg.js-231" : {
    "transaction" : "/s/18952/js/jquery.wysiwyg.js-231",
    "sampleCount" : 100,
    "errorCount" : 2,
    "errorPct" : 2.0,
    "meanResTime" : 87.29999999999998,
    "medianResTime" : 90.0,
    "minResTime" : 13.0,
    "maxResTime" : 324.0,
    "pct1ResTime" : 97.9,
    "pct2ResTime" : 112.84999999999997,
    "pct3ResTime" : 322.6499999999993,
    "throughput" : 1.0054394273017022,
    "receivedKBytesPerSec" : 14.726957999024723,
    "sentKBytesPerSec" : 0.3927497762897274
  },
  "/predownloaded/fa/53/fa53c0f542e82f0f8f11dd4ed7b3c70ab949eef8.jpeg-260" : {
    "transaction" : "/predownloaded/fa/53/fa53c0f542e82f0f8f11dd4ed7b3c70ab949eef8.jpeg-260",
    "sampleCount" : 100,
    "errorCount" : 90,
    "errorPct" : 90.0,
    "meanResTime" : 173.83999999999997,
    "medianResTime" : 185.0,
    "minResTime" : 41.0,
    "maxResTime" : 231.0,
    "pct1ResTime" : 200.9,
    "pct2ResTime" : 209.89999999999998,
    "pct3ResTime" : 230.87999999999994,
    "throughput" : 1.0,
    "receivedKBytesPerSec" : 247.44576171875,
    "sentKBytesPerSec" : 0.494140625
  },
  "/mathjax.codeforces.org/MathJax.js-197" : {
    "transaction" : "/mathjax.codeforces.org/MathJax.js-197",
    "sampleCount" : 100,
    "errorCount" : 0,
    "errorPct" : 0.0,
    "meanResTime" : 89.90999999999998,
    "medianResTime" : 95.5,
    "minResTime" : 22.0,
    "maxResTime" : 128.0,
    "pct1ResTime" : 103.9,
    "pct2ResTime" : 106.0,
    "pct3ResTime" : 127.8099999999999,
    "throughput" : 1.0132533538686013,
    "receivedKBytesPerSec" : 20.814628386166053,
    "sentKBytesPerSec" : 0.4116341750091193
  },
  "/s/18952/css/line-awesome.min.css-217" : {
    "transaction" : "/s/18952/css/line-awesome.min.css-217",
    "sampleCount" : 100,
    "errorCount" : 1,
    "errorPct" : 1.0,
    "meanResTime" : 84.46,
    "medianResTime" : 90.0,
    "minResTime" : 14.0,
    "maxResTime" : 181.0,
    "pct1ResTime" : 96.9,
    "pct2ResTime" : 99.94999999999999,
    "pct3ResTime" : 180.48999999999972,
    "throughput" : 1.0068262821932705,
    "receivedKBytesPerSec" : 17.916857150857815,
    "sentKBytesPerSec" : 0.4109896347234248
  },
  "/mathjax.codeforces.org/config/TeX-AMS_HTML-full.js-233" : {
    "transaction" : "/mathjax.codeforces.org/config/TeX-AMS_HTML-full.js-233",
    "sampleCount" : 100,
    "errorCount" : 2,
    "errorPct" : 2.0,
    "meanResTime" : 102.96,
    "medianResTime" : 103.0,
    "minResTime" : 28.0,
    "maxResTime" : 414.0,
    "pct1ResTime" : 118.70000000000002,
    "pct2ResTime" : 123.94999999999999,
    "pct3ResTime" : 412.95999999999947,
    "throughput" : 1.0060868252930226,
    "receivedKBytesPerSec" : 94.78446161778761,
    "sentKBytesPerSec" : 0.4087227727752905
  },
  "/s/18952/js/jquery-1.8.3.js-214" : {
    "transaction" : "/s/18952/js/jquery-1.8.3.js-214",
    "sampleCount" : 100,
    "errorCount" : 0,
    "errorPct" : 0.0,
    "meanResTime" : 90.86000000000001,
    "medianResTime" : 97.0,
    "minResTime" : 20.0,
    "maxResTime" : 118.0,
    "pct1ResTime" : 104.9,
    "pct2ResTime" : 110.79999999999995,
    "pct3ResTime" : 117.97999999999999,
    "throughput" : 1.008654253494987,
    "receivedKBytesPerSec" : 83.28195172391621,
    "sentKBytesPerSec" : 0.3920355399326219
  },
  "/s/18952/js/clipboard.min.js-243" : {
    "transaction" : "/s/18952/js/clipboard.min.js-243",
    "sampleCount" : 100,
    "errorCount" : 0,
    "errorPct" : 0.0,
    "meanResTime" : 81.17999999999998,
    "medianResTime" : 88.0,
    "minResTime" : 12.0,
    "maxResTime" : 132.0,
    "pct1ResTime" : 93.0,
    "pct2ResTime" : 97.0,
    "pct3ResTime" : 131.67999999999984,
    "throughput" : 1.004853442125466,
    "receivedKBytesPerSec" : 4.43347422739331,
    "sentKBytesPerSec" : 0.39153957364068454
  },
  "/data/contests-288-0" : {
    "transaction" : "/data/contests-288-0",
    "sampleCount" : 27,
    "errorCount" : 0,
    "errorPct" : 0.0,
    "meanResTime" : 299.3333333333333,
    "medianResTime" : 301.0,
    "minResTime" : 229.0,
    "maxResTime" : 545.0,
    "pct1ResTime" : 397.2,
    "pct2ResTime" : 495.7999999999997,
    "pct3ResTime" : 545.0,
    "throughput" : 0.8403361344537815,
    "receivedKBytesPerSec" : 0.8105195203081231,
    "sentKBytesPerSec" : 0.565421481092437
  },
  "/s/18952/images/blog/user_16x16.png-263" : {
    "transaction" : "/s/18952/images/blog/user_16x16.png-263",
    "sampleCount" : 100,
    "errorCount" : 0,
    "errorPct" : 0.0,
    "meanResTime" : 80.71000000000001,
    "medianResTime" : 88.0,
    "minResTime" : 11.0,
    "maxResTime" : 112.0,
    "pct1ResTime" : 94.0,
    "pct2ResTime" : 96.94999999999999,
    "pct3ResTime" : 111.91999999999996,
    "throughput" : 0.9987814865863646,
    "receivedKBytesPerSec" : 1.3046778243043486,
    "sentKBytesPerSec" : 0.46232658656439146
  },
  "/s/18952/css/community.css-221" : {
    "transaction" : "/s/18952/css/community.css-221",
    "sampleCount" : 100,
    "errorCount" : 0,
    "errorPct" : 0.0,
    "meanResTime" : 80.87999999999995,
    "medianResTime" : 87.5,
    "minResTime" : 12.0,
    "maxResTime" : 125.0,
    "pct1ResTime" : 94.0,
    "pct2ResTime" : 98.0,
    "pct3ResTime" : 124.81999999999991,
    "throughput" : 1.006664116450905,
    "receivedKBytesPerSec" : 1.3626437484900038,
    "sentKBytesPerSec" : 0.40404194517707226
  },
  "/data/contests-288-1" : {
    "transaction" : "/data/contests-288-1",
    "sampleCount" : 27,
    "errorCount" : 3,
    "errorPct" : 11.111111,
    "meanResTime" : 427.96296296296293,
    "medianResTime" : 336.0,
    "minResTime" : 243.0,
    "maxResTime" : 998.0,
    "pct1ResTime" : 707.2,
    "pct2ResTime" : 886.7999999999994,
    "pct3ResTime" : 998.0,
    "throughput" : 0.8385353582409392,
    "receivedKBytesPerSec" : 20.00444258750272,
    "sentKBytesPerSec" : 0.47085725682474616
  },
  "/beacon.min.js/vcd15cbe7772f49c399c6a5babf22c1241717689176015-218" : {
    "transaction" : "/beacon.min.js/vcd15cbe7772f49c399c6a5babf22c1241717689176015-218",
    "sampleCount" : 100,
    "errorCount" : 14,
    "errorPct" : 14.0,
    "meanResTime" : 65.32999999999996,
    "medianResTime" : 34.0,
    "minResTime" : 25.0,
    "maxResTime" : 275.0,
    "pct1ResTime" : 239.0,
    "pct2ResTime" : 261.79999999999995,
    "pct3ResTime" : 274.90999999999997,
    "throughput" : 1.007252215954875,
    "receivedKBytesPerSec" : 7.209525773066075,
    "sentKBytesPerSec" : 0.4534602261281225
  },
  "/data/contests-280-0" : {
    "transaction" : "/data/contests-280-0",
    "sampleCount" : 28,
    "errorCount" : 0,
    "errorPct" : 0.0,
    "meanResTime" : 309.71428571428567,
    "medianResTime" : 301.5,
    "minResTime" : 226.0,
    "maxResTime" : 511.0,
    "pct1ResTime" : 385.80000000000007,
    "pct2ResTime" : 474.0999999999998,
    "pct3ResTime" : 511.0,
    "throughput" : 0.7904022582921666,
    "receivedKBytesPerSec" : 0.7637449276640791,
    "sentKBytesPerSec" : 0.5318233944954129
  },
  "/s/18952/css/table-form.css-205" : {
    "transaction" : "/s/18952/css/table-form.css-205",
    "sampleCount" : 100,
    "errorCount" : 0,
    "errorPct" : 0.0,
    "meanResTime" : 81.39000000000003,
    "medianResTime" : 87.0,
    "minResTime" : 14.0,
    "maxResTime" : 111.0,
    "pct1ResTime" : 95.0,
    "pct2ResTime" : 98.94999999999999,
    "pct3ResTime" : 110.90999999999995,
    "throughput" : 1.0118999433336031,
    "receivedKBytesPerSec" : 1.3046493165880757,
    "sentKBytesPerSec" : 0.4071316178256294
  },
  "/data/contests-280-1" : {
    "transaction" : "/data/contests-280-1",
    "sampleCount" : 28,
    "errorCount" : 7,
    "errorPct" : 25.0,
    "meanResTime" : 423.1428571428571,
    "medianResTime" : 335.0,
    "minResTime" : 220.0,
    "maxResTime" : 967.0,
    "pct1ResTime" : 767.2000000000003,
    "pct2ResTime" : 942.6999999999998,
    "pct3ResTime" : 967.0,
    "throughput" : 0.7943037076962356,
    "receivedKBytesPerSec" : 16.101687496454,
    "sentKBytesPerSec" : 0.4460201483645854
  },
  "/s/18952/js/preparedVerdictFormats-en.js-249" : {
    "transaction" : "/s/18952/js/preparedVerdictFormats-en.js-249",
    "sampleCount" : 100,
    "errorCount" : 0,
    "errorPct" : 0.0,
    "meanResTime" : 82.06000000000004,
    "medianResTime" : 88.5,
    "minResTime" : 13.0,
    "maxResTime" : 103.0,
    "pct1ResTime" : 96.0,
    "pct2ResTime" : 99.0,
    "pct3ResTime" : 102.99,
    "throughput" : 1.0044799807139844,
    "receivedKBytesPerSec" : 5.633013866846134,
    "sentKBytesPerSec" : 0.40316530475922613
  },
  "/s/18952/images/icons/paperclip-16x16.png-264" : {
    "transaction" : "/s/18952/images/icons/paperclip-16x16.png-264",
    "sampleCount" : 100,
    "errorCount" : 0,
    "errorPct" : 0.0,
    "meanResTime" : 80.94999999999999,
    "medianResTime" : 88.0,
    "minResTime" : 12.0,
    "maxResTime" : 118.0,
    "pct1ResTime" : 95.0,
    "pct2ResTime" : 97.0,
    "pct3ResTime" : 117.82999999999991,
    "throughput" : 0.9984623679533519,
    "receivedKBytesPerSec" : 1.7757906729885977,
    "sentKBytesPerSec" : 0.4680292349781337
  },
  "/-191" : {
    "transaction" : "/-191",
    "sampleCount" : 100,
    "errorCount" : 100,
    "errorPct" : 100.0,
    "meanResTime" : 850.75,
    "medianResTime" : 834.5,
    "minResTime" : 310.0,
    "maxResTime" : 2059.0,
    "pct1ResTime" : 1075.5,
    "pct2ResTime" : 1286.6499999999992,
    "pct3ResTime" : 2052.0999999999967,
    "throughput" : 1.008074678172159,
    "receivedKBytesPerSec" : 13.795649637975181,
    "sentKBytesPerSec" : 0.5788553816066694
  },
  "/images/icons/cup.png-296" : {
    "transaction" : "/images/icons/cup.png-296",
    "sampleCount" : 100,
    "errorCount" : 100,
    "errorPct" : 100.0,
    "meanResTime" : 962.4600000000002,
    "medianResTime" : 962.5,
    "minResTime" : 942.0,
    "maxResTime" : 989.0,
    "pct1ResTime" : 974.0,
    "pct2ResTime" : 977.95,
    "pct3ResTime" : 989.0,
    "throughput" : 0.9907169818797864,
    "receivedKBytesPerSec" : 1.057474278510358,
    "sentKBytesPerSec" : 0.44698363830904425
  },
  "/-192" : {
    "transaction" : "/-192",
    "sampleCount" : 100,
    "errorCount" : 100,
    "errorPct" : 100.0,
    "meanResTime" : 357.5699999999999,
    "medianResTime" : 319.5,
    "minResTime" : 248.0,
    "maxResTime" : 1110.0,
    "pct1ResTime" : 523.8000000000002,
    "pct2ResTime" : 591.6999999999997,
    "pct3ResTime" : 1107.1599999999985,
    "throughput" : 1.0097440298884233,
    "receivedKBytesPerSec" : 13.566404080628061,
    "sentKBytesPerSec" : 0.37470969859140707
  },
  "/g/collect?v=2&tid=G-CDRWKZTDEX&gtm=45je4cc1v892315079za200&_p=1734515036467&gcd=13l3l3l3l1l1&npa=0&dma=0&tag_exp=101925629~102067555~102067808~102081485~102198178&cid=999762296.1734513656&ul=en-us&sr=1536x864&frm=1&pscdl=noapi&_eu=AEA&_s=2&uid=&sid=1734513655&sct=1&seg=1&dl=https%3A%2F%2Fleetcode.com%2Fplayground%2FUpwhGDg6%2Fshared&dr=https%3A%2F%2Fleetcode.com%2F&dt=Shared%20-%20LeetCode%20Playground&en=scroll&epn.percent_scrolled=90&tfd=8095-177" : {
    "transaction" : "/g/collect?v=2&tid=G-CDRWKZTDEX&gtm=45je4cc1v892315079za200&_p=1734515036467&gcd=13l3l3l3l1l1&npa=0&dma=0&tag_exp=101925629~102067555~102067808~102081485~102198178&cid=999762296.1734513656&ul=en-us&sr=1536x864&frm=1&pscdl=noapi&_eu=AEA&_s=2&uid=&sid=1734513655&sct=1&seg=1&dl=https%3A%2F%2Fleetcode.com%2Fplayground%2FUpwhGDg6%2Fshared&dr=https%3A%2F%2Fleetcode.com%2F&dt=Shared%20-%20LeetCode%20Playground&en=scroll&epn.percent_scrolled=90&tfd=8095-177",
    "sampleCount" : 100,
    "errorCount" : 100,
    "errorPct" : 100.0,
    "meanResTime" : 185.11000000000004,
    "medianResTime" : 179.0,
    "minResTime" : 171.0,
    "maxResTime" : 636.0,
    "pct1ResTime" : 187.8,
    "pct2ResTime" : 198.95,
    "pct3ResTime" : 631.8799999999978,
    "throughput" : 1.013859458801821,
    "receivedKBytesPerSec" : 0.8158400332545903,
    "sentKBytesPerSec" : 0.9702951851814302
  },
  "/s/18952/css/topic.css-206" : {
    "transaction" : "/s/18952/css/topic.css-206",
    "sampleCount" : 100,
    "errorCount" : 0,
    "errorPct" : 0.0,
    "meanResTime" : 81.38000000000001,
    "medianResTime" : 88.5,
    "minResTime" : 12.0,
    "maxResTime" : 114.0,
    "pct1ResTime" : 93.9,
    "pct2ResTime" : 94.94999999999999,
    "pct3ResTime" : 113.86999999999993,
    "throughput" : 1.0118589873315254,
    "receivedKBytesPerSec" : 1.712778846202493,
    "sentKBytesPerSec" : 0.4021744217225887
  },
  "/s/18952/css/jquery.jgrowl.css-207" : {
    "transaction" : "/s/18952/css/jquery.jgrowl.css-207",
    "sampleCount" : 100,
    "errorCount" : 0,
    "errorPct" : 0.0,
    "meanResTime" : 81.14999999999999,
    "medianResTime" : 88.0,
    "minResTime" : 13.0,
    "maxResTime" : 97.0,
    "pct1ResTime" : 94.0,
    "pct2ResTime" : 95.94999999999999,
    "pct3ResTime" : 97.0,
    "throughput" : 1.0118180346446497,
    "receivedKBytesPerSec" : 1.8129032252964628,
    "sentKBytesPerSec" : 0.4100629730249312
  },
  "/service-worker-18952.js-268" : {
    "transaction" : "/service-worker-18952.js-268",
    "sampleCount" : 100,
    "errorCount" : 0,
    "errorPct" : 0.0,
    "meanResTime" : 87.39999999999999,
    "medianResTime" : 93.0,
    "minResTime" : 18.0,
    "maxResTime" : 126.0,
    "pct1ResTime" : 101.0,
    "pct2ResTime" : 103.94999999999999,
    "pct3ResTime" : 125.93999999999997,
    "throughput" : 0.9996301368493656,
    "receivedKBytesPerSec" : 2.1409949412467384,
    "sentKBytesPerSec" : 0.42952857442746184
  },
  "/cdn-cgi/challenge-platform/scripts/jsd/main.js-294" : {
    "transaction" : "/cdn-cgi/challenge-platform/scripts/jsd/main.js-294",
    "sampleCount" : 100,
    "errorCount" : 90,
    "errorPct" : 90.0,
    "meanResTime" : 159.12,
    "medianResTime" : 172.0,
    "minResTime" : 21.0,
    "maxResTime" : 204.0,
    "pct1ResTime" : 188.0,
    "pct2ResTime" : 190.0,
    "pct3ResTime" : 203.89999999999995,
    "throughput" : 1.0026168299261071,
    "receivedKBytesPerSec" : 5.834857885330713,
    "sentKBytesPerSec" : 0.7421714424648331
  },
  "/s/18952/images/icons/control-270.png-286" : {
    "transaction" : "/s/18952/images/icons/control-270.png-286",
    "sampleCount" : 100,
    "errorCount" : 0,
    "errorPct" : 0.0,
    "meanResTime" : 80.45000000000002,
    "medianResTime" : 87.0,
    "minResTime" : 11.0,
    "maxResTime" : 99.0,
    "pct1ResTime" : 92.0,
    "pct2ResTime" : 94.94999999999999,
    "pct3ResTime" : 98.99,
    "throughput" : 0.9918273426961836,
    "receivedKBytesPerSec" : 1.3014828128719353,
    "sentKBytesPerSec" : 0.46104474133142903
  },
  "/data/contests-292-0" : {
    "transaction" : "/data/contests-292-0",
    "sampleCount" : 20,
    "errorCount" : 0,
    "errorPct" : 0.0,
    "meanResTime" : 353.65,
    "medianResTime" : 307.5,
    "minResTime" : 232.0,
    "maxResTime" : 601.0,
    "pct1ResTime" : 567.0000000000001,
    "pct2ResTime" : 599.5,
    "pct3ResTime" : 601.0,
    "throughput" : 0.6448076861076184,
    "receivedKBytesPerSec" : 0.6227998456491601,
    "sentKBytesPerSec" : 0.4338598591095206
  },
  "/data/contests-292-1" : {
    "transaction" : "/data/contests-292-1",
    "sampleCount" : 20,
    "errorCount" : 4,
    "errorPct" : 20.0,
    "meanResTime" : 457.15000000000003,
    "medianResTime" : 465.5,
    "minResTime" : 261.0,
    "maxResTime" : 728.0,
    "pct1ResTime" : 720.2,
    "pct2ResTime" : 727.65,
    "pct3ResTime" : 728.0,
    "throughput" : 0.6391614202166758,
    "receivedKBytesPerSec" : 13.800581137547537,
    "sentKBytesPerSec" : 0.35890411779744974
  },
  "/s/18952/css/roundbox.css-203" : {
    "transaction" : "/s/18952/css/roundbox.css-203",
    "sampleCount" : 100,
    "errorCount" : 1,
    "errorPct" : 1.0,
    "meanResTime" : 82.29,
    "medianResTime" : 88.0,
    "minResTime" : 12.0,
    "maxResTime" : 167.0,
    "pct1ResTime" : 93.9,
    "pct2ResTime" : 96.0,
    "pct3ResTime" : 166.70999999999987,
    "throughput" : 1.0120330732408336,
    "receivedKBytesPerSec" : 1.5584716339779983,
    "sentKBytesPerSec" : 0.4052085547155681
  },
  "/predownloaded/04/7e/047e0b1bcd70ccaa3d6e77f5960774998a58f05a.png-259" : {
    "transaction" : "/predownloaded/04/7e/047e0b1bcd70ccaa3d6e77f5960774998a58f05a.png-259",
    "sampleCount" : 100,
    "errorCount" : 0,
    "errorPct" : 0.0,
    "meanResTime" : 87.07000000000005,
    "medianResTime" : 93.5,
    "minResTime" : 16.0,
    "maxResTime" : 124.0,
    "pct1ResTime" : 100.0,
    "pct2ResTime" : 103.94999999999999,
    "pct3ResTime" : 123.89999999999995,
    "throughput" : 1.002445968162316,
    "receivedKBytesPerSec" : 3.0820612450629534,
    "sentKBytesPerSec" : 0.49437032609567344
  },
  "/s/18952/js/confetti.min.js-250" : {
    "transaction" : "/s/18952/js/confetti.min.js-250",
    "sampleCount" : 100,
    "errorCount" : 0,
    "errorPct" : 0.0,
    "meanResTime" : 82.26000000000002,
    "medianResTime" : 89.0,
    "minResTime" : 13.0,
    "maxResTime" : 109.0,
    "pct1ResTime" : 96.0,
    "pct2ResTime" : 100.79999999999995,
    "pct3ResTime" : 108.99,
    "throughput" : 1.0043790928448033,
    "receivedKBytesPerSec" : 2.43861085897011,
    "sentKBytesPerSec" : 0.39037390522678883
  },
  "/s/18952/css/facebox.css-208" : {
    "transaction" : "/s/18952/css/facebox.css-208",
    "sampleCount" : 100,
    "errorCount" : 0,
    "errorPct" : 0.0,
    "meanResTime" : 81.86000000000001,
    "medianResTime" : 89.0,
    "minResTime" : 12.0,
    "maxResTime" : 103.0,
    "pct1ResTime" : 96.0,
    "pct2ResTime" : 97.0,
    "pct3ResTime" : 102.99,
    "throughput" : 1.0118282725055903,
    "receivedKBytesPerSec" : 1.4650858378191054,
    "sentKBytesPerSec" : 0.4041384408738149
  },
  "/s/18952/js/EventCatcher.js-248" : {
    "transaction" : "/s/18952/js/EventCatcher.js-248",
    "sampleCount" : 100,
    "errorCount" : 0,
    "errorPct" : 0.0,
    "meanResTime" : 80.82000000000002,
    "medianResTime" : 88.5,
    "minResTime" : 13.0,
    "maxResTime" : 100.0,
    "pct1ResTime" : 93.0,
    "pct2ResTime" : 94.89999999999998,
    "pct3ResTime" : 99.97999999999999,
    "throughput" : 1.0045707971269275,
    "receivedKBytesPerSec" : 1.7881556394093123,
    "sentKBytesPerSec" : 0.40123970314932944
  },
  "/s/18952/images/icons/control.png-287" : {
    "transaction" : "/s/18952/images/icons/control.png-287",
    "sampleCount" : 100,
    "errorCount" : 0,
    "errorPct" : 0.0,
    "meanResTime" : 80.95,
    "medianResTime" : 88.0,
    "minResTime" : 12.0,
    "maxResTime" : 100.0,
    "pct1ResTime" : 95.0,
    "pct2ResTime" : 95.94999999999999,
    "pct3ResTime" : 99.96999999999998,
    "throughput" : 0.9942729875914731,
    "receivedKBytesPerSec" : 1.3614257657144846,
    "sentKBytesPerSec" : 0.45829770521794466
  },
  "/s/18952/css/colorbox.css-219" : {
    "transaction" : "/s/18952/css/colorbox.css-219",
    "sampleCount" : 100,
    "errorCount" : 0,
    "errorPct" : 0.0,
    "meanResTime" : 81.17000000000003,
    "medianResTime" : 88.0,
    "minResTime" : 11.0,
    "maxResTime" : 105.0,
    "pct1ResTime" : 94.9,
    "pct2ResTime" : 96.94999999999999,
    "pct3ResTime" : 104.97999999999999,
    "throughput" : 1.0067857358596943,
    "receivedKBytesPerSec" : 2.291312587464511,
    "sentKBytesPerSec" : 0.40310757002194797
  },
  "/s/18952/images/actions/voteup.png-278" : {
    "transaction" : "/s/18952/images/actions/voteup.png-278",
    "sampleCount" : 100,
    "errorCount" : 0,
    "errorPct" : 0.0,
    "meanResTime" : 81.35,
    "medianResTime" : 88.0,
    "minResTime" : 12.0,
    "maxResTime" : 111.0,
    "pct1ResTime" : 93.0,
    "pct2ResTime" : 95.0,
    "pct3ResTime" : 110.91999999999996,
    "throughput" : 0.9977152321184487,
    "receivedKBytesPerSec" : 1.6688541053487513,
    "sentKBytesPerSec" : 0.46085869608596314
  },
  "/data/contests-289-1" : {
    "transaction" : "/data/contests-289-1",
    "sampleCount" : 25,
    "errorCount" : 5,
    "errorPct" : 20.0,
    "meanResTime" : 433.08,
    "medianResTime" : 330.0,
    "minResTime" : 246.0,
    "maxResTime" : 1063.0,
    "pct1ResTime" : 731.2,
    "pct2ResTime" : 965.7999999999997,
    "pct3ResTime" : 1063.0,
    "throughput" : 0.7203780544029507,
    "receivedKBytesPerSec" : 15.537766719974643,
    "sentKBytesPerSec" : 0.4045091614079069
  },
  "/data/contests-289-0" : {
    "transaction" : "/data/contests-289-0",
    "sampleCount" : 25,
    "errorCount" : 0,
    "errorPct" : 0.0,
    "meanResTime" : 337.04,
    "medianResTime" : 307.0,
    "minResTime" : 233.0,
    "maxResTime" : 712.0,
    "pct1ResTime" : 539.0000000000005,
    "pct2ResTime" : 697.0,
    "pct3ResTime" : 712.0,
    "throughput" : 0.7235052381779243,
    "receivedKBytesPerSec" : 0.6981260309949644,
    "sentKBytesPerSec" : 0.4868116299849511
  },
  "/s/18952/images/icons/hourglass.png-277" : {
    "transaction" : "/s/18952/images/icons/hourglass.png-277",
    "sampleCount" : 100,
    "errorCount" : 0,
    "errorPct" : 0.0,
    "meanResTime" : 81.28000000000003,
    "medianResTime" : 88.0,
    "minResTime" : 12.0,
    "maxResTime" : 115.0,
    "pct1ResTime" : 94.0,
    "pct2ResTime" : 96.94999999999999,
    "pct3ResTime" : 114.93999999999997,
    "throughput" : 0.9979442348761551,
    "receivedKBytesPerSec" : 1.2851260777797737,
    "sentKBytesPerSec" : 0.4619390305969702
  },
  "/s/18952/images/search-16x16.png-285" : {
    "transaction" : "/s/18952/images/search-16x16.png-285",
    "sampleCount" : 100,
    "errorCount" : 0,
    "errorPct" : 0.0,
    "meanResTime" : 81.06000000000003,
    "medianResTime" : 87.5,
    "minResTime" : 13.0,
    "maxResTime" : 121.0,
    "pct1ResTime" : 93.9,
    "pct2ResTime" : 96.94999999999999,
    "pct3ResTime" : 120.83999999999992,
    "throughput" : 0.9916306374201738,
    "receivedKBytesPerSec" : 1.791413671735552,
    "sentKBytesPerSec" : 0.47741592211732975
  },
  "Total" : {
    "transaction" : "Total",
    "sampleCount" : 13030,
    "errorCount" : 3559,
    "errorPct" : 27.31389,
    "meanResTime" : 186.35909439754394,
    "medianResTime" : 93.0,
    "minResTime" : 9.0,
    "maxResTime" : 2655.0,
    "pct1ResTime" : 376.0,
    "pct2ResTime" : 612.0,
    "pct3ResTime" : 1075.6900000000005,
    "throughput" : 107.13081799271542,
    "receivedKBytesPerSec" : 1086.9660513033703,
    "sentKBytesPerSec" : 54.81632785329327
  },
  "/data/contests-281-1" : {
    "transaction" : "/data/contests-281-1",
    "sampleCount" : 33,
    "errorCount" : 6,
    "errorPct" : 18.181818,
    "meanResTime" : 483.6363636363637,
    "medianResTime" : 330.0,
    "minResTime" : 222.0,
    "maxResTime" : 2349.0,
    "pct1ResTime" : 718.2,
    "pct2ResTime" : 1275.8999999999955,
    "pct3ResTime" : 2349.0,
    "throughput" : 0.8861915247865084,
    "receivedKBytesPerSec" : 19.528496386419786,
    "sentKBytesPerSec" : 0.4976173112814867
  },
  "/s/cuprum/v25/dg45_pLmvrkcOkBnKsOzXyGWTBcmg-X6VjvYJw.woff2-271" : {
    "transaction" : "/s/cuprum/v25/dg45_pLmvrkcOkBnKsOzXyGWTBcmg-X6VjvYJw.woff2-271",
    "sampleCount" : 100,
    "errorCount" : 100,
    "errorPct" : 100.0,
    "meanResTime" : 283.65,
    "medianResTime" : 278.0,
    "minResTime" : 264.0,
    "maxResTime" : 463.0,
    "pct1ResTime" : 308.70000000000005,
    "pct2ResTime" : 318.9,
    "pct3ResTime" : 461.92999999999944,
    "throughput" : 0.9913357257568848,
    "receivedKBytesPerSec" : 9.808802317742927,
    "sentKBytesPerSec" : 0.48211444475286
  },
  "/data/contests-281-0" : {
    "transaction" : "/data/contests-281-0",
    "sampleCount" : 33,
    "errorCount" : 0,
    "errorPct" : 0.0,
    "meanResTime" : 310.99999999999994,
    "medianResTime" : 300.0,
    "minResTime" : 232.0,
    "maxResTime" : 568.0,
    "pct1ResTime" : 413.0,
    "pct2ResTime" : 520.3999999999999,
    "pct3ResTime" : 568.0,
    "throughput" : 0.8959113862192539,
    "receivedKBytesPerSec" : 0.8656871029483628,
    "sentKBytesPerSec" : 0.6028153760791659
  },
  "/s/18952/markitup/skins/markitup/style.css-251" : {
    "transaction" : "/s/18952/markitup/skins/markitup/style.css-251",
    "sampleCount" : 100,
    "errorCount" : 1,
    "errorPct" : 1.0,
    "meanResTime" : 84.46000000000002,
    "medianResTime" : 89.0,
    "minResTime" : 13.0,
    "maxResTime" : 259.0,
    "pct1ResTime" : 95.0,
    "pct2ResTime" : 99.89999999999998,
    "pct3ResTime" : 257.69999999999936,
    "throughput" : 1.004429534246025,
    "receivedKBytesPerSec" : 2.1255553396729576,
    "sentKBytesPerSec" : 0.4188392686748561
  }
}