{
  "/cdn-cgi/rum?-378" : {
    "transaction" : "/cdn-cgi/rum?-378",
    "sampleCount" : 100,
    "errorCount" : 70,
    "errorPct" : 70.0,
    "meanResTime" : 196.0600000000001,
    "medianResTime" : 231.0,
    "minResTime" : 76.0,
    "maxResTime" : 283.0,
    "pct1ResTime" : 260.8,
    "pct2ResTime" : 266.0,
    "pct3ResTime" : 282.92999999999995,
    "throughput" : 0.9923194474765317,
    "receivedKBytesPerSec" : 0.36630542104114155,
    "sentKBytesPerSec" : 1.7695071397384246
  },
  "/ajax/libs/jquery/3.5.1/jquery.min.js-375" : {
    "transaction" : "/ajax/libs/jquery/3.5.1/jquery.min.js-375",
    "sampleCount" : 100,
    "errorCount" : 100,
    "errorPct" : 100.0,
    "meanResTime" : 288.9100000000002,
    "medianResTime" : 283.0,
    "minResTime" : 267.0,
    "maxResTime" : 502.0,
    "pct1ResTime" : 303.9,
    "pct2ResTime" : 330.84999999999974,
    "pct3ResTime" : 500.5999999999993,
    "throughput" : 0.9903147220186574,
    "receivedKBytesPerSec" : 30.936696916655116,
    "sentKBytesPerSec" : 0.4013482515993583
  },
  "/images/home/saqibyounis.png-335" : {
    "transaction" : "/images/home/saqibyounis.png-335",
    "sampleCount" : 100,
    "errorCount" : 92,
    "errorPct" : 92.0,
    "meanResTime" : 202.11999999999998,
    "medianResTime" : 234.0,
    "minResTime" : 79.0,
    "maxResTime" : 287.0,
    "pct1ResTime" : 264.9,
    "pct2ResTime" : 270.95,
    "pct3ResTime" : 286.91999999999996,
    "throughput" : 1.0155067886628821,
    "receivedKBytesPerSec" : 9.659274464827922,
    "sentKBytesPerSec" : 0.46610174870269006
  },
  "/cf-fonts/s/ibm-plex-mono/5.0.11/latin/400/normal.woff2-329" : {
    "transaction" : "/cf-fonts/s/ibm-plex-mono/5.0.11/latin/400/normal.woff2-329",
    "sampleCount" : 100,
    "errorCount" : 93,
    "errorPct" : 93.0,
    "meanResTime" : 230.98999999999995,
    "medianResTime" : 243.0,
    "minResTime" : 79.0,
    "maxResTime" : 1256.0,
    "pct1ResTime" : 268.9,
    "pct2ResTime" : 278.95,
    "pct3ResTime" : 1249.669999999997,
    "throughput" : 1.01433251848621,
    "receivedKBytesPerSec" : 12.631045025586538,
    "sentKBytesPerSec" : 0.4695250134399059
  },
  "/cdn-cgi/rum?-379" : {
    "transaction" : "/cdn-cgi/rum?-379",
    "sampleCount" : 100,
    "errorCount" : 0,
    "errorPct" : 0.0,
    "meanResTime" : 82.26999999999994,
    "medianResTime" : 83.0,
    "minResTime" : 74.0,
    "maxResTime" : 101.0,
    "pct1ResTime" : 88.0,
    "pct2ResTime" : 93.94999999999999,
    "pct3ResTime" : 100.99,
    "throughput" : 0.9925065753560618,
    "receivedKBytesPerSec" : 0.36637449754354623,
    "sentKBytesPerSec" : 1.2164021016326734
  },
  "/images/icons/dropdown-1-hover.svg-369" : {
    "transaction" : "/images/icons/dropdown-1-hover.svg-369",
    "sampleCount" : 100,
    "errorCount" : 95,
    "errorPct" : 95.0,
    "meanResTime" : 217.18999999999994,
    "medianResTime" : 241.0,
    "minResTime" : 80.0,
    "maxResTime" : 289.0,
    "pct1ResTime" : 265.9,
    "pct2ResTime" : 268.9,
    "pct3ResTime" : 288.92999999999995,
    "throughput" : 0.9926149448106091,
    "receivedKBytesPerSec" : 8.872048599048082,
    "sentKBytesPerSec" : 0.4614108532518066
  },
  "/images/icons/dropdown-1.svg-356" : {
    "transaction" : "/images/icons/dropdown-1.svg-356",
    "sampleCount" : 100,
    "errorCount" : 92,
    "errorPct" : 92.0,
    "meanResTime" : 201.04,
    "medianResTime" : 236.5,
    "minResTime" : 80.0,
    "maxResTime" : 282.0,
    "pct1ResTime" : 262.9,
    "pct2ResTime" : 266.95,
    "pct3ResTime" : 281.86999999999995,
    "throughput" : 1.000250062515629,
    "receivedKBytesPerSec" : 8.901893442110529,
    "sentKBytesPerSec" : 0.45909914978744687
  },
  "/images/home/gradient.svg-360" : {
    "transaction" : "/images/home/gradient.svg-360",
    "sampleCount" : 100,
    "errorCount" : 94,
    "errorPct" : 94.0,
    "meanResTime" : 203.79999999999998,
    "medianResTime" : 242.5,
    "minResTime" : 79.0,
    "maxResTime" : 275.0,
    "pct1ResTime" : 263.0,
    "pct2ResTime" : 267.95,
    "pct3ResTime" : 275.0,
    "throughput" : 0.9971183280319876,
    "receivedKBytesPerSec" : 9.146116551291767,
    "sentKBytesPerSec" : 0.4547404874911506
  },
  "/images/home/greeb_tick.svg-364" : {
    "transaction" : "/images/home/greeb_tick.svg-364",
    "sampleCount" : 100,
    "errorCount" : 95,
    "errorPct" : 95.0,
    "meanResTime" : 205.21999999999997,
    "medianResTime" : 237.0,
    "minResTime" : 80.0,
    "maxResTime" : 276.0,
    "pct1ResTime" : 261.0,
    "pct2ResTime" : 265.9,
    "pct3ResTime" : 276.0,
    "throughput" : 0.9954507898902017,
    "receivedKBytesPerSec" : 8.730900565664912,
    "sentKBytesPerSec" : 0.45592423872900845
  },
  "/images/self-learning/icons/sql-intermediate.svg-351" : {
    "transaction" : "/images/self-learning/icons/sql-intermediate.svg-351",
    "sampleCount" : 100,
    "errorCount" : 1,
    "errorPct" : 1.0,
    "meanResTime" : 92.97999999999999,
    "medianResTime" : 90.5,
    "minResTime" : 81.0,
    "maxResTime" : 408.0,
    "pct1ResTime" : 96.9,
    "pct2ResTime" : 98.0,
    "pct3ResTime" : 404.9899999999985,
    "throughput" : 1.0022048506714774,
    "receivedKBytesPerSec" : 1.6428623440318701,
    "sentKBytesPerSec" : 0.4795706804970936
  },
  "/em/libs/cryptojs/aes.js-324" : {
    "transaction" : "/em/libs/cryptojs/aes.js-324",
    "sampleCount" : 100,
    "errorCount" : 88,
    "errorPct" : 88.0,
    "meanResTime" : 196.93999999999997,
    "medianResTime" : 237.0,
    "minResTime" : 79.0,
    "maxResTime" : 276.0,
    "pct1ResTime" : 260.8,
    "pct2ResTime" : 262.0,
    "pct3ResTime" : 275.91999999999996,
    "throughput" : 1.0212001143744127,
    "receivedKBytesPerSec" : 9.94613009834157,
    "sentKBytesPerSec" : 0.398906294677505
  },
  "/sites/all/themes/abessive/css/modal.css-317" : {
    "transaction" : "/sites/all/themes/abessive/css/modal.css-317",
    "sampleCount" : 100,
    "errorCount" : 72,
    "errorPct" : 72.0,
    "meanResTime" : 88.93999999999997,
    "medianResTime" : 89.0,
    "minResTime" : 78.0,
    "maxResTime" : 104.0,
    "pct1ResTime" : 95.0,
    "pct2ResTime" : 99.89999999999998,
    "pct3ResTime" : 104.0,
    "throughput" : 1.0225680774697576,
    "receivedKBytesPerSec" : 10.138972194456658,
    "sentKBytesPerSec" : 0.42939870440624583
  },
  "/images/cc-logo-mobile-1.svg-366" : {
    "transaction" : "/images/cc-logo-mobile-1.svg-366",
    "sampleCount" : 100,
    "errorCount" : 97,
    "errorPct" : 97.0,
    "meanResTime" : 213.41999999999996,
    "medianResTime" : 238.0,
    "minResTime" : 80.0,
    "maxResTime" : 365.0,
    "pct1ResTime" : 263.0,
    "pct2ResTime" : 271.9,
    "pct3ResTime" : 364.10999999999956,
    "throughput" : 0.9937888198757764,
    "receivedKBytesPerSec" : 10.620254270186335,
    "sentKBytesPerSec" : 0.4561335403726708
  },
  "/cf-fonts/v/outfit/5.0.11/latin/wght/normal.woff2-321" : {
    "transaction" : "/cf-fonts/v/outfit/5.0.11/latin/wght/normal.woff2-321",
    "sampleCount" : 100,
    "errorCount" : 90,
    "errorPct" : 90.0,
    "meanResTime" : 211.23999999999995,
    "medianResTime" : 240.0,
    "minResTime" : 81.0,
    "maxResTime" : 280.0,
    "pct1ResTime" : 267.0,
    "pct2ResTime" : 270.0,
    "pct3ResTime" : 280.0,
    "throughput" : 1.0151768945738795,
    "receivedKBytesPerSec" : 17.269655966067713,
    "sentKBytesPerSec" : 0.4639675650982184
  },
  "/images/self-learning/icons/two-pointers.svg-349" : {
    "transaction" : "/images/self-learning/icons/two-pointers.svg-349",
    "sampleCount" : 100,
    "errorCount" : 0,
    "errorPct" : 0.0,
    "meanResTime" : 90.91999999999999,
    "medianResTime" : 92.0,
    "minResTime" : 81.0,
    "maxResTime" : 130.0,
    "pct1ResTime" : 96.9,
    "pct2ResTime" : 101.84999999999997,
    "pct3ResTime" : 129.7899999999999,
    "throughput" : 1.0024158221313366,
    "receivedKBytesPerSec" : 1.4798848819404766,
    "sentKBytesPerSec" : 0.4757559468318648
  },
  "/misc/jquery-popup-overlay/popupoverlay.css-318" : {
    "transaction" : "/misc/jquery-popup-overlay/popupoverlay.css-318",
    "sampleCount" : 100,
    "errorCount" : 88,
    "errorPct" : 88.0,
    "meanResTime" : 204.6,
    "medianResTime" : 238.0,
    "minResTime" : 80.0,
    "maxResTime" : 287.0,
    "pct1ResTime" : 265.9,
    "pct2ResTime" : 275.9,
    "pct3ResTime" : 286.95,
    "throughput" : 1.0225785340314135,
    "receivedKBytesPerSec" : 9.49324363189218,
    "sentKBytesPerSec" : 0.43239893089414266
  },
  "/images/home/pro_illustration.svg-338" : {
    "transaction" : "/images/home/pro_illustration.svg-338",
    "sampleCount" : 100,
    "errorCount" : 69,
    "errorPct" : 69.0,
    "meanResTime" : 90.07999999999998,
    "medianResTime" : 90.0,
    "minResTime" : 78.0,
    "maxResTime" : 115.0,
    "pct1ResTime" : 97.0,
    "pct2ResTime" : 99.0,
    "pct3ResTime" : 114.92999999999996,
    "throughput" : 1.0032706623592913,
    "receivedKBytesPerSec" : 8.607141311926881,
    "sentKBytesPerSec" : 0.46538434044986654
  },
  "/em/libs/common/common.js-327" : {
    "transaction" : "/em/libs/common/common.js-327",
    "sampleCount" : 100,
    "errorCount" : 90,
    "errorPct" : 90.0,
    "meanResTime" : 207.97000000000003,
    "medianResTime" : 235.0,
    "minResTime" : 79.0,
    "maxResTime" : 285.0,
    "pct1ResTime" : 266.0,
    "pct2ResTime" : 268.0,
    "pct3ResTime" : 284.87999999999994,
    "throughput" : 1.017956757196954,
    "receivedKBytesPerSec" : 10.442983764862168,
    "sentKBytesPerSec" : 0.43342690052526567
  },
  "/images/self-learning/icons/java.svg-341" : {
    "transaction" : "/images/self-learning/icons/java.svg-341",
    "sampleCount" : 100,
    "errorCount" : 0,
    "errorPct" : 0.0,
    "meanResTime" : 90.62000000000002,
    "medianResTime" : 92.0,
    "minResTime" : 81.0,
    "maxResTime" : 107.0,
    "pct1ResTime" : 96.0,
    "pct2ResTime" : 99.89999999999998,
    "pct3ResTime" : 106.95999999999998,
    "throughput" : 1.0030090270812437,
    "receivedKBytesPerSec" : 2.9940113308676026,
    "sentKBytesPerSec" : 0.4682014794383149
  },
  "/beacon.min.js/vcd15cbe7772f49c399c6a5babf22c1241717689176015-320" : {
    "transaction" : "/beacon.min.js/vcd15cbe7772f49c399c6a5babf22c1241717689176015-320",
    "sampleCount" : 100,
    "errorCount" : 5,
    "errorPct" : 5.0,
    "meanResTime" : 43.27999999999999,
    "medianResTime" : 30.5,
    "minResTime" : 21.0,
    "maxResTime" : 268.0,
    "pct1ResTime" : 48.80000000000001,
    "pct2ResTime" : 224.39999999999827,
    "pct3ResTime" : 267.6899999999998,
    "throughput" : 1.0232272587741738,
    "receivedKBytesPerSec" : 7.324718372684948,
    "sentKBytesPerSec" : 0.4646490970019441
  },
  "/optimize.js-367" : {
    "transaction" : "/optimize.js-367",
    "sampleCount" : 100,
    "errorCount" : 100,
    "errorPct" : 100.0,
    "meanResTime" : 508.61999999999983,
    "medianResTime" : 503.0,
    "minResTime" : 472.0,
    "maxResTime" : 759.0,
    "pct1ResTime" : 548.6,
    "pct2ResTime" : 562.95,
    "pct3ResTime" : 757.3399999999991,
    "throughput" : 0.9900107911176231,
    "receivedKBytesPerSec" : 69.31113888985139,
    "sentKBytesPerSec" : 0.394457424585928
  },
  "/cdn-cgi/rum?-301" : {
    "transaction" : "/cdn-cgi/rum?-301",
    "sampleCount" : 100,
    "errorCount" : 0,
    "errorPct" : 0.0,
    "meanResTime" : 82.96999999999998,
    "medianResTime" : 83.0,
    "minResTime" : 73.0,
    "maxResTime" : 110.0,
    "pct1ResTime" : 89.9,
    "pct2ResTime" : 98.84999999999997,
    "pct3ResTime" : 109.97999999999999,
    "throughput" : 1.0184647662114128,
    "receivedKBytesPerSec" : 0.37396753134325317,
    "sentKBytesPerSec" : 1.2422485283184128
  },
  "/cdn-cgi/rum?-300" : {
    "transaction" : "/cdn-cgi/rum?-300",
    "sampleCount" : 100,
    "errorCount" : 0,
    "errorPct" : 0.0,
    "meanResTime" : 84.34000000000002,
    "medianResTime" : 85.0,
    "minResTime" : 76.0,
    "maxResTime" : 108.0,
    "pct1ResTime" : 90.9,
    "pct2ResTime" : 98.69999999999993,
    "pct3ResTime" : 107.94999999999997,
    "throughput" : 1.0183403089644496,
    "receivedKBytesPerSec" : 0.3739218321978839,
    "sentKBytesPerSec" : 1.8079518375950876
  },
  "/favicon.ico-368" : {
    "transaction" : "/favicon.ico-368",
    "sampleCount" : 100,
    "errorCount" : 94,
    "errorPct" : 94.0,
    "meanResTime" : 210.11999999999995,
    "medianResTime" : 235.5,
    "minResTime" : 83.0,
    "maxResTime" : 364.0,
    "pct1ResTime" : 261.9,
    "pct2ResTime" : 267.84999999999997,
    "pct3ResTime" : 363.15999999999957,
    "throughput" : 0.9925262771331872,
    "receivedKBytesPerSec" : 8.197675798115192,
    "sentKBytesPerSec" : 0.4390765659583337
  },
  "/images/self-learning/icons/html.svg-353" : {
    "transaction" : "/images/self-learning/icons/html.svg-353",
    "sampleCount" : 100,
    "errorCount" : 0,
    "errorPct" : 0.0,
    "meanResTime" : 90.54999999999998,
    "medianResTime" : 91.0,
    "minResTime" : 81.0,
    "maxResTime" : 113.0,
    "pct1ResTime" : 96.9,
    "pct2ResTime" : 100.94999999999999,
    "pct3ResTime" : 112.88999999999994,
    "throughput" : 1.0020542111328221,
    "receivedKBytesPerSec" : 1.9266840773585852,
    "sentKBytesPerSec" : 0.4677557743373916
  },
  "/images/home/anmol.png-334" : {
    "transaction" : "/images/home/anmol.png-334",
    "sampleCount" : 100,
    "errorCount" : 89,
    "errorPct" : 89.0,
    "meanResTime" : 209.43999999999997,
    "medianResTime" : 235.5,
    "minResTime" : 81.0,
    "maxResTime" : 296.0,
    "pct1ResTime" : 266.8,
    "pct2ResTime" : 270.95,
    "pct3ResTime" : 295.8299999999999,
    "throughput" : 1.0166837808436442,
    "receivedKBytesPerSec" : 8.792974349703638,
    "sentKBytesPerSec" : 0.4606848381947763
  },
  "/images/self-learning/icons/matrices.svg-371" : {
    "transaction" : "/images/self-learning/icons/matrices.svg-371",
    "sampleCount" : 100,
    "errorCount" : 77,
    "errorPct" : 77.0,
    "meanResTime" : 212.3,
    "medianResTime" : 238.0,
    "minResTime" : 82.0,
    "maxResTime" : 288.0,
    "pct1ResTime" : 265.0,
    "pct2ResTime" : 267.9,
    "pct3ResTime" : 287.93999999999994,
    "throughput" : 0.992378532867577,
    "receivedKBytesPerSec" : 1.479564677650643,
    "sentKBytesPerSec" : 0.4671156766036837
  },
  "/images/home/google_logo.svg-358" : {
    "transaction" : "/images/home/google_logo.svg-358",
    "sampleCount" : 100,
    "errorCount" : 92,
    "errorPct" : 92.0,
    "meanResTime" : 204.13000000000008,
    "medianResTime" : 235.0,
    "minResTime" : 79.0,
    "maxResTime" : 291.0,
    "pct1ResTime" : 261.9,
    "pct2ResTime" : 267.74999999999994,
    "pct3ResTime" : 290.87999999999994,
    "throughput" : 0.9984922766622402,
    "receivedKBytesPerSec" : 9.293018323581393,
    "sentKBytesPerSec" : 0.45829235354614534
  },
  "/mathjax.codeforces.org/fonts/HTML-CSS/TeX/otf/MathJax_Math-Italic.otf-298" : {
    "transaction" : "/mathjax.codeforces.org/fonts/HTML-CSS/TeX/otf/MathJax_Math-Italic.otf-298",
    "sampleCount" : 100,
    "errorCount" : 0,
    "errorPct" : 0.0,
    "meanResTime" : 96.55,
    "medianResTime" : 97.0,
    "minResTime" : 86.0,
    "maxResTime" : 108.0,
    "pct1ResTime" : 104.0,
    "pct2ResTime" : 106.0,
    "pct3ResTime" : 108.0,
    "throughput" : 1.018112216328484,
    "receivedKBytesPerSec" : 20.32447276104397,
    "sentKBytesPerSec" : 0.4901653541503344
  },
  "/-313-0" : {
    "transaction" : "/-313-0",
    "sampleCount" : 100,
    "errorCount" : 0,
    "errorPct" : 0.0,
    "meanResTime" : 165.62000000000006,
    "medianResTime" : 167.0,
    "minResTime" : 148.0,
    "maxResTime" : 190.0,
    "pct1ResTime" : 179.8,
    "pct2ResTime" : 183.0,
    "pct3ResTime" : 189.99,
    "throughput" : 1.0219515186199568,
    "receivedKBytesPerSec" : 1.0525701441973592,
    "sentKBytesPerSec" : 0.2954078608510812
  },
  "/-313-1" : {
    "transaction" : "/-313-1",
    "sampleCount" : 100,
    "errorCount" : 65,
    "errorPct" : 65.0,
    "meanResTime" : 314.60999999999996,
    "medianResTime" : 255.0,
    "minResTime" : 80.0,
    "maxResTime" : 1254.0,
    "pct1ResTime" : 558.8,
    "pct2ResTime" : 580.0,
    "pct3ResTime" : 1247.2999999999965,
    "throughput" : 1.0210749877471001,
    "receivedKBytesPerSec" : 11.784192530708829,
    "sentKBytesPerSec" : 0.29515448864564614
  },
  "/images/self-learning/icons/sql.svg-350" : {
    "transaction" : "/images/self-learning/icons/sql.svg-350",
    "sampleCount" : 100,
    "errorCount" : 0,
    "errorPct" : 0.0,
    "meanResTime" : 90.67000000000002,
    "medianResTime" : 90.5,
    "minResTime" : 81.0,
    "maxResTime" : 130.0,
    "pct1ResTime" : 100.0,
    "pct2ResTime" : 102.94999999999999,
    "pct3ResTime" : 129.75999999999988,
    "throughput" : 1.0023253949162054,
    "receivedKBytesPerSec" : 1.6495789763501323,
    "sentKBytesPerSec" : 0.4669035286865528
  },
  "/images/self-learning/icons/sql-case-studies-topic-wise.svg-352" : {
    "transaction" : "/images/self-learning/icons/sql-case-studies-topic-wise.svg-352",
    "sampleCount" : 100,
    "errorCount" : 0,
    "errorPct" : 0.0,
    "meanResTime" : 90.41999999999997,
    "medianResTime" : 91.0,
    "minResTime" : 80.0,
    "maxResTime" : 105.0,
    "pct1ResTime" : 97.9,
    "pct2ResTime" : 99.94999999999999,
    "pct3ResTime" : 104.97999999999999,
    "throughput" : 1.0021245039483706,
    "receivedKBytesPerSec" : 1.6117567680983687,
    "sentKBytesPerSec" : 0.4902972426544274
  },
  "/images/self-learning/icons/c-sharp.svg-345" : {
    "transaction" : "/images/self-learning/icons/c-sharp.svg-345",
    "sampleCount" : 100,
    "errorCount" : 0,
    "errorPct" : 0.0,
    "meanResTime" : 90.36000000000001,
    "medianResTime" : 90.5,
    "minResTime" : 81.0,
    "maxResTime" : 107.0,
    "pct1ResTime" : 97.0,
    "pct2ResTime" : 98.94999999999999,
    "pct3ResTime" : 106.94999999999997,
    "throughput" : 1.002747528227343,
    "receivedKBytesPerSec" : 2.875672310881816,
    "sentKBytesPerSec" : 0.4710171494896015
  },
  "/images/home/spark.svg-357" : {
    "transaction" : "/images/home/spark.svg-357",
    "sampleCount" : 100,
    "errorCount" : 91,
    "errorPct" : 91.0,
    "meanResTime" : 212.2,
    "medianResTime" : 244.0,
    "minResTime" : 80.0,
    "maxResTime" : 321.0,
    "pct1ResTime" : 265.0,
    "pct2ResTime" : 272.69999999999993,
    "pct3ResTime" : 320.7499999999999,
    "throughput" : 0.9985620706183097,
    "receivedKBytesPerSec" : 8.644475782997484,
    "sentKBytesPerSec" : 0.45247343824892156
  },
  "/mathjax.codeforces.org/fonts/HTML-CSS/TeX/otf/MathJax_Main-Regular.otf-299" : {
    "transaction" : "/mathjax.codeforces.org/fonts/HTML-CSS/TeX/otf/MathJax_Main-Regular.otf-299",
    "sampleCount" : 100,
    "errorCount" : 0,
    "errorPct" : 0.0,
    "meanResTime" : 99.42,
    "medianResTime" : 99.5,
    "minResTime" : 88.0,
    "maxResTime" : 119.0,
    "pct1ResTime" : 107.9,
    "pct2ResTime" : 112.0,
    "pct3ResTime" : 118.93999999999997,
    "throughput" : 1.0181225819588677,
    "receivedKBytesPerSec" : 35.40077838653024,
    "sentKBytesPerSec" : 0.4911646049684382
  },
  "/images/self-learning/icons/c.svg-344" : {
    "transaction" : "/images/self-learning/icons/c.svg-344",
    "sampleCount" : 100,
    "errorCount" : 0,
    "errorPct" : 0.0,
    "meanResTime" : 91.13,
    "medianResTime" : 92.0,
    "minResTime" : 80.0,
    "maxResTime" : 111.0,
    "pct1ResTime" : 98.9,
    "pct2ResTime" : 101.94999999999999,
    "pct3ResTime" : 110.92999999999996,
    "throughput" : 1.0028279748891875,
    "receivedKBytesPerSec" : 2.4617761932399365,
    "sentKBytesPerSec" : 0.465178992258168
  },
  "/sites/all/themes/mallow/js/mallow.min.js-328" : {
    "transaction" : "/sites/all/themes/mallow/js/mallow.min.js-328",
    "sampleCount" : 100,
    "errorCount" : 89,
    "errorPct" : 89.0,
    "meanResTime" : 199.21000000000004,
    "medianResTime" : 235.0,
    "minResTime" : 80.0,
    "maxResTime" : 452.0,
    "pct1ResTime" : 262.0,
    "pct2ResTime" : 269.95,
    "pct3ResTime" : 450.2299999999991,
    "throughput" : 1.014939915556999,
    "receivedKBytesPerSec" : 9.441597502740338,
    "sentKBytesPerSec" : 0.4480008221013316
  },
  "/images/self-learning/icons/stacks-and-queues.svg-347" : {
    "transaction" : "/images/self-learning/icons/stacks-and-queues.svg-347",
    "sampleCount" : 100,
    "errorCount" : 0,
    "errorPct" : 0.0,
    "meanResTime" : 90.92999999999998,
    "medianResTime" : 92.0,
    "minResTime" : 82.0,
    "maxResTime" : 110.0,
    "pct1ResTime" : 97.0,
    "pct2ResTime" : 101.89999999999998,
    "pct3ResTime" : 109.97999999999999,
    "throughput" : 1.0026670944712937,
    "receivedKBytesPerSec" : 1.4809510485391142,
    "sentKBytesPerSec" : 0.4807710384623098
  },
  "/complete/search-302" : {
    "transaction" : "/complete/search-302",
    "sampleCount" : 100,
    "errorCount" : 100,
    "errorPct" : 100.0,
    "meanResTime" : 582.9800000000001,
    "medianResTime" : 573.0,
    "minResTime" : 413.0,
    "maxResTime" : 1745.0,
    "pct1ResTime" : 687.9,
    "pct2ResTime" : 705.0,
    "pct3ResTime" : 1734.8899999999949,
    "throughput" : 1.0142502155281707,
    "receivedKBytesPerSec" : 1.2727651630407222,
    "sentKBytesPerSec" : 0.2902102667478067
  },
  "/images/home/coding_boy.svg-333" : {
    "transaction" : "/images/home/coding_boy.svg-333",
    "sampleCount" : 100,
    "errorCount" : 91,
    "errorPct" : 91.0,
    "meanResTime" : 191.89000000000007,
    "medianResTime" : 232.5,
    "minResTime" : 80.0,
    "maxResTime" : 290.0,
    "pct1ResTime" : 261.0,
    "pct2ResTime" : 268.9,
    "pct3ResTime" : 289.81999999999994,
    "throughput" : 1.0167871559446462,
    "receivedKBytesPerSec" : 10.143603709747937,
    "sentKBytesPerSec" : 0.4656964610723037
  },
  "/images/cc-logo.svg-339" : {
    "transaction" : "/images/cc-logo.svg-339",
    "sampleCount" : 100,
    "errorCount" : 85,
    "errorPct" : 85.0,
    "meanResTime" : 199.32000000000005,
    "medianResTime" : 236.5,
    "minResTime" : 82.0,
    "maxResTime" : 283.0,
    "pct1ResTime" : 263.8,
    "pct2ResTime" : 268.9,
    "pct3ResTime" : 282.99,
    "throughput" : 1.0032102728731942,
    "receivedKBytesPerSec" : 11.031208068945626,
    "sentKBytesPerSec" : 0.4516405622993579
  },
  "/images/home/group_picture.png-355" : {
    "transaction" : "/images/home/group_picture.png-355",
    "sampleCount" : 100,
    "errorCount" : 71,
    "errorPct" : 71.0,
    "meanResTime" : 88.87999999999997,
    "medianResTime" : 88.5,
    "minResTime" : 79.0,
    "maxResTime" : 110.0,
    "pct1ResTime" : 97.0,
    "pct2ResTime" : 101.84999999999997,
    "pct3ResTime" : 109.95999999999998,
    "throughput" : 1.001983928177792,
    "receivedKBytesPerSec" : 10.703889012745234,
    "sentKBytesPerSec" : 0.46185196689445096
  },
  "/images/home/prev.svg-362" : {
    "transaction" : "/images/home/prev.svg-362",
    "sampleCount" : 100,
    "errorCount" : 94,
    "errorPct" : 94.0,
    "meanResTime" : 211.47000000000008,
    "medianResTime" : 237.0,
    "minResTime" : 80.0,
    "maxResTime" : 1262.0,
    "pct1ResTime" : 261.0,
    "pct2ResTime" : 270.95,
    "pct3ResTime" : 1253.3699999999956,
    "throughput" : 0.9970885015753999,
    "receivedKBytesPerSec" : 9.011031537909306,
    "sentKBytesPerSec" : 0.45083200803653334
  },
  "/cf-fonts/v/open-sans/5.0.20/latin/wght/normal.woff2-331" : {
    "transaction" : "/cf-fonts/v/open-sans/5.0.20/latin/wght/normal.woff2-331",
    "sampleCount" : 100,
    "errorCount" : 91,
    "errorPct" : 91.0,
    "meanResTime" : 211.22000000000008,
    "medianResTime" : 248.5,
    "minResTime" : 81.0,
    "maxResTime" : 285.0,
    "pct1ResTime" : 271.8,
    "pct2ResTime" : 276.0,
    "pct3ResTime" : 284.93999999999994,
    "throughput" : 1.0180085716321732,
    "receivedKBytesPerSec" : 20.84801028634036,
    "sentKBytesPerSec" : 0.46824417699097026
  },
  "/cf-fonts/v/open-sans/5.0.20/latin/wght/normal.woff2-330" : {
    "transaction" : "/cf-fonts/v/open-sans/5.0.20/latin/wght/normal.woff2-330",
    "sampleCount" : 100,
    "errorCount" : 90,
    "errorPct" : 90.0,
    "meanResTime" : 211.24000000000004,
    "medianResTime" : 237.0,
    "minResTime" : 82.0,
    "maxResTime" : 277.0,
    "pct1ResTime" : 264.0,
    "pct2ResTime" : 269.95,
    "pct3ResTime" : 277.0,
    "throughput" : 1.0158781758891475,
    "receivedKBytesPerSec" : 20.124983174517713,
    "sentKBytesPerSec" : 0.4672642781677621
  },
  "/images/home/star.svg-361" : {
    "transaction" : "/images/home/star.svg-361",
    "sampleCount" : 100,
    "errorCount" : 94,
    "errorPct" : 94.0,
    "meanResTime" : 218.19000000000003,
    "medianResTime" : 245.0,
    "minResTime" : 80.0,
    "maxResTime" : 300.0,
    "pct1ResTime" : 267.9,
    "pct2ResTime" : 279.84999999999997,
    "pct3ResTime" : 299.90999999999997,
    "throughput" : 0.9971779862987745,
    "receivedKBytesPerSec" : 8.2632263974203,
    "sentKBytesPerSec" : 0.4508724684143873
  },
  "/complete/search-309" : {
    "transaction" : "/complete/search-309",
    "sampleCount" : 100,
    "errorCount" : 100,
    "errorPct" : 100.0,
    "meanResTime" : 405.1500000000001,
    "medianResTime" : 413.5,
    "minResTime" : 261.0,
    "maxResTime" : 548.0,
    "pct1ResTime" : 510.40000000000003,
    "pct2ResTime" : 535.8499999999999,
    "pct3ResTime" : 547.99,
    "throughput" : 1.0206164523372117,
    "receivedKBytesPerSec" : 1.2807540441926923,
    "sentKBytesPerSec" : 0.29003846448254744
  },
  "/complete/search-308" : {
    "transaction" : "/complete/search-308",
    "sampleCount" : 100,
    "errorCount" : 100,
    "errorPct" : 100.0,
    "meanResTime" : 395.94000000000005,
    "medianResTime" : 403.5,
    "minResTime" : 255.0,
    "maxResTime" : 549.0,
    "pct1ResTime" : 501.0,
    "pct2ResTime" : 519.0,
    "pct3ResTime" : 548.8699999999999,
    "throughput" : 1.019347210046686,
    "receivedKBytesPerSec" : 1.2791612938574137,
    "sentKBytesPerSec" : 0.29764142168355384
  },
  "/ccm/collect?en=page_view&dl=https%3A%2F%2Fwww.codechef.com%2F&scrsrc=www.googletagmanager.com&frm=0&rnd=1280901479.1734515118&dt=CodeChef%20-%20Learn%20and%20Practice%20Coding%20with%20Problems&auid=1523826232.1734515118&navt=n&npa=0&gtm=45He4cc1v71598775za200&gcd=13l3l3l3l1l1&dma=0&tag_exp=101925629~102067555~102067808~102081485~102198178&tft=1734515118469&tfd=14802&apve=1-380" : {
    "transaction" : "/ccm/collect?en=page_view&dl=https%3A%2F%2Fwww.codechef.com%2F&scrsrc=www.googletagmanager.com&frm=0&rnd=1280901479.1734515118&dt=CodeChef%20-%20Learn%20and%20Practice%20Coding%20with%20Problems&auid=1523826232.1734515118&navt=n&npa=0&gtm=45He4cc1v71598775za200&gcd=13l3l3l3l1l1&dma=0&tag_exp=101925629~102067555~102067808~102081485~102198178&tft=1734515118469&tfd=14802&apve=1-380",
    "sampleCount" : 100,
    "errorCount" : 0,
    "errorPct" : 0.0,
    "meanResTime" : 130.48999999999998,
    "medianResTime" : 131.0,
    "minResTime" : 115.0,
    "maxResTime" : 149.0,
    "pct1ResTime" : 139.9,
    "pct2ResTime" : 143.95,
    "pct3ResTime" : 148.99,
    "throughput" : 0.9918863694975103,
    "receivedKBytesPerSec" : 0.5434064973516634,
    "sentKBytesPerSec" : 0.8398100413616616
  },
  "/complete/search-307" : {
    "transaction" : "/complete/search-307",
    "sampleCount" : 100,
    "errorCount" : 100,
    "errorPct" : 100.0,
    "meanResTime" : 410.81999999999994,
    "medianResTime" : 419.0,
    "minResTime" : 258.0,
    "maxResTime" : 551.0,
    "pct1ResTime" : 531.4000000000001,
    "pct2ResTime" : 540.9,
    "pct3ResTime" : 550.9499999999999,
    "throughput" : 1.0175631397928242,
    "receivedKBytesPerSec" : 1.2769224947595499,
    "sentKBytesPerSec" : 0.2961267731037711
  },
  "/complete/search-306" : {
    "transaction" : "/complete/search-306",
    "sampleCount" : 100,
    "errorCount" : 100,
    "errorPct" : 100.0,
    "meanResTime" : 393.08,
    "medianResTime" : 373.5,
    "minResTime" : 257.0,
    "maxResTime" : 568.0,
    "pct1ResTime" : 533.9,
    "pct2ResTime" : 543.75,
    "pct3ResTime" : 567.91,
    "throughput" : 1.0161052685058172,
    "receivedKBytesPerSec" : 1.2750930371386475,
    "sentKBytesPerSec" : 0.294710219478738
  },
  "/complete/search-305" : {
    "transaction" : "/complete/search-305",
    "sampleCount" : 100,
    "errorCount" : 100,
    "errorPct" : 100.0,
    "meanResTime" : 409.4,
    "medianResTime" : 397.0,
    "minResTime" : 252.0,
    "maxResTime" : 860.0,
    "pct1ResTime" : 533.6,
    "pct2ResTime" : 548.8,
    "pct3ResTime" : 856.9199999999985,
    "throughput" : 1.0149811213511428,
    "receivedKBytesPerSec" : 1.273682364195526,
    "sentKBytesPerSec" : 0.2933929803905647
  },
  "/complete/search-304" : {
    "transaction" : "/complete/search-304",
    "sampleCount" : 100,
    "errorCount" : 100,
    "errorPct" : 100.0,
    "meanResTime" : 385.20000000000005,
    "medianResTime" : 377.0,
    "minResTime" : 250.0,
    "maxResTime" : 549.0,
    "pct1ResTime" : 519.5,
    "pct2ResTime" : 533.9,
    "pct3ResTime" : 548.8799999999999,
    "throughput" : 1.013653918279221,
    "receivedKBytesPerSec" : 1.272016879871874,
    "sentKBytesPerSec" : 0.2920194393480178
  },
  "/complete/search-303" : {
    "transaction" : "/complete/search-303",
    "sampleCount" : 100,
    "errorCount" : 100,
    "errorPct" : 100.0,
    "meanResTime" : 392.3900000000002,
    "medianResTime" : 392.5,
    "minResTime" : 250.0,
    "maxResTime" : 547.0,
    "pct1ResTime" : 521.8,
    "pct2ResTime" : 533.0,
    "pct3ResTime" : 546.99,
    "throughput" : 1.0147545308789805,
    "receivedKBytesPerSec" : 1.2733980197065329,
    "sentKBytesPerSec" : 0.29134553913908223
  },
  "/images/self-learning/icons/python.svg-340" : {
    "transaction" : "/images/self-learning/icons/python.svg-340",
    "sampleCount" : 100,
    "errorCount" : 73,
    "errorPct" : 73.0,
    "meanResTime" : 207.78000000000006,
    "medianResTime" : 238.5,
    "minResTime" : 81.0,
    "maxResTime" : 278.0,
    "pct1ResTime" : 267.0,
    "pct2ResTime" : 270.0,
    "pct3ResTime" : 277.99,
    "throughput" : 1.0031096398836392,
    "receivedKBytesPerSec" : 2.8619482113301236,
    "sentKBytesPerSec" : 0.4702076436954559
  },
  "/-314" : {
    "transaction" : "/-314",
    "sampleCount" : 100,
    "errorCount" : 100,
    "errorPct" : 100.0,
    "meanResTime" : 307.77,
    "medianResTime" : 242.0,
    "minResTime" : 79.0,
    "maxResTime" : 1307.0,
    "pct1ResTime" : 559.8,
    "pct2ResTime" : 572.9,
    "pct3ResTime" : 1306.7299999999998,
    "throughput" : 1.013294422827497,
    "receivedKBytesPerSec" : 11.555217737972194,
    "sentKBytesPerSec" : 0.3780063178907263
  },
  "/sites/all/modules/codechef_common_functions/js/codechefGenericModal.js-323" : {
    "transaction" : "/sites/all/modules/codechef_common_functions/js/codechefGenericModal.js-323",
    "sampleCount" : 100,
    "errorCount" : 90,
    "errorPct" : 90.0,
    "meanResTime" : 208.45000000000002,
    "medianResTime" : 238.5,
    "minResTime" : 80.0,
    "maxResTime" : 325.0,
    "pct1ResTime" : 262.9,
    "pct2ResTime" : 269.9,
    "pct3ResTime" : 324.47999999999973,
    "throughput" : 1.021325271672522,
    "receivedKBytesPerSec" : 8.681194992059195,
    "sentKBytesPerSec" : 0.44583241839611076
  },
  "/images/icons/social-sprite.svg-365" : {
    "transaction" : "/images/icons/social-sprite.svg-365",
    "sampleCount" : 100,
    "errorCount" : 95,
    "errorPct" : 95.0,
    "meanResTime" : 219.23999999999998,
    "medianResTime" : 239.0,
    "minResTime" : 79.0,
    "maxResTime" : 1276.0,
    "pct1ResTime" : 265.0,
    "pct2ResTime" : 269.95,
    "pct3ResTime" : 1266.059999999995,
    "throughput" : 0.9954309718392578,
    "receivedKBytesPerSec" : 10.586583363611025,
    "sentKBytesPerSec" : 0.45980356414059464
  },
  "/images/home/learn_img.png-370" : {
    "transaction" : "/images/home/learn_img.png-370",
    "sampleCount" : 100,
    "errorCount" : 0,
    "errorPct" : 0.0,
    "meanResTime" : 92.57,
    "medianResTime" : 93.0,
    "minResTime" : 83.0,
    "maxResTime" : 124.0,
    "pct1ResTime" : 99.9,
    "pct2ResTime" : 103.84999999999997,
    "pct3ResTime" : 123.86999999999993,
    "throughput" : 0.9922702150249557,
    "receivedKBytesPerSec" : 16.418234763690847,
    "sentKBytesPerSec" : 0.45349849671062425
  },
  "/images/self-learning/icons/web-dev-js.svg-354" : {
    "transaction" : "/images/self-learning/icons/web-dev-js.svg-354",
    "sampleCount" : 100,
    "errorCount" : 0,
    "errorPct" : 0.0,
    "meanResTime" : 91.62999999999998,
    "medianResTime" : 92.0,
    "minResTime" : 82.0,
    "maxResTime" : 120.0,
    "pct1ResTime" : 97.9,
    "pct2ResTime" : 103.0,
    "pct3ResTime" : 119.87999999999994,
    "throughput" : 1.0020140482369564,
    "receivedKBytesPerSec" : 6.298509613698534,
    "sentKBytesPerSec" : 0.47360820248699886
  },
  "/-313" : {
    "transaction" : "/-313",
    "sampleCount" : 100,
    "errorCount" : 100,
    "errorPct" : 100.0,
    "meanResTime" : 480.33999999999986,
    "medianResTime" : 419.5,
    "minResTime" : 248.0,
    "maxResTime" : 1424.0,
    "pct1ResTime" : 730.7,
    "pct2ResTime" : 740.95,
    "pct3ResTime" : 1417.2899999999966,
    "throughput" : 1.0193887744908152,
    "receivedKBytesPerSec" : 12.814662617357133,
    "sentKBytesPerSec" : 0.5893341352525026
  },
  "/images/home/learn_content_abs.png-337" : {
    "transaction" : "/images/home/learn_content_abs.png-337",
    "sampleCount" : 100,
    "errorCount" : 0,
    "errorPct" : 0.0,
    "meanResTime" : 94.92000000000003,
    "medianResTime" : 95.0,
    "minResTime" : 84.0,
    "maxResTime" : 113.0,
    "pct1ResTime" : 100.0,
    "pct2ResTime" : 104.94999999999999,
    "pct3ResTime" : 113.0,
    "throughput" : 1.0033411259494116,
    "receivedKBytesPerSec" : 32.69297894802191,
    "sentKBytesPerSec" : 0.4663968515155468
  },
  "/gtm.js-376" : {
    "transaction" : "/gtm.js-376",
    "sampleCount" : 100,
    "errorCount" : 100,
    "errorPct" : 100.0,
    "meanResTime" : 560.3100000000002,
    "medianResTime" : 550.5,
    "minResTime" : 512.0,
    "maxResTime" : 722.0,
    "pct1ResTime" : 602.9,
    "pct2ResTime" : 639.3499999999999,
    "pct3ResTime" : 721.4699999999997,
    "throughput" : 0.9879568065284186,
    "receivedKBytesPerSec" : 113.28447243724005,
    "sentKBytesPerSec" : 0.375307810292534
  },
  "/complete/search-311" : {
    "transaction" : "/complete/search-311",
    "sampleCount" : 100,
    "errorCount" : 100,
    "errorPct" : 100.0,
    "meanResTime" : 432.50999999999993,
    "medianResTime" : 453.0,
    "minResTime" : 251.0,
    "maxResTime" : 547.0,
    "pct1ResTime" : 524.7,
    "pct2ResTime" : 535.9,
    "pct3ResTime" : 546.9,
    "throughput" : 1.0198358064351638,
    "receivedKBytesPerSec" : 1.279774425067564,
    "sentKBytesPerSec" : 0.2928044209882209
  },
  "/complete/search-310" : {
    "transaction" : "/complete/search-310",
    "sampleCount" : 100,
    "errorCount" : 100,
    "errorPct" : 100.0,
    "meanResTime" : 388.91,
    "medianResTime" : 384.0,
    "minResTime" : 254.0,
    "maxResTime" : 551.0,
    "pct1ResTime" : 503.6,
    "pct2ResTime" : 530.6999999999999,
    "pct3ResTime" : 550.98,
    "throughput" : 1.0200022440049368,
    "receivedKBytesPerSec" : 1.2799832847132264,
    "sentKBytesPerSec" : 0.2918561108334438
  },
  "/images/home/gifs/learn-animation.gif-336" : {
    "transaction" : "/images/home/gifs/learn-animation.gif-336",
    "sampleCount" : 100,
    "errorCount" : 100,
    "errorPct" : 100.0,
    "meanResTime" : 384.51999999999987,
    "medianResTime" : 385.5,
    "minResTime" : 227.0,
    "maxResTime" : 1420.0,
    "pct1ResTime" : 426.9,
    "pct2ResTime" : 434.95,
    "pct3ResTime" : 1410.3699999999951,
    "throughput" : 1.0019538099293621,
    "receivedKBytesPerSec" : 218.62017653173686,
    "sentKBytesPerSec" : 0.46868737788687936
  },
  "/images/home/hamid.png-372" : {
    "transaction" : "/images/home/hamid.png-372",
    "sampleCount" : 100,
    "errorCount" : 91,
    "errorPct" : 91.0,
    "meanResTime" : 210.89000000000007,
    "medianResTime" : 239.5,
    "minResTime" : 80.0,
    "maxResTime" : 285.0,
    "pct1ResTime" : 261.0,
    "pct2ResTime" : 263.95,
    "pct3ResTime" : 284.87999999999994,
    "throughput" : 0.9925459796925092,
    "receivedKBytesPerSec" : 8.888152319828091,
    "sentKBytesPerSec" : 0.44974739704816824
  },
  "/images/home/user_deafult.jpg-373" : {
    "transaction" : "/images/home/user_deafult.jpg-373",
    "sampleCount" : 100,
    "errorCount" : 77,
    "errorPct" : 77.0,
    "meanResTime" : 88.47000000000001,
    "medianResTime" : 89.0,
    "minResTime" : 78.0,
    "maxResTime" : 113.0,
    "pct1ResTime" : 95.0,
    "pct2ResTime" : 98.0,
    "pct3ResTime" : 112.94999999999997,
    "throughput" : 0.9922505234121511,
    "receivedKBytesPerSec" : 8.689101011723439,
    "sentKBytesPerSec" : 0.4563964809835187
  },
  "/images/self-learning/icons/time-complexity.svg-374" : {
    "transaction" : "/images/self-learning/icons/time-complexity.svg-374",
    "sampleCount" : 100,
    "errorCount" : 74,
    "errorPct" : 74.0,
    "meanResTime" : 207.66000000000003,
    "medianResTime" : 237.0,
    "minResTime" : 82.0,
    "maxResTime" : 278.0,
    "pct1ResTime" : 263.9,
    "pct2ResTime" : 265.0,
    "pct3ResTime" : 277.95,
    "throughput" : 0.9924573243350536,
    "receivedKBytesPerSec" : 1.5536996948193726,
    "sentKBytesPerSec" : 0.4739371402342199
  },
  "/mathjax.codeforces.org/fonts/HTML-CSS/TeX/otf/MathJax_Size1-Regular.otf-297" : {
    "transaction" : "/mathjax.codeforces.org/fonts/HTML-CSS/TeX/otf/MathJax_Size1-Regular.otf-297",
    "sampleCount" : 100,
    "errorCount" : 100,
    "errorPct" : 100.0,
    "meanResTime" : 268.90999999999997,
    "medianResTime" : 262.5,
    "minResTime" : 234.0,
    "maxResTime" : 1236.0,
    "pct1ResTime" : 275.0,
    "pct2ResTime" : 282.9,
    "pct3ResTime" : 1226.7399999999952,
    "throughput" : 1.0161155933098949,
    "receivedKBytesPerSec" : 6.731339116512895,
    "sentKBytesPerSec" : 0.4911886901253887
  },
  "/sites/all/modules/codechef_alerts/codechef_alerts.js-322" : {
    "transaction" : "/sites/all/modules/codechef_alerts/codechef_alerts.js-322",
    "sampleCount" : 100,
    "errorCount" : 89,
    "errorPct" : 89.0,
    "meanResTime" : 204.86,
    "medianResTime" : 235.0,
    "minResTime" : 78.0,
    "maxResTime" : 1236.0,
    "pct1ResTime" : 263.9,
    "pct2ResTime" : 267.0,
    "pct3ResTime" : 1226.4499999999953,
    "throughput" : 1.01555835398302,
    "receivedKBytesPerSec" : 9.779767443484177,
    "sentKBytesPerSec" : 0.464141903968802
  },
  "/images/home/next.svg-363" : {
    "transaction" : "/images/home/next.svg-363",
    "sampleCount" : 100,
    "errorCount" : 94,
    "errorPct" : 94.0,
    "meanResTime" : 212.66,
    "medianResTime" : 241.0,
    "minResTime" : 81.0,
    "maxResTime" : 281.0,
    "pct1ResTime" : 261.0,
    "pct2ResTime" : 264.95,
    "pct3ResTime" : 280.88999999999993,
    "throughput" : 0.9971183280319876,
    "receivedKBytesPerSec" : 8.583017345496515,
    "sentKBytesPerSec" : 0.45084549402227564
  },
  "/misc/drupal.js-326" : {
    "transaction" : "/misc/drupal.js-326",
    "sampleCount" : 100,
    "errorCount" : 90,
    "errorPct" : 90.0,
    "meanResTime" : 198.47999999999996,
    "medianResTime" : 235.5,
    "minResTime" : 80.0,
    "maxResTime" : 279.0,
    "pct1ResTime" : 262.0,
    "pct2ResTime" : 264.95,
    "pct3ResTime" : 278.88999999999993,
    "throughput" : 1.019752608017295,
    "receivedKBytesPerSec" : 9.176847329650327,
    "sentKBytesPerSec" : 0.3893781931003538
  },
  "/cdn-cgi/scripts/7d0fa10a/cloudflare-static/rocket-loader.min.js-319" : {
    "transaction" : "/cdn-cgi/scripts/7d0fa10a/cloudflare-static/rocket-loader.min.js-319",
    "sampleCount" : 100,
    "errorCount" : 65,
    "errorPct" : 65.0,
    "meanResTime" : 185.14000000000004,
    "medianResTime" : 227.0,
    "minResTime" : 74.0,
    "maxResTime" : 265.0,
    "pct1ResTime" : 254.9,
    "pct2ResTime" : 257.95,
    "pct3ResTime" : 264.96999999999997,
    "throughput" : 1.0226517359513219,
    "receivedKBytesPerSec" : 4.683724976990336,
    "sentKBytesPerSec" : 0.42444041775323416
  },
  "/images/self-learning/icons/linked-lists.svg-346" : {
    "transaction" : "/images/self-learning/icons/linked-lists.svg-346",
    "sampleCount" : 100,
    "errorCount" : 0,
    "errorPct" : 0.0,
    "meanResTime" : 90.46000000000001,
    "medianResTime" : 91.0,
    "minResTime" : 81.0,
    "maxResTime" : 118.0,
    "pct1ResTime" : 96.9,
    "pct2ResTime" : 99.0,
    "pct3ResTime" : 117.92999999999996,
    "throughput" : 1.0026972556176115,
    "receivedKBytesPerSec" : 1.4962025191515176,
    "sentKBytesPerSec" : 0.4758895178028898
  },
  "/sites/all/themes/mallow/css/mallow.css-316" : {
    "transaction" : "/sites/all/themes/mallow/css/mallow.css-316",
    "sampleCount" : 100,
    "errorCount" : 88,
    "errorPct" : 88.0,
    "meanResTime" : 217.82000000000005,
    "medianResTime" : 240.0,
    "minResTime" : 79.0,
    "maxResTime" : 359.0,
    "pct1ResTime" : 267.0,
    "pct2ResTime" : 275.74999999999994,
    "pct3ResTime" : 358.25999999999965,
    "throughput" : 1.0226308200476546,
    "receivedKBytesPerSec" : 19.412219367732927,
    "sentKBytesPerSec" : 0.4633795903340935
  },
  "/submit/firefox-desktop/newtab/1/abe4d423-0b60-4466-b28c-2205d30027ae-315" : {
    "transaction" : "/submit/firefox-desktop/newtab/1/abe4d423-0b60-4466-b28c-2205d30027ae-315",
    "sampleCount" : 100,
    "errorCount" : 100,
    "errorPct" : 100.0,
    "meanResTime" : 365.7300000000001,
    "medianResTime" : 362.5,
    "minResTime" : 312.0,
    "maxResTime" : 1356.0,
    "pct1ResTime" : 381.0,
    "pct2ResTime" : 388.9,
    "pct3ResTime" : 1346.6199999999953,
    "throughput" : 1.0142399285975092,
    "receivedKBytesPerSec" : 0.8301613243691427,
    "sentKBytesPerSec" : 2.9535776045681366
  },
  "/sites/all/modules/codechef_common_functions/codechef_common_functions.js-325" : {
    "transaction" : "/sites/all/modules/codechef_common_functions/codechef_common_functions.js-325",
    "sampleCount" : 100,
    "errorCount" : 86,
    "errorPct" : 86.0,
    "meanResTime" : 215.17,
    "medianResTime" : 236.0,
    "minResTime" : 79.0,
    "maxResTime" : 1254.0,
    "pct1ResTime" : 263.9,
    "pct2ResTime" : 270.0,
    "pct3ResTime" : 1244.3199999999952,
    "throughput" : 1.0155274141625454,
    "receivedKBytesPerSec" : 9.112920539422774,
    "sentKBytesPerSec" : 0.483962283311838
  },
  "Total" : {
    "transaction" : "Total",
    "sampleCount" : 8500,
    "errorCount" : 5549,
    "errorPct" : 65.28236,
    "meanResTime" : 216.28882352941199,
    "medianResTime" : 232.0,
    "minResTime" : 21.0,
    "maxResTime" : 1745.0,
    "pct1ResTime" : 420.0,
    "pct2ResTime" : 514.0,
    "pct3ResTime" : 609.9899999999998,
    "throughput" : 73.28407493943287,
    "receivedKBytesPerSec" : 917.0355988844656,
    "sentKBytesPerSec" : 37.422533074827356
  },
  "/images/home/practice_img.png-332" : {
    "transaction" : "/images/home/practice_img.png-332",
    "sampleCount" : 100,
    "errorCount" : 100,
    "errorPct" : 100.0,
    "meanResTime" : 252.00999999999993,
    "medianResTime" : 254.5,
    "minResTime" : 225.0,
    "maxResTime" : 307.0,
    "pct1ResTime" : 268.9,
    "pct2ResTime" : 275.84999999999997,
    "pct3ResTime" : 306.7899999999999,
    "throughput" : 1.0165287575985524,
    "receivedKBytesPerSec" : 13.601958866799155,
    "sentKBytesPerSec" : 0.46756352034074045
  },
  "/images/self-learning/icons/cpp.svg-342" : {
    "transaction" : "/images/self-learning/icons/cpp.svg-342",
    "sampleCount" : 100,
    "errorCount" : 0,
    "errorPct" : 0.0,
    "meanResTime" : 90.63999999999996,
    "medianResTime" : 91.0,
    "minResTime" : 81.0,
    "maxResTime" : 117.0,
    "pct1ResTime" : 97.0,
    "pct2ResTime" : 104.84999999999997,
    "pct3ResTime" : 116.95999999999998,
    "throughput" : 1.002948669087116,
    "receivedKBytesPerSec" : 2.3414345989709746,
    "sentKBytesPerSec" : 0.4671938624556195
  },
  "/images/self-learning/icons/greedy-algorithms.svg-348" : {
    "transaction" : "/images/self-learning/icons/greedy-algorithms.svg-348",
    "sampleCount" : 100,
    "errorCount" : 1,
    "errorPct" : 1.0,
    "meanResTime" : 91.01000000000002,
    "medianResTime" : 91.0,
    "minResTime" : 81.0,
    "maxResTime" : 202.0,
    "pct1ResTime" : 96.0,
    "pct2ResTime" : 98.0,
    "pct3ResTime" : 201.0499999999995,
    "throughput" : 1.0024861656909134,
    "receivedKBytesPerSec" : 1.4898765344303875,
    "sentKBytesPerSec" : 0.48068428452562356
  },
  "codechef" : {
    "transaction" : "codechef",
    "sampleCount" : 100,
    "errorCount" : 100,
    "errorPct" : 100.0,
    "meanResTime" : 371.78000000000003,
    "medianResTime" : 258.0,
    "minResTime" : 228.0,
    "maxResTime" : 1345.0,
    "pct1ResTime" : 584.9,
    "pct2ResTime" : 652.7499999999995,
    "pct3ResTime" : 1344.1999999999996,
    "throughput" : 1.0091224671026076,
    "receivedKBytesPerSec" : 36.496293682388796,
    "sentKBytesPerSec" : 0.11628559679502704
  },
  "/images/home/star_icon.svg-359" : {
    "transaction" : "/images/home/star_icon.svg-359",
    "sampleCount" : 100,
    "errorCount" : 92,
    "errorPct" : 92.0,
    "meanResTime" : 213.63,
    "medianResTime" : 237.0,
    "minResTime" : 79.0,
    "maxResTime" : 283.0,
    "pct1ResTime" : 261.0,
    "pct2ResTime" : 264.9,
    "pct3ResTime" : 282.8499999999999,
    "throughput" : 0.9986418470879603,
    "receivedKBytesPerSec" : 8.434954243478868,
    "sentKBytesPerSec" : 0.4564105316769194
  },
  "/images/self-learning/icons/javascript.svg-343" : {
    "transaction" : "/images/self-learning/icons/javascript.svg-343",
    "sampleCount" : 100,
    "errorCount" : 0,
    "errorPct" : 0.0,
    "meanResTime" : 90.44000000000003,
    "medianResTime" : 91.0,
    "minResTime" : 82.0,
    "maxResTime" : 113.0,
    "pct1ResTime" : 96.0,
    "pct2ResTime" : 98.94999999999999,
    "pct3ResTime" : 112.87999999999994,
    "throughput" : 1.0028983763075288,
    "receivedKBytesPerSec" : 3.1000822846777187,
    "sentKBytesPerSec" : 0.47402618567660537
  }
}