{
  "/cdn-cgi/rum?-378" : {
    "transaction" : "/cdn-cgi/rum?-378",
    "sampleCount" : 50,
    "errorCount" : 25,
    "errorPct" : 50.0,
    "meanResTime" : 163.32,
    "medianResTime" : 159.5,
    "minResTime" : 76.0,
    "maxResTime" : 279.0,
    "pct1ResTime" : 260.7,
    "pct2ResTime" : 273.04999999999995,
    "pct3ResTime" : 279.0,
    "throughput" : 0.5212296850730243,
    "receivedKBytesPerSec" : 0.19240705171640934,
    "sentKBytesPerSec" : 0.9294584032649826
  },
  "/ajax/libs/jquery/3.5.1/jquery.min.js-375" : {
    "transaction" : "/ajax/libs/jquery/3.5.1/jquery.min.js-375",
    "sampleCount" : 50,
    "errorCount" : 50,
    "errorPct" : 100.0,
    "meanResTime" : 361.9,
    "medianResTime" : 359.0,
    "minResTime" : 341.0,
    "maxResTime" : 424.0,
    "pct1ResTime" : 385.9,
    "pct2ResTime" : 395.84999999999997,
    "pct3ResTime" : 424.0,
    "throughput" : 0.5197991496085913,
    "receivedKBytesPerSec" : 16.23813964534104,
    "sentKBytesPerSec" : 0.21066078817145054
  },
  "/images/home/saqibyounis.png-335" : {
    "transaction" : "/images/home/saqibyounis.png-335",
    "sampleCount" : 50,
    "errorCount" : 39,
    "errorPct" : 78.0,
    "meanResTime" : 183.42000000000004,
    "medianResTime" : 231.0,
    "minResTime" : 81.0,
    "maxResTime" : 297.0,
    "pct1ResTime" : 263.8,
    "pct2ResTime" : 281.8999999999999,
    "pct3ResTime" : 297.0,
    "throughput" : 0.5209581462225326,
    "receivedKBytesPerSec" : 4.245696967111912,
    "sentKBytesPerSec" : 0.23911164914510769
  },
  "/cf-fonts/s/ibm-plex-mono/5.0.11/latin/400/normal.woff2-329" : {
    "transaction" : "/cf-fonts/s/ibm-plex-mono/5.0.11/latin/400/normal.woff2-329",
    "sampleCount" : 50,
    "errorCount" : 39,
    "errorPct" : 78.0,
    "meanResTime" : 184.51999999999995,
    "medianResTime" : 230.5,
    "minResTime" : 80.0,
    "maxResTime" : 272.0,
    "pct1ResTime" : 260.7,
    "pct2ResTime" : 264.34999999999997,
    "pct3ResTime" : 272.0,
    "throughput" : 0.5205947274166007,
    "receivedKBytesPerSec" : 6.766246948013411,
    "sentKBytesPerSec" : 0.24097841874557496
  },
  "/cdn-cgi/rum?-379" : {
    "transaction" : "/cdn-cgi/rum?-379",
    "sampleCount" : 50,
    "errorCount" : 0,
    "errorPct" : 0.0,
    "meanResTime" : 81.52,
    "medianResTime" : 83.0,
    "minResTime" : 74.0,
    "maxResTime" : 93.0,
    "pct1ResTime" : 87.0,
    "pct2ResTime" : 88.35,
    "pct3ResTime" : 93.0,
    "throughput" : 0.5215123859191656,
    "receivedKBytesPerSec" : 0.19251140808344197,
    "sentKBytesPerSec" : 0.6391582464146024
  },
  "/images/icons/dropdown-1-hover.svg-369" : {
    "transaction" : "/images/icons/dropdown-1-hover.svg-369",
    "sampleCount" : 50,
    "errorCount" : 36,
    "errorPct" : 72.0,
    "meanResTime" : 195.61999999999998,
    "medianResTime" : 239.0,
    "minResTime" : 84.0,
    "maxResTime" : 277.0,
    "pct1ResTime" : 262.0,
    "pct2ResTime" : 265.45,
    "pct3ResTime" : 277.0,
    "throughput" : 0.5209581462225326,
    "receivedKBytesPerSec" : 2.517927065208331,
    "sentKBytesPerSec" : 0.24216413828313033
  },
  "/images/icons/dropdown-1.svg-356" : {
    "transaction" : "/images/icons/dropdown-1.svg-356",
    "sampleCount" : 50,
    "errorCount" : 34,
    "errorPct" : 68.0,
    "meanResTime" : 164.92000000000004,
    "medianResTime" : 105.5,
    "minResTime" : 80.0,
    "maxResTime" : 276.0,
    "pct1ResTime" : 258.9,
    "pct2ResTime" : 262.0,
    "pct3ResTime" : 276.0,
    "throughput" : 0.5212731575600247,
    "receivedKBytesPerSec" : 3.4974679970860834,
    "sentKBytesPerSec" : 0.23925623442696442
  },
  "/images/home/gradient.svg-360" : {
    "transaction" : "/images/home/gradient.svg-360",
    "sampleCount" : 50,
    "errorCount" : 40,
    "errorPct" : 80.0,
    "meanResTime" : 200.57999999999998,
    "medianResTime" : 234.5,
    "minResTime" : 82.0,
    "maxResTime" : 272.0,
    "pct1ResTime" : 265.0,
    "pct2ResTime" : 269.45,
    "pct3ResTime" : 272.0,
    "throughput" : 0.5213546880213547,
    "receivedKBytesPerSec" : 3.3551821678449283,
    "sentKBytesPerSec" : 0.23776624932223892
  },
  "/images/home/greeb_tick.svg-364" : {
    "transaction" : "/images/home/greeb_tick.svg-364",
    "sampleCount" : 50,
    "errorCount" : 41,
    "errorPct" : 82.0,
    "meanResTime" : 194.56000000000003,
    "medianResTime" : 233.5,
    "minResTime" : 80.0,
    "maxResTime" : 291.0,
    "pct1ResTime" : 259.9,
    "pct2ResTime" : 280.34999999999997,
    "pct3ResTime" : 291.0,
    "throughput" : 0.5215667866270276,
    "receivedKBytesPerSec" : 4.043028852422678,
    "sentKBytesPerSec" : 0.23888166301569919
  },
  "/images/self-learning/icons/sql-intermediate.svg-351" : {
    "transaction" : "/images/self-learning/icons/sql-intermediate.svg-351",
    "sampleCount" : 50,
    "errorCount" : 0,
    "errorPct" : 0.0,
    "meanResTime" : 89.65999999999997,
    "medianResTime" : 90.0,
    "minResTime" : 81.0,
    "maxResTime" : 105.0,
    "pct1ResTime" : 95.0,
    "pct2ResTime" : 98.24999999999997,
    "pct3ResTime" : 105.0,
    "throughput" : 0.5211644899363137,
    "receivedKBytesPerSec" : 0.8462510195280335,
    "sentKBytesPerSec" : 0.24938535162968137
  },
  "/em/libs/cryptojs/aes.js-324" : {
    "transaction" : "/em/libs/cryptojs/aes.js-324",
    "sampleCount" : 50,
    "errorCount" : 37,
    "errorPct" : 74.0,
    "meanResTime" : 178.44000000000003,
    "medianResTime" : 231.5,
    "minResTime" : 83.0,
    "maxResTime" : 280.0,
    "pct1ResTime" : 262.9,
    "pct2ResTime" : 266.79999999999995,
    "pct3ResTime" : 280.0,
    "throughput" : 0.522722758303451,
    "receivedKBytesPerSec" : 4.518274632656581,
    "sentKBytesPerSec" : 0.20418857746228555
  },
  "/sites/all/themes/abessive/css/modal.css-317" : {
    "transaction" : "/sites/all/themes/abessive/css/modal.css-317",
    "sampleCount" : 50,
    "errorCount" : 23,
    "errorPct" : 46.0,
    "meanResTime" : 91.33999999999999,
    "medianResTime" : 91.0,
    "minResTime" : 79.0,
    "maxResTime" : 122.0,
    "pct1ResTime" : 100.0,
    "pct2ResTime" : 114.0,
    "pct3ResTime" : 122.0,
    "throughput" : 0.5241474741333221,
    "receivedKBytesPerSec" : 4.826139054359334,
    "sentKBytesPerSec" : 0.22010099011457865
  },
  "/images/cc-logo-mobile-1.svg-366" : {
    "transaction" : "/images/cc-logo-mobile-1.svg-366",
    "sampleCount" : 50,
    "errorCount" : 40,
    "errorPct" : 80.0,
    "meanResTime" : 188.74,
    "medianResTime" : 232.0,
    "minResTime" : 81.0,
    "maxResTime" : 273.0,
    "pct1ResTime" : 261.0,
    "pct2ResTime" : 269.34999999999997,
    "pct3ResTime" : 273.0,
    "throughput" : 0.5216647365071415,
    "receivedKBytesPerSec" : 5.370874691565725,
    "sentKBytesPerSec" : 0.23943596304527007
  },
  "/cf-fonts/v/outfit/5.0.11/latin/wght/normal.woff2-321" : {
    "transaction" : "/cf-fonts/v/outfit/5.0.11/latin/wght/normal.woff2-321",
    "sampleCount" : 50,
    "errorCount" : 38,
    "errorPct" : 76.0,
    "meanResTime" : 202.94,
    "medianResTime" : 238.0,
    "minResTime" : 81.0,
    "maxResTime" : 285.0,
    "pct1ResTime" : 276.4,
    "pct2ResTime" : 281.25,
    "pct3ResTime" : 285.0,
    "throughput" : 0.5210504376823677,
    "receivedKBytesPerSec" : 11.178913251615256,
    "sentKBytesPerSec" : 0.2381363328470196
  },
  "/images/self-learning/icons/two-pointers.svg-349" : {
    "transaction" : "/images/self-learning/icons/two-pointers.svg-349",
    "sampleCount" : 50,
    "errorCount" : 0,
    "errorPct" : 0.0,
    "meanResTime" : 90.28000000000002,
    "medianResTime" : 91.0,
    "minResTime" : 82.0,
    "maxResTime" : 99.0,
    "pct1ResTime" : 96.9,
    "pct2ResTime" : 97.44999999999999,
    "pct3ResTime" : 99.0,
    "throughput" : 0.52109388027347,
    "receivedKBytesPerSec" : 0.7739058331248958,
    "sentKBytesPerSec" : 0.24731604083291647
  },
  "/misc/jquery-popup-overlay/popupoverlay.css-318" : {
    "transaction" : "/misc/jquery-popup-overlay/popupoverlay.css-318",
    "sampleCount" : 50,
    "errorCount" : 35,
    "errorPct" : 70.0,
    "meanResTime" : 165.08000000000004,
    "medianResTime" : 100.5,
    "minResTime" : 79.0,
    "maxResTime" : 278.0,
    "pct1ResTime" : 261.0,
    "pct2ResTime" : 265.34999999999997,
    "pct3ResTime" : 278.0,
    "throughput" : 0.5235053921055386,
    "receivedKBytesPerSec" : 3.3145355362003976,
    "sentKBytesPerSec" : 0.22136507302900219
  },
  "/images/home/pro_illustration.svg-338" : {
    "transaction" : "/images/home/pro_illustration.svg-338",
    "sampleCount" : 50,
    "errorCount" : 24,
    "errorPct" : 48.0,
    "meanResTime" : 90.06000000000002,
    "medianResTime" : 89.0,
    "minResTime" : 81.0,
    "maxResTime" : 109.0,
    "pct1ResTime" : 98.0,
    "pct2ResTime" : 103.59999999999997,
    "pct3ResTime" : 109.0,
    "throughput" : 0.5203888345371661,
    "receivedKBytesPerSec" : 3.736676419620741,
    "sentKBytesPerSec" : 0.24139130508315815
  },
  "/em/libs/common/common.js-327" : {
    "transaction" : "/em/libs/common/common.js-327",
    "sampleCount" : 50,
    "errorCount" : 37,
    "errorPct" : 74.0,
    "meanResTime" : 176.93999999999997,
    "medianResTime" : 229.5,
    "minResTime" : 82.0,
    "maxResTime" : 262.0,
    "pct1ResTime" : 257.0,
    "pct2ResTime" : 261.0,
    "pct3ResTime" : 262.0,
    "throughput" : 0.5220351016402344,
    "receivedKBytesPerSec" : 5.241609672396872,
    "sentKBytesPerSec" : 0.22227275812025601
  },
  "/images/self-learning/icons/java.svg-341" : {
    "transaction" : "/images/self-learning/icons/java.svg-341",
    "sampleCount" : 50,
    "errorCount" : 0,
    "errorPct" : 0.0,
    "meanResTime" : 90.22,
    "medianResTime" : 90.0,
    "minResTime" : 82.0,
    "maxResTime" : 103.0,
    "pct1ResTime" : 95.0,
    "pct2ResTime" : 100.35,
    "pct3ResTime" : 103.0,
    "throughput" : 0.5206597800733089,
    "receivedKBytesPerSec" : 1.5467256357255916,
    "sentKBytesPerSec" : 0.24304235827640788
  },
  "/beacon.min.js/vcd15cbe7772f49c399c6a5babf22c1241717689176015-320" : {
    "transaction" : "/beacon.min.js/vcd15cbe7772f49c399c6a5babf22c1241717689176015-320",
    "sampleCount" : 50,
    "errorCount" : 0,
    "errorPct" : 0.0,
    "meanResTime" : 35.13999999999999,
    "medianResTime" : 32.0,
    "minResTime" : 24.0,
    "maxResTime" : 65.0,
    "pct1ResTime" : 55.19999999999999,
    "pct2ResTime" : 61.449999999999996,
    "pct3ResTime" : 65.0,
    "throughput" : 0.5236973029588898,
    "receivedKBytesPerSec" : 3.7488339552238807,
    "sentKBytesPerSec" : 0.23781176355066772
  },
  "/optimize.js-367" : {
    "transaction" : "/optimize.js-367",
    "sampleCount" : 50,
    "errorCount" : 50,
    "errorPct" : 100.0,
    "meanResTime" : 411.8600000000002,
    "medianResTime" : 405.0,
    "minResTime" : 388.0,
    "maxResTime" : 477.0,
    "pct1ResTime" : 446.4,
    "pct2ResTime" : 464.8999999999999,
    "pct3ResTime" : 477.0,
    "throughput" : 0.5201019399802361,
    "receivedKBytesPerSec" : 36.328775127424976,
    "sentKBytesPerSec" : 0.20722811671087532
  },
  "/cdn-cgi/rum?-301" : {
    "transaction" : "/cdn-cgi/rum?-301",
    "sampleCount" : 50,
    "errorCount" : 1,
    "errorPct" : 2.0,
    "meanResTime" : 84.64000000000001,
    "medianResTime" : 82.0,
    "minResTime" : 75.0,
    "maxResTime" : 157.0,
    "pct1ResTime" : 95.9,
    "pct2ResTime" : 111.04999999999987,
    "pct3ResTime" : 157.0,
    "throughput" : 0.5071765481564133,
    "receivedKBytesPerSec" : 0.186228888776183,
    "sentKBytesPerSec" : 0.6186167076634377
  },
  "/cdn-cgi/rum?-300" : {
    "transaction" : "/cdn-cgi/rum?-300",
    "sampleCount" : 50,
    "errorCount" : 1,
    "errorPct" : 2.0,
    "meanResTime" : 86.39999999999999,
    "medianResTime" : 84.0,
    "minResTime" : 76.0,
    "maxResTime" : 193.0,
    "pct1ResTime" : 93.0,
    "pct2ResTime" : 97.35,
    "pct3ResTime" : 193.0,
    "throughput" : 0.5071508266558474,
    "receivedKBytesPerSec" : 0.18621944416269398,
    "sentKBytesPerSec" : 0.9003908231057917
  },
  "/favicon.ico-368" : {
    "transaction" : "/favicon.ico-368",
    "sampleCount" : 50,
    "errorCount" : 39,
    "errorPct" : 78.0,
    "meanResTime" : 199.84000000000003,
    "medianResTime" : 238.0,
    "minResTime" : 84.0,
    "maxResTime" : 272.0,
    "pct1ResTime" : 263.9,
    "pct2ResTime" : 265.0,
    "pct3ResTime" : 272.0,
    "throughput" : 0.5209961446285297,
    "receivedKBytesPerSec" : 3.3262347608627696,
    "sentKBytesPerSec" : 0.23047973976242575
  },
  "/images/self-learning/icons/html.svg-353" : {
    "transaction" : "/images/self-learning/icons/html.svg-353",
    "sampleCount" : 50,
    "errorCount" : 0,
    "errorPct" : 0.0,
    "meanResTime" : 90.16000000000003,
    "medianResTime" : 90.0,
    "minResTime" : 82.0,
    "maxResTime" : 110.0,
    "pct1ResTime" : 96.0,
    "pct2ResTime" : 99.35,
    "pct3ResTime" : 110.0,
    "throughput" : 0.5212405525149857,
    "receivedKBytesPerSec" : 1.0222728531404743,
    "sentKBytesPerSec" : 0.2433134610372687
  },
  "/images/home/anmol.png-334" : {
    "transaction" : "/images/home/anmol.png-334",
    "sampleCount" : 50,
    "errorCount" : 39,
    "errorPct" : 78.0,
    "meanResTime" : 194.27999999999997,
    "medianResTime" : 242.5,
    "minResTime" : 82.0,
    "maxResTime" : 278.0,
    "pct1ResTime" : 259.9,
    "pct2ResTime" : 261.79999999999995,
    "pct3ResTime" : 278.0,
    "throughput" : 0.5209201533588931,
    "receivedKBytesPerSec" : 3.8873361217755042,
    "sentKBytesPerSec" : 0.23604194449074847
  },
  "/images/self-learning/icons/matrices.svg-371" : {
    "transaction" : "/images/self-learning/icons/matrices.svg-371",
    "sampleCount" : 50,
    "errorCount" : 19,
    "errorPct" : 38.0,
    "meanResTime" : 148.12000000000006,
    "medianResTime" : 94.0,
    "minResTime" : 80.0,
    "maxResTime" : 267.0,
    "pct1ResTime" : 251.1,
    "pct2ResTime" : 260.9,
    "pct3ResTime" : 267.0,
    "throughput" : 0.52123511873736,
    "receivedKBytesPerSec" : 0.782300614536205,
    "sentKBytesPerSec" : 0.2453469992494214
  },
  "/images/home/google_logo.svg-358" : {
    "transaction" : "/images/home/google_logo.svg-358",
    "sampleCount" : 50,
    "errorCount" : 37,
    "errorPct" : 74.0,
    "meanResTime" : 186.14,
    "medianResTime" : 233.5,
    "minResTime" : 81.0,
    "maxResTime" : 289.0,
    "pct1ResTime" : 260.9,
    "pct2ResTime" : 263.9,
    "pct3ResTime" : 289.0,
    "throughput" : 0.5213275083673065,
    "receivedKBytesPerSec" : 4.117112722085518,
    "sentKBytesPerSec" : 0.23928118059827544
  },
  "/mathjax.codeforces.org/fonts/HTML-CSS/TeX/otf/MathJax_Math-Italic.otf-298" : {
    "transaction" : "/mathjax.codeforces.org/fonts/HTML-CSS/TeX/otf/MathJax_Math-Italic.otf-298",
    "sampleCount" : 50,
    "errorCount" : 0,
    "errorPct" : 0.0,
    "meanResTime" : 96.78000000000003,
    "medianResTime" : 95.5,
    "minResTime" : 86.0,
    "maxResTime" : 116.0,
    "pct1ResTime" : 108.69999999999999,
    "pct2ResTime" : 115.44999999999999,
    "pct3ResTime" : 116.0,
    "throughput" : 0.507063393065401,
    "receivedKBytesPerSec" : 10.122381730632714,
    "sentKBytesPerSec" : 0.24412329373168234
  },
  "/-313-0" : {
    "transaction" : "/-313-0",
    "sampleCount" : 50,
    "errorCount" : 0,
    "errorPct" : 0.0,
    "meanResTime" : 166.46000000000004,
    "medianResTime" : 167.5,
    "minResTime" : 150.0,
    "maxResTime" : 185.0,
    "pct1ResTime" : 181.8,
    "pct2ResTime" : 184.45,
    "pct3ResTime" : 185.0,
    "throughput" : 0.5237302160910872,
    "receivedKBytesPerSec" : 0.5522898794373043,
    "sentKBytesPerSec" : 0.15139076558882988
  },
  "/-313-1" : {
    "transaction" : "/-313-1",
    "sampleCount" : 50,
    "errorCount" : 27,
    "errorPct" : 54.0,
    "meanResTime" : 276.32000000000005,
    "medianResTime" : 264.5,
    "minResTime" : 80.0,
    "maxResTime" : 562.0,
    "pct1ResTime" : 414.2,
    "pct2ResTime" : 555.05,
    "pct3ResTime" : 562.0,
    "throughput" : 0.5223787036650089,
    "receivedKBytesPerSec" : 6.049573902221154,
    "sentKBytesPerSec" : 0.15100009402816666
  },
  "/images/self-learning/icons/sql.svg-350" : {
    "transaction" : "/images/self-learning/icons/sql.svg-350",
    "sampleCount" : 50,
    "errorCount" : 0,
    "errorPct" : 0.0,
    "meanResTime" : 88.91999999999997,
    "medianResTime" : 89.5,
    "minResTime" : 81.0,
    "maxResTime" : 105.0,
    "pct1ResTime" : 94.9,
    "pct2ResTime" : 97.35,
    "pct3ResTime" : 105.0,
    "throughput" : 0.5211373301092304,
    "receivedKBytesPerSec" : 0.8466344136944467,
    "sentKBytesPerSec" : 0.24275635396689735
  },
  "/images/self-learning/icons/sql-case-studies-topic-wise.svg-352" : {
    "transaction" : "/images/self-learning/icons/sql-case-studies-topic-wise.svg-352",
    "sampleCount" : 50,
    "errorCount" : 0,
    "errorPct" : 0.0,
    "meanResTime" : 90.36000000000001,
    "medianResTime" : 91.0,
    "minResTime" : 83.0,
    "maxResTime" : 102.0,
    "pct1ResTime" : 95.0,
    "pct2ResTime" : 97.79999999999998,
    "pct3ResTime" : 102.0,
    "throughput" : 0.521197085465898,
    "receivedKBytesPerSec" : 0.8380686260202432,
    "sentKBytesPerSec" : 0.25499974591642083
  },
  "/images/self-learning/icons/c-sharp.svg-345" : {
    "transaction" : "/images/self-learning/icons/c-sharp.svg-345",
    "sampleCount" : 50,
    "errorCount" : 0,
    "errorPct" : 0.0,
    "meanResTime" : 90.86,
    "medianResTime" : 91.5,
    "minResTime" : 82.0,
    "maxResTime" : 101.0,
    "pct1ResTime" : 100.0,
    "pct2ResTime" : 100.0,
    "pct3ResTime" : 101.0,
    "throughput" : 0.5208767397283107,
    "receivedKBytesPerSec" : 1.5102475173712393,
    "sentKBytesPerSec" : 0.24466964043878656
  },
  "/images/home/spark.svg-357" : {
    "transaction" : "/images/home/spark.svg-357",
    "sampleCount" : 50,
    "errorCount" : 39,
    "errorPct" : 78.0,
    "meanResTime" : 175.95999999999995,
    "medianResTime" : 230.0,
    "minResTime" : 82.0,
    "maxResTime" : 298.0,
    "pct1ResTime" : 261.8,
    "pct2ResTime" : 268.94999999999993,
    "pct3ResTime" : 298.0,
    "throughput" : 0.5213166372991628,
    "receivedKBytesPerSec" : 3.821291679265152,
    "sentKBytesPerSec" : 0.23622160127618314
  },
  "/mathjax.codeforces.org/fonts/HTML-CSS/TeX/otf/MathJax_Main-Regular.otf-299" : {
    "transaction" : "/mathjax.codeforces.org/fonts/HTML-CSS/TeX/otf/MathJax_Main-Regular.otf-299",
    "sampleCount" : 50,
    "errorCount" : 0,
    "errorPct" : 0.0,
    "meanResTime" : 99.44000000000001,
    "medianResTime" : 99.0,
    "minResTime" : 89.0,
    "maxResTime" : 112.0,
    "pct1ResTime" : 106.0,
    "pct2ResTime" : 110.0,
    "pct3ResTime" : 112.0,
    "throughput" : 0.507063393065401,
    "receivedKBytesPerSec" : 17.631822221039073,
    "sentKBytesPerSec" : 0.24461847282647275
  },
  "/images/self-learning/icons/c.svg-344" : {
    "transaction" : "/images/self-learning/icons/c.svg-344",
    "sampleCount" : 50,
    "errorCount" : 0,
    "errorPct" : 0.0,
    "meanResTime" : 89.33999999999997,
    "medianResTime" : 90.0,
    "minResTime" : 82.0,
    "maxResTime" : 98.0,
    "pct1ResTime" : 95.0,
    "pct2ResTime" : 97.44999999999999,
    "pct3ResTime" : 98.0,
    "throughput" : 0.5208170578002771,
    "receivedKBytesPerSec" : 1.2785346714425592,
    "sentKBytesPerSec" : 0.24158994380383947
  },
  "/sites/all/themes/mallow/js/mallow.min.js-328" : {
    "transaction" : "/sites/all/themes/mallow/js/mallow.min.js-328",
    "sampleCount" : 50,
    "errorCount" : 39,
    "errorPct" : 78.0,
    "meanResTime" : 185.0,
    "medianResTime" : 232.0,
    "minResTime" : 82.0,
    "maxResTime" : 266.0,
    "pct1ResTime" : 258.0,
    "pct2ResTime" : 262.34999999999997,
    "pct3ResTime" : 266.0,
    "throughput" : 0.5213275083673065,
    "receivedKBytesPerSec" : 5.025607362838732,
    "sentKBytesPerSec" : 0.23011722049025637
  },
  "/images/self-learning/icons/stacks-and-queues.svg-347" : {
    "transaction" : "/images/self-learning/icons/stacks-and-queues.svg-347",
    "sampleCount" : 50,
    "errorCount" : 0,
    "errorPct" : 0.0,
    "meanResTime" : 90.34000000000003,
    "medianResTime" : 91.0,
    "minResTime" : 81.0,
    "maxResTime" : 101.0,
    "pct1ResTime" : 96.0,
    "pct2ResTime" : 99.44999999999999,
    "pct3ResTime" : 101.0,
    "throughput" : 0.5210124313566121,
    "receivedKBytesPerSec" : 0.7736424044202694,
    "sentKBytesPerSec" : 0.24982139042587556
  },
  "/complete/search-302" : {
    "transaction" : "/complete/search-302",
    "sampleCount" : 50,
    "errorCount" : 50,
    "errorPct" : 100.0,
    "meanResTime" : 321.09999999999997,
    "medianResTime" : 208.0,
    "minResTime" : 198.0,
    "maxResTime" : 719.0,
    "pct1ResTime" : 639.3,
    "pct2ResTime" : 682.3999999999999,
    "pct3ResTime" : 719.0,
    "throughput" : 0.5064265529570247,
    "receivedKBytesPerSec" : 0.6868113390171274,
    "sentKBytesPerSec" : 0.14490525392227366
  },
  "/images/home/coding_boy.svg-333" : {
    "transaction" : "/images/home/coding_boy.svg-333",
    "sampleCount" : 50,
    "errorCount" : 38,
    "errorPct" : 76.0,
    "meanResTime" : 177.8799999999999,
    "medianResTime" : 229.5,
    "minResTime" : 82.0,
    "maxResTime" : 270.0,
    "pct1ResTime" : 258.9,
    "pct2ResTime" : 261.0,
    "pct3ResTime" : 270.0,
    "throughput" : 0.5208821660363993,
    "receivedKBytesPerSec" : 4.911379631293559,
    "sentKBytesPerSec" : 0.23856810143659302
  },
  "/images/cc-logo.svg-339" : {
    "transaction" : "/images/cc-logo.svg-339",
    "sampleCount" : 50,
    "errorCount" : 38,
    "errorPct" : 76.0,
    "meanResTime" : 164.46000000000004,
    "medianResTime" : 106.5,
    "minResTime" : 80.0,
    "maxResTime" : 273.0,
    "pct1ResTime" : 259.0,
    "pct2ResTime" : 263.45,
    "pct3ResTime" : 273.0,
    "throughput" : 0.5204971789052903,
    "receivedKBytesPerSec" : 5.597225375929088,
    "sentKBytesPerSec" : 0.2343253901126356
  },
  "/images/home/group_picture.png-355" : {
    "transaction" : "/images/home/group_picture.png-355",
    "sampleCount" : 50,
    "errorCount" : 24,
    "errorPct" : 48.0,
    "meanResTime" : 89.86000000000001,
    "medianResTime" : 89.5,
    "minResTime" : 79.0,
    "maxResTime" : 112.0,
    "pct1ResTime" : 98.0,
    "pct2ResTime" : 99.0,
    "pct3ResTime" : 112.0,
    "throughput" : 0.5212514204101206,
    "receivedKBytesPerSec" : 5.59476863929923,
    "sentKBytesPerSec" : 0.24026432659528996
  },
  "/images/home/prev.svg-362" : {
    "transaction" : "/images/home/prev.svg-362",
    "sampleCount" : 50,
    "errorCount" : 40,
    "errorPct" : 80.0,
    "meanResTime" : 199.3199999999999,
    "medianResTime" : 236.0,
    "minResTime" : 85.0,
    "maxResTime" : 278.0,
    "pct1ResTime" : 261.0,
    "pct2ResTime" : 271.15,
    "pct3ResTime" : 278.0,
    "throughput" : 0.5214743121753823,
    "receivedKBytesPerSec" : 3.8423999518939946,
    "sentKBytesPerSec" : 0.23578379544648628
  },
  "/cf-fonts/v/open-sans/5.0.20/latin/wght/normal.woff2-331" : {
    "transaction" : "/cf-fonts/v/open-sans/5.0.20/latin/wght/normal.woff2-331",
    "sampleCount" : 50,
    "errorCount" : 40,
    "errorPct" : 80.0,
    "meanResTime" : 182.35999999999999,
    "medianResTime" : 231.0,
    "minResTime" : 79.0,
    "maxResTime" : 285.0,
    "pct1ResTime" : 261.9,
    "pct2ResTime" : 279.79999999999995,
    "pct3ResTime" : 285.0,
    "throughput" : 0.5207682373036703,
    "receivedKBytesPerSec" : 11.984982590066867,
    "sentKBytesPerSec" : 0.2395330466504187
  },
  "/cf-fonts/v/open-sans/5.0.20/latin/wght/normal.woff2-330" : {
    "transaction" : "/cf-fonts/v/open-sans/5.0.20/latin/wght/normal.woff2-330",
    "sampleCount" : 50,
    "errorCount" : 42,
    "errorPct" : 84.0,
    "meanResTime" : 199.4000000000001,
    "medianResTime" : 240.0,
    "minResTime" : 80.0,
    "maxResTime" : 290.0,
    "pct1ResTime" : 268.8,
    "pct2ResTime" : 278.59999999999997,
    "pct3ResTime" : 290.0,
    "throughput" : 0.5213546880213547,
    "receivedKBytesPerSec" : 13.541291942984651,
    "sentKBytesPerSec" : 0.23980279107232233
  },
  "/images/home/star.svg-361" : {
    "transaction" : "/images/home/star.svg-361",
    "sampleCount" : 50,
    "errorCount" : 39,
    "errorPct" : 78.0,
    "meanResTime" : 171.20000000000002,
    "medianResTime" : 165.0,
    "minResTime" : 79.0,
    "maxResTime" : 269.0,
    "pct1ResTime" : 260.9,
    "pct2ResTime" : 263.9,
    "pct3ResTime" : 269.0,
    "throughput" : 0.5214416819622893,
    "receivedKBytesPerSec" : 4.202952353918112,
    "sentKBytesPerSec" : 0.23576904174662106
  },
  "/complete/search-309" : {
    "transaction" : "/complete/search-309",
    "sampleCount" : 50,
    "errorCount" : 19,
    "errorPct" : 38.0,
    "meanResTime" : 220.25999999999996,
    "medianResTime" : 96.5,
    "minResTime" : 85.0,
    "maxResTime" : 699.0,
    "pct1ResTime" : 472.0,
    "pct2ResTime" : 560.3499999999999,
    "pct3ResTime" : 699.0,
    "throughput" : 0.5193887832798363,
    "receivedKBytesPerSec" : 1.2967372808179336,
    "sentKBytesPerSec" : 0.1475997421234691
  },
  "/complete/search-308" : {
    "transaction" : "/complete/search-308",
    "sampleCount" : 50,
    "errorCount" : 16,
    "errorPct" : 32.0,
    "meanResTime" : 189.24000000000004,
    "medianResTime" : 92.0,
    "minResTime" : 85.0,
    "maxResTime" : 541.0,
    "pct1ResTime" : 467.09999999999997,
    "pct2ResTime" : 527.4,
    "pct3ResTime" : 541.0,
    "throughput" : 0.5175983436853002,
    "receivedKBytesPerSec" : 0.572744807841615,
    "sentKBytesPerSec" : 0.15113467261904762
  },
  "/ccm/collect?en=page_view&dl=https%3A%2F%2Fwww.codechef.com%2F&scrsrc=www.googletagmanager.com&frm=0&rnd=1280901479.1734515118&dt=CodeChef%20-%20Learn%20and%20Practice%20Coding%20with%20Problems&auid=1523826232.1734515118&navt=n&npa=0&gtm=45He4cc1v71598775za200&gcd=13l3l3l3l1l1&dma=0&tag_exp=101925629~102067555~102067808~102081485~102198178&tft=1734515118469&tfd=14802&apve=1-380" : {
    "transaction" : "/ccm/collect?en=page_view&dl=https%3A%2F%2Fwww.codechef.com%2F&scrsrc=www.googletagmanager.com&frm=0&rnd=1280901479.1734515118&dt=CodeChef%20-%20Learn%20and%20Practice%20Coding%20with%20Problems&auid=1523826232.1734515118&navt=n&npa=0&gtm=45He4cc1v71598775za200&gcd=13l3l3l3l1l1&dma=0&tag_exp=101925629~102067555~102067808~102081485~102198178&tft=1734515118469&tfd=14802&apve=1-380",
    "sampleCount" : 50,
    "errorCount" : 0,
    "errorPct" : 0.0,
    "meanResTime" : 97.56000000000003,
    "medianResTime" : 85.0,
    "minResTime" : 70.0,
    "maxResTime" : 144.0,
    "pct1ResTime" : 133.9,
    "pct2ResTime" : 139.79999999999998,
    "pct3ResTime" : 144.0,
    "throughput" : 0.5215776681305614,
    "receivedKBytesPerSec" : 0.2857471404504345,
    "sentKBytesPerSec" : 0.44160921705976236
  },
  "/complete/search-307" : {
    "transaction" : "/complete/search-307",
    "sampleCount" : 50,
    "errorCount" : 16,
    "errorPct" : 32.0,
    "meanResTime" : 196.34,
    "medianResTime" : 94.0,
    "minResTime" : 86.0,
    "maxResTime" : 541.0,
    "pct1ResTime" : 460.9,
    "pct2ResTime" : 475.4,
    "pct3ResTime" : 541.0,
    "throughput" : 0.5160597803649575,
    "receivedKBytesPerSec" : 0.5703770881068863,
    "sentKBytesPerSec" : 0.15018145952027082
  },
  "/complete/search-306" : {
    "transaction" : "/complete/search-306",
    "sampleCount" : 50,
    "errorCount" : 17,
    "errorPct" : 34.0,
    "meanResTime" : 191.77999999999992,
    "medianResTime" : 95.5,
    "minResTime" : 90.0,
    "maxResTime" : 524.0,
    "pct1ResTime" : 465.4,
    "pct2ResTime" : 512.0,
    "pct3ResTime" : 524.0,
    "throughput" : 0.5137954066690643,
    "receivedKBytesPerSec" : 0.5689983076863793,
    "sentKBytesPerSec" : 0.14902073806710167
  },
  "/complete/search-305" : {
    "transaction" : "/complete/search-305",
    "sampleCount" : 50,
    "errorCount" : 16,
    "errorPct" : 32.0,
    "meanResTime" : 185.4,
    "medianResTime" : 99.5,
    "minResTime" : 91.0,
    "maxResTime" : 517.0,
    "pct1ResTime" : 436.19999999999993,
    "pct2ResTime" : 474.7999999999999,
    "pct3ResTime" : 517.0,
    "throughput" : 0.512263590353052,
    "receivedKBytesPerSec" : 0.6461224687775342,
    "sentKBytesPerSec" : 0.1480761940864291
  },
  "/complete/search-304" : {
    "transaction" : "/complete/search-304",
    "sampleCount" : 50,
    "errorCount" : 16,
    "errorPct" : 32.0,
    "meanResTime" : 188.38000000000002,
    "medianResTime" : 99.0,
    "minResTime" : 92.0,
    "maxResTime" : 555.0,
    "pct1ResTime" : 487.69999999999993,
    "pct2ResTime" : 504.59999999999997,
    "pct3ResTime" : 555.0,
    "throughput" : 0.5109235454006663,
    "receivedKBytesPerSec" : 0.6778019526220597,
    "sentKBytesPerSec" : 0.14718988856757476
  },
  "/complete/search-303" : {
    "transaction" : "/complete/search-303",
    "sampleCount" : 50,
    "errorCount" : 16,
    "errorPct" : 32.0,
    "meanResTime" : 197.48,
    "medianResTime" : 99.5,
    "minResTime" : 92.0,
    "maxResTime" : 516.0,
    "pct1ResTime" : 437.5,
    "pct2ResTime" : 485.94999999999993,
    "pct3ResTime" : 516.0,
    "throughput" : 0.5096528244959534,
    "receivedKBytesPerSec" : 0.6953277099514811,
    "sentKBytesPerSec" : 0.14632610390801787
  },
  "/images/self-learning/icons/python.svg-340" : {
    "transaction" : "/images/self-learning/icons/python.svg-340",
    "sampleCount" : 50,
    "errorCount" : 28,
    "errorPct" : 56.0,
    "meanResTime" : 200.40000000000003,
    "medianResTime" : 235.0,
    "minResTime" : 83.0,
    "maxResTime" : 1254.0,
    "pct1ResTime" : 261.8,
    "pct2ResTime" : 285.84999999999985,
    "pct3ResTime" : 1254.0,
    "throughput" : 0.5206218307146054,
    "receivedKBytesPerSec" : 1.474437630806235,
    "sentKBytesPerSec" : 0.24404148314747134
  },
  "/-314" : {
    "transaction" : "/-314",
    "sampleCount" : 50,
    "errorCount" : 50,
    "errorPct" : 100.0,
    "meanResTime" : 305.41999999999996,
    "medianResTime" : 256.0,
    "minResTime" : 81.0,
    "maxResTime" : 572.0,
    "pct1ResTime" : 523.6,
    "pct2ResTime" : 548.5999999999999,
    "pct3ResTime" : 572.0,
    "throughput" : 0.5204484183572565,
    "receivedKBytesPerSec" : 6.058934440413861,
    "sentKBytesPerSec" : 0.1941516560668672
  },
  "/sites/all/modules/codechef_common_functions/js/codechefGenericModal.js-323" : {
    "transaction" : "/sites/all/modules/codechef_common_functions/js/codechefGenericModal.js-323",
    "sampleCount" : 50,
    "errorCount" : 39,
    "errorPct" : 78.0,
    "meanResTime" : 175.10000000000002,
    "medianResTime" : 229.0,
    "minResTime" : 79.0,
    "maxResTime" : 271.0,
    "pct1ResTime" : 260.0,
    "pct2ResTime" : 263.79999999999995,
    "pct3ResTime" : 271.0,
    "throughput" : 0.5227992764458014,
    "receivedKBytesPerSec" : 4.3748803279781265,
    "sentKBytesPerSec" : 0.22821413727663403
  },
  "/images/icons/social-sprite.svg-365" : {
    "transaction" : "/images/icons/social-sprite.svg-365",
    "sampleCount" : 50,
    "errorCount" : 37,
    "errorPct" : 74.0,
    "meanResTime" : 193.28,
    "medianResTime" : 233.5,
    "minResTime" : 82.0,
    "maxResTime" : 284.0,
    "pct1ResTime" : 263.8,
    "pct2ResTime" : 266.9,
    "pct3ResTime" : 284.0,
    "throughput" : 0.5215885500881484,
    "receivedKBytesPerSec" : 5.342003982328579,
    "sentKBytesPerSec" : 0.24092908612470137
  },
  "/images/home/learn_img.png-370" : {
    "transaction" : "/images/home/learn_img.png-370",
    "sampleCount" : 50,
    "errorCount" : 0,
    "errorPct" : 0.0,
    "meanResTime" : 92.48,
    "medianResTime" : 93.0,
    "minResTime" : 83.0,
    "maxResTime" : 106.0,
    "pct1ResTime" : 99.0,
    "pct2ResTime" : 102.44999999999999,
    "pct3ResTime" : 106.0,
    "throughput" : 0.5211318984835063,
    "receivedKBytesPerSec" : 8.623216344650581,
    "sentKBytesPerSec" : 0.23817356297878994
  },
  "/images/self-learning/icons/web-dev-js.svg-354" : {
    "transaction" : "/images/self-learning/icons/web-dev-js.svg-354",
    "sampleCount" : 50,
    "errorCount" : 1,
    "errorPct" : 2.0,
    "meanResTime" : 92.54,
    "medianResTime" : 91.0,
    "minResTime" : 81.0,
    "maxResTime" : 162.0,
    "pct1ResTime" : 99.8,
    "pct2ResTime" : 106.69999999999997,
    "pct3ResTime" : 162.0,
    "throughput" : 0.5212405525149857,
    "receivedKBytesPerSec" : 3.2765771598905395,
    "sentKBytesPerSec" : 0.2463676048996612
  },
  "/-313" : {
    "transaction" : "/-313",
    "sampleCount" : 50,
    "errorCount" : 50,
    "errorPct" : 100.0,
    "meanResTime" : 442.97999999999996,
    "medianResTime" : 430.0,
    "minResTime" : 239.0,
    "maxResTime" : 744.0,
    "pct1ResTime" : 588.2,
    "pct2ResTime" : 726.4,
    "pct3ResTime" : 744.0,
    "throughput" : 0.5215178254792748,
    "receivedKBytesPerSec" : 6.5895610710411585,
    "sentKBytesPerSec" : 0.3015024928552058
  },
  "/images/home/learn_content_abs.png-337" : {
    "transaction" : "/images/home/learn_content_abs.png-337",
    "sampleCount" : 50,
    "errorCount" : 0,
    "errorPct" : 0.0,
    "meanResTime" : 93.56,
    "medianResTime" : 93.5,
    "minResTime" : 85.0,
    "maxResTime" : 111.0,
    "pct1ResTime" : 99.9,
    "pct2ResTime" : 102.89999999999999,
    "pct3ResTime" : 111.0,
    "throughput" : 0.5203238495639686,
    "receivedKBytesPerSec" : 16.954508736237436,
    "sentKBytesPerSec" : 0.24186928944575106
  },
  "/gtm.js-376" : {
    "transaction" : "/gtm.js-376",
    "sampleCount" : 50,
    "errorCount" : 50,
    "errorPct" : 100.0,
    "meanResTime" : 578.5,
    "medianResTime" : 554.0,
    "minResTime" : 524.0,
    "maxResTime" : 1539.0,
    "pct1ResTime" : 589.7,
    "pct2ResTime" : 636.5999999999997,
    "pct3ResTime" : 1539.0,
    "throughput" : 0.5187367722123086,
    "receivedKBytesPerSec" : 59.437305149499934,
    "sentKBytesPerSec" : 0.19705918397518363
  },
  "/complete/search-311" : {
    "transaction" : "/complete/search-311",
    "sampleCount" : 50,
    "errorCount" : 16,
    "errorPct" : 32.0,
    "meanResTime" : 194.99999999999997,
    "medianResTime" : 93.0,
    "minResTime" : 86.0,
    "maxResTime" : 549.0,
    "pct1ResTime" : 469.9,
    "pct2ResTime" : 494.74999999999983,
    "pct3ResTime" : 549.0,
    "throughput" : 0.5223896190734898,
    "receivedKBytesPerSec" : 0.5781077774672462,
    "sentKBytesPerSec" : 0.14998295703867773
  },
  "/complete/search-310" : {
    "transaction" : "/complete/search-310",
    "sampleCount" : 50,
    "errorCount" : 16,
    "errorPct" : 32.0,
    "meanResTime" : 190.26,
    "medianResTime" : 97.5,
    "minResTime" : 91.0,
    "maxResTime" : 516.0,
    "pct1ResTime" : 456.49999999999994,
    "pct2ResTime" : 473.9999999999999,
    "pct3ResTime" : 516.0,
    "throughput" : 0.5207248489897938,
    "receivedKBytesPerSec" : 0.7210208485211415,
    "sentKBytesPerSec" : 0.1489964655800875
  },
  "/images/home/gifs/learn-animation.gif-336" : {
    "transaction" : "/images/home/gifs/learn-animation.gif-336",
    "sampleCount" : 50,
    "errorCount" : 50,
    "errorPct" : 100.0,
    "meanResTime" : 350.9999999999999,
    "medianResTime" : 381.0,
    "minResTime" : 227.0,
    "maxResTime" : 593.0,
    "pct1ResTime" : 422.9,
    "pct2ResTime" : 427.79999999999995,
    "pct3ResTime" : 593.0,
    "throughput" : 0.5193833880417169,
    "receivedKBytesPerSec" : 113.32713224734594,
    "sentKBytesPerSec" : 0.2429537528046703
  },
  "/images/home/hamid.png-372" : {
    "transaction" : "/images/home/hamid.png-372",
    "sampleCount" : 50,
    "errorCount" : 33,
    "errorPct" : 66.0,
    "meanResTime" : 143.54,
    "medianResTime" : 95.5,
    "minResTime" : 80.0,
    "maxResTime" : 265.0,
    "pct1ResTime" : 257.9,
    "pct2ResTime" : 261.79999999999995,
    "pct3ResTime" : 265.0,
    "throughput" : 0.5209907159454419,
    "receivedKBytesPerSec" : 3.485153148477144,
    "sentKBytesPerSec" : 0.23607391816277834
  },
  "/images/home/user_deafult.jpg-373" : {
    "transaction" : "/images/home/user_deafult.jpg-373",
    "sampleCount" : 50,
    "errorCount" : 19,
    "errorPct" : 38.0,
    "meanResTime" : 89.76,
    "medianResTime" : 90.0,
    "minResTime" : 79.0,
    "maxResTime" : 104.0,
    "pct1ResTime" : 97.0,
    "pct2ResTime" : 100.0,
    "pct3ResTime" : 104.0,
    "throughput" : 0.521180787191461,
    "receivedKBytesPerSec" : 2.921482974326634,
    "sentKBytesPerSec" : 0.23972280348357236
  },
  "/images/self-learning/icons/time-complexity.svg-374" : {
    "transaction" : "/images/self-learning/icons/time-complexity.svg-374",
    "sampleCount" : 50,
    "errorCount" : 25,
    "errorPct" : 50.0,
    "meanResTime" : 171.04000000000002,
    "medianResTime" : 164.5,
    "minResTime" : 82.0,
    "maxResTime" : 288.0,
    "pct1ResTime" : 266.0,
    "pct2ResTime" : 272.59999999999997,
    "pct3ResTime" : 288.0,
    "throughput" : 0.5210667278051627,
    "receivedKBytesPerSec" : 0.8129658662213284,
    "sentKBytesPerSec" : 0.2488297166960201
  },
  "/mathjax.codeforces.org/fonts/HTML-CSS/TeX/otf/MathJax_Size1-Regular.otf-297" : {
    "transaction" : "/mathjax.codeforces.org/fonts/HTML-CSS/TeX/otf/MathJax_Size1-Regular.otf-297",
    "sampleCount" : 50,
    "errorCount" : 50,
    "errorPct" : 100.0,
    "meanResTime" : 279.35999999999996,
    "medianResTime" : 260.5,
    "minResTime" : 236.0,
    "maxResTime" : 1319.0,
    "pct1ResTime" : 274.9,
    "pct2ResTime" : 282.59999999999997,
    "pct3ResTime" : 1319.0,
    "throughput" : 0.5061138553729047,
    "receivedKBytesPerSec" : 3.3537654396358003,
    "sentKBytesPerSec" : 0.24465464688436311
  },
  "/sites/all/modules/codechef_alerts/codechef_alerts.js-322" : {
    "transaction" : "/sites/all/modules/codechef_alerts/codechef_alerts.js-322",
    "sampleCount" : 50,
    "errorCount" : 38,
    "errorPct" : 76.0,
    "meanResTime" : 156.43999999999997,
    "medianResTime" : 96.5,
    "minResTime" : 80.0,
    "maxResTime" : 272.0,
    "pct1ResTime" : 262.9,
    "pct2ResTime" : 266.34999999999997,
    "pct3ResTime" : 272.0,
    "throughput" : 0.5213220727765613,
    "receivedKBytesPerSec" : 4.393930507767699,
    "sentKBytesPerSec" : 0.2382604785736628
  },
  "/images/home/next.svg-363" : {
    "transaction" : "/images/home/next.svg-363",
    "sampleCount" : 50,
    "errorCount" : 39,
    "errorPct" : 78.0,
    "meanResTime" : 183.04,
    "medianResTime" : 229.5,
    "minResTime" : 79.0,
    "maxResTime" : 271.0,
    "pct1ResTime" : 258.9,
    "pct2ResTime" : 262.45,
    "pct3ResTime" : 271.0,
    "throughput" : 0.5215395848544905,
    "receivedKBytesPerSec" : 4.12279079091478,
    "sentKBytesPerSec" : 0.2358133083863565
  },
  "/misc/drupal.js-326" : {
    "transaction" : "/misc/drupal.js-326",
    "sampleCount" : 50,
    "errorCount" : 39,
    "errorPct" : 78.0,
    "meanResTime" : 197.94000000000005,
    "medianResTime" : 232.5,
    "minResTime" : 80.0,
    "maxResTime" : 283.0,
    "pct1ResTime" : 264.0,
    "pct2ResTime" : 272.45,
    "pct3ResTime" : 283.0,
    "throughput" : 0.5219697048783288,
    "receivedKBytesPerSec" : 3.902498342746187,
    "sentKBytesPerSec" : 0.19930679160881504
  },
  "/cdn-cgi/scripts/7d0fa10a/cloudflare-static/rocket-loader.min.js-319" : {
    "transaction" : "/cdn-cgi/scripts/7d0fa10a/cloudflare-static/rocket-loader.min.js-319",
    "sampleCount" : 50,
    "errorCount" : 27,
    "errorPct" : 54.0,
    "meanResTime" : 166.0,
    "medianResTime" : 222.0,
    "minResTime" : 74.0,
    "maxResTime" : 260.0,
    "pct1ResTime" : 252.8,
    "pct2ResTime" : 259.0,
    "pct3ResTime" : 260.0,
    "throughput" : 0.5241474741333221,
    "receivedKBytesPerSec" : 2.400820651148407,
    "sentKBytesPerSec" : 0.21754167627603702
  },
  "/images/self-learning/icons/linked-lists.svg-346" : {
    "transaction" : "/images/self-learning/icons/linked-lists.svg-346",
    "sampleCount" : 50,
    "errorCount" : 0,
    "errorPct" : 0.0,
    "meanResTime" : 89.78,
    "medianResTime" : 90.0,
    "minResTime" : 82.0,
    "maxResTime" : 100.0,
    "pct1ResTime" : 96.9,
    "pct2ResTime" : 98.89999999999999,
    "pct3ResTime" : 100.0,
    "throughput" : 0.5209364353361603,
    "receivedKBytesPerSec" : 0.7651966111782541,
    "sentKBytesPerSec" : 0.24724131598962296
  },
  "/sites/all/themes/mallow/css/mallow.css-316" : {
    "transaction" : "/sites/all/themes/mallow/css/mallow.css-316",
    "sampleCount" : 50,
    "errorCount" : 36,
    "errorPct" : 72.0,
    "meanResTime" : 170.54000000000002,
    "medianResTime" : 165.5,
    "minResTime" : 81.0,
    "maxResTime" : 278.0,
    "pct1ResTime" : 265.8,
    "pct2ResTime" : 271.15,
    "pct3ResTime" : 278.0,
    "throughput" : 0.5226353364203661,
    "receivedKBytesPerSec" : 11.549465148062591,
    "sentKBytesPerSec" : 0.23681913681547836
  },
  "/submit/firefox-desktop/newtab/1/abe4d423-0b60-4466-b28c-2205d30027ae-315" : {
    "transaction" : "/submit/firefox-desktop/newtab/1/abe4d423-0b60-4466-b28c-2205d30027ae-315",
    "sampleCount" : 50,
    "errorCount" : 50,
    "errorPct" : 100.0,
    "meanResTime" : 362.0200000000001,
    "medianResTime" : 365.0,
    "minResTime" : 321.0,
    "maxResTime" : 475.0,
    "pct1ResTime" : 382.8,
    "pct2ResTime" : 395.74999999999994,
    "pct3ResTime" : 475.0,
    "throughput" : 0.519766728692163,
    "receivedKBytesPerSec" : 0.42937604603054147,
    "sentKBytesPerSec" : 1.5136175634375293
  },
  "/sites/all/modules/codechef_common_functions/codechef_common_functions.js-325" : {
    "transaction" : "/sites/all/modules/codechef_common_functions/codechef_common_functions.js-325",
    "sampleCount" : 50,
    "errorCount" : 32,
    "errorPct" : 64.0,
    "meanResTime" : 193.66000000000003,
    "medianResTime" : 231.0,
    "minResTime" : 85.0,
    "maxResTime" : 1252.0,
    "pct1ResTime" : 257.0,
    "pct2ResTime" : 274.4999999999999,
    "pct3ResTime" : 1252.0,
    "throughput" : 0.5213383798888506,
    "receivedKBytesPerSec" : 3.5884066889017485,
    "sentKBytesPerSec" : 0.2484503216657804
  },
  "Total" : {
    "transaction" : "Total",
    "sampleCount" : 4250,
    "errorCount" : 2124,
    "errorPct" : 49.97647,
    "meanResTime" : 180.53011764705883,
    "medianResTime" : 98.0,
    "minResTime" : 24.0,
    "maxResTime" : 1539.0,
    "pct1ResTime" : 353.9000000000001,
    "pct2ResTime" : 427.0,
    "pct3ResTime" : 577.4699999999993,
    "throughput" : 38.449707782220855,
    "receivedKBytesPerSec" : 487.12983498007395,
    "sentKBytesPerSec" : 19.63435388093256
  },
  "/images/home/practice_img.png-332" : {
    "transaction" : "/images/home/practice_img.png-332",
    "sampleCount" : 50,
    "errorCount" : 50,
    "errorPct" : 100.0,
    "meanResTime" : 254.76,
    "medianResTime" : 258.0,
    "minResTime" : 230.0,
    "maxResTime" : 278.0,
    "pct1ResTime" : 272.0,
    "pct2ResTime" : 276.34999999999997,
    "pct3ResTime" : 278.0,
    "throughput" : 0.5199018425321299,
    "receivedKBytesPerSec" : 7.264754976760388,
    "sentKBytesPerSec" : 0.23913453889905587
  },
  "/images/self-learning/icons/cpp.svg-342" : {
    "transaction" : "/images/self-learning/icons/cpp.svg-342",
    "sampleCount" : 50,
    "errorCount" : 0,
    "errorPct" : 0.0,
    "meanResTime" : 89.39999999999999,
    "medianResTime" : 90.0,
    "minResTime" : 82.0,
    "maxResTime" : 106.0,
    "pct1ResTime" : 94.9,
    "pct2ResTime" : 98.24999999999997,
    "pct3ResTime" : 106.0,
    "throughput" : 0.5207031575439474,
    "receivedKBytesPerSec" : 1.2237236101130966,
    "sentKBytesPerSec" : 0.24255410756685827
  },
  "/images/self-learning/icons/greedy-algorithms.svg-348" : {
    "transaction" : "/images/self-learning/icons/greedy-algorithms.svg-348",
    "sampleCount" : 50,
    "errorCount" : 0,
    "errorPct" : 0.0,
    "meanResTime" : 90.09999999999998,
    "medianResTime" : 90.0,
    "minResTime" : 82.0,
    "maxResTime" : 107.0,
    "pct1ResTime" : 95.0,
    "pct2ResTime" : 98.89999999999999,
    "pct3ResTime" : 107.0,
    "throughput" : 0.5210612976510557,
    "receivedKBytesPerSec" : 0.7821007954000708,
    "sentKBytesPerSec" : 0.2498448214322933
  },
  "codechef" : {
    "transaction" : "codechef",
    "sampleCount" : 50,
    "errorCount" : 50,
    "errorPct" : 100.0,
    "meanResTime" : 562.3000000000001,
    "medianResTime" : 548.5,
    "minResTime" : 230.0,
    "maxResTime" : 1290.0,
    "pct1ResTime" : 1246.4,
    "pct2ResTime" : 1278.5,
    "pct3ResTime" : 1290.0,
    "throughput" : 0.5082230489317151,
    "receivedKBytesPerSec" : 34.917881478573314,
    "sentKBytesPerSec" : 0.05856476540424061
  },
  "/images/home/star_icon.svg-359" : {
    "transaction" : "/images/home/star_icon.svg-359",
    "sampleCount" : 50,
    "errorCount" : 42,
    "errorPct" : 84.0,
    "meanResTime" : 190.26,
    "medianResTime" : 234.5,
    "minResTime" : 81.0,
    "maxResTime" : 277.0,
    "pct1ResTime" : 260.9,
    "pct2ResTime" : 262.9,
    "pct3ResTime" : 277.0,
    "throughput" : 0.5213601242922535,
    "receivedKBytesPerSec" : 4.314784534894633,
    "sentKBytesPerSec" : 0.23827786930544403
  },
  "/images/self-learning/icons/javascript.svg-343" : {
    "transaction" : "/images/self-learning/icons/javascript.svg-343",
    "sampleCount" : 50,
    "errorCount" : 1,
    "errorPct" : 2.0,
    "meanResTime" : 92.15999999999998,
    "medianResTime" : 90.0,
    "minResTime" : 82.0,
    "maxResTime" : 185.0,
    "pct1ResTime" : 96.0,
    "pct2ResTime" : 99.35,
    "pct3ResTime" : 185.0,
    "throughput" : 0.5207465422429595,
    "receivedKBytesPerSec" : 1.6016312548169054,
    "sentKBytesPerSec" : 0.2461341078570238
  }
}