{
  "/submit/firefox-desktop/newtab/1/ad07c5e7-ff6e-4676-95f0-6af6f0670c15-122" : {
    "transaction" : "/submit/firefox-desktop/newtab/1/ad07c5e7-ff6e-4676-95f0-6af6f0670c15-122",
    "sampleCount" : 100,
    "errorCount" : 100,
    "errorPct" : 100.0,
    "meanResTime" : 282.03,
    "medianResTime" : 287.5,
    "minResTime" : 243.0,
    "maxResTime" : 317.0,
    "pct1ResTime" : 306.0,
    "pct2ResTime" : 311.0,
    "pct3ResTime" : 317.0,
    "throughput" : 1.0109281331190165,
    "receivedKBytesPerSec" : 0.8173117019986049,
    "sentKBytesPerSec" : 2.967626922027113
  },
  "/static/images/landing_page/apple.svg-141-0" : {
    "transaction" : "/static/images/landing_page/apple.svg-141-0",
    "sampleCount" : 100,
    "errorCount" : 0,
    "errorPct" : 0.0,
    "meanResTime" : 11.579999999999998,
    "medianResTime" : 9.5,
    "minResTime" : 7.0,
    "maxResTime" : 51.0,
    "pct1ResTime" : 17.900000000000006,
    "pct2ResTime" : 20.899999999999977,
    "pct3ResTime" : 50.889999999999944,
    "throughput" : 1.016136243547535,
    "receivedKBytesPerSec" : 0.6410390755192455,
    "sentKBytesPerSec" : 0.4693676203105312
  },
  "/complete/search-120" : {
    "transaction" : "/complete/search-120",
    "sampleCount" : 100,
    "errorCount" : 100,
    "errorPct" : 100.0,
    "meanResTime" : 401.87999999999994,
    "medianResTime" : 389.0,
    "minResTime" : 254.0,
    "maxResTime" : 548.0,
    "pct1ResTime" : 527.7,
    "pct2ResTime" : 535.9,
    "pct3ResTime" : 547.99,
    "throughput" : 1.0007004903432402,
    "receivedKBytesPerSec" : 1.2557618457920543,
    "sentKBytesPerSec" : 0.2882877389172421
  },
  "/static/images/landing_page/apple.svg-141-1" : {
    "transaction" : "/static/images/landing_page/apple.svg-141-1",
    "sampleCount" : 100,
    "errorCount" : 0,
    "errorPct" : 0.0,
    "meanResTime" : 20.3,
    "medianResTime" : 18.0,
    "minResTime" : 13.0,
    "maxResTime" : 52.0,
    "pct1ResTime" : 31.900000000000006,
    "pct2ResTime" : 34.94999999999999,
    "pct3ResTime" : 51.91999999999996,
    "throughput" : 1.0160330007518645,
    "receivedKBytesPerSec" : 1.1698270584828596,
    "sentKBytesPerSec" : 0.49015654528459085
  },
  "/nr-spa-1.276.0.min.js-175" : {
    "transaction" : "/nr-spa-1.276.0.min.js-175",
    "sampleCount" : 100,
    "errorCount" : 100,
    "errorPct" : 100.0,
    "meanResTime" : 424.74999999999994,
    "medianResTime" : 216.0,
    "minResTime" : 173.0,
    "maxResTime" : 15617.0,
    "pct1ResTime" : 423.5000000000001,
    "pct2ResTime" : 616.7499999999995,
    "pct3ResTime" : 15473.439999999926,
    "throughput" : 1.016208525989533,
    "receivedKBytesPerSec" : 33.80878131192521,
    "sentKBytesPerSec" : 0.4068803668512779
  },
  "/static_assets/public/images/landing_page/intel.svg-157" : {
    "transaction" : "/static_assets/public/images/landing_page/intel.svg-157",
    "sampleCount" : 100,
    "errorCount" : 0,
    "errorPct" : 0.0,
    "meanResTime" : 20.15,
    "medianResTime" : 18.0,
    "minResTime" : 12.0,
    "maxResTime" : 53.0,
    "pct1ResTime" : 30.0,
    "pct2ResTime" : 35.849999999999966,
    "pct3ResTime" : 52.93999999999997,
    "throughput" : 1.0161775465409317,
    "receivedKBytesPerSec" : 1.9410578916348264,
    "sentKBytesPerSec" : 0.48824155556458826
  },
  "/static/codemirror/lib/codemirror.css-164-1" : {
    "transaction" : "/static/codemirror/lib/codemirror.css-164-1",
    "sampleCount" : 100,
    "errorCount" : 0,
    "errorPct" : 0.0,
    "meanResTime" : 20.860000000000003,
    "medianResTime" : 19.0,
    "minResTime" : 12.0,
    "maxResTime" : 51.0,
    "pct1ResTime" : 27.900000000000006,
    "pct2ResTime" : 32.89999999999998,
    "pct3ResTime" : 50.86999999999993,
    "throughput" : 1.017780627563535,
    "receivedKBytesPerSec" : 3.2262850752648773,
    "sentKBytesPerSec" : 0.4631696996529368
  },
  "/static/images/landing_page/amazon.svg-147" : {
    "transaction" : "/static/images/landing_page/amazon.svg-147",
    "sampleCount" : 100,
    "errorCount" : 0,
    "errorPct" : 0.0,
    "meanResTime" : 32.79999999999999,
    "medianResTime" : 30.0,
    "minResTime" : 22.0,
    "maxResTime" : 74.0,
    "pct1ResTime" : 46.0,
    "pct2ResTime" : 52.799999999999955,
    "pct3ResTime" : 73.94999999999997,
    "throughput" : 1.0155789815773972,
    "receivedKBytesPerSec" : 2.893011610606707,
    "sentKBytesPerSec" : 0.9610312823715801
  },
  "/static/codemirror/lib/codemirror.css-164-0" : {
    "transaction" : "/static/codemirror/lib/codemirror.css-164-0",
    "sampleCount" : 100,
    "errorCount" : 0,
    "errorPct" : 0.0,
    "meanResTime" : 12.730000000000002,
    "medianResTime" : 11.0,
    "minResTime" : 6.0,
    "maxResTime" : 41.0,
    "pct1ResTime" : 21.0,
    "pct2ResTime" : 23.94999999999999,
    "pct3ResTime" : 40.84999999999992,
    "throughput" : 1.0177288363288486,
    "receivedKBytesPerSec" : 0.6420437776058947,
    "sentKBytesPerSec" : 0.4422747384436891
  },
  "/static/images/landing_page/uber.svg-142-0" : {
    "transaction" : "/static/images/landing_page/uber.svg-142-0",
    "sampleCount" : 100,
    "errorCount" : 0,
    "errorPct" : 0.0,
    "meanResTime" : 11.010000000000002,
    "medianResTime" : 9.0,
    "minResTime" : 6.0,
    "maxResTime" : 29.0,
    "pct1ResTime" : 19.0,
    "pct2ResTime" : 25.94999999999999,
    "pct3ResTime" : 28.989999999999995,
    "throughput" : 1.015950421619425,
    "receivedKBytesPerSec" : 0.6399297089302042,
    "sentKBytesPerSec" : 0.4682896474652037
  },
  "/static_assets/public/images/landing_page/squarespace.svg-152" : {
    "transaction" : "/static_assets/public/images/landing_page/squarespace.svg-152",
    "sampleCount" : 100,
    "errorCount" : 0,
    "errorPct" : 0.0,
    "meanResTime" : 20.33,
    "medianResTime" : 18.0,
    "minResTime" : 13.0,
    "maxResTime" : 55.0,
    "pct1ResTime" : 28.0,
    "pct2ResTime" : 31.94999999999999,
    "pct3ResTime" : 54.8099999999999,
    "throughput" : 1.0155789815773972,
    "receivedKBytesPerSec" : 1.2704655033209433,
    "sentKBytesPerSec" : 0.49390462189994516
  },
  "/static/images/landing_page/uber.svg-142-1" : {
    "transaction" : "/static/images/landing_page/uber.svg-142-1",
    "sampleCount" : 100,
    "errorCount" : 0,
    "errorPct" : 0.0,
    "meanResTime" : 20.649999999999995,
    "medianResTime" : 18.0,
    "minResTime" : 13.0,
    "maxResTime" : 83.0,
    "pct1ResTime" : 29.0,
    "pct2ResTime" : 33.0,
    "pct3ResTime" : 82.62999999999981,
    "throughput" : 1.016053647632595,
    "receivedKBytesPerSec" : 1.2512145016256857,
    "sentKBytesPerSec" : 0.4891742659012396
  },
  "/static_assets/public/images/landing_page/stripe.svg-162" : {
    "transaction" : "/static_assets/public/images/landing_page/stripe.svg-162",
    "sampleCount" : 100,
    "errorCount" : 0,
    "errorPct" : 0.0,
    "meanResTime" : 20.27999999999999,
    "medianResTime" : 18.0,
    "minResTime" : 13.0,
    "maxResTime" : 52.0,
    "pct1ResTime" : 27.900000000000006,
    "pct2ResTime" : 36.89999999999998,
    "pct3ResTime" : 51.909999999999954,
    "throughput" : 1.0163118044616088,
    "receivedKBytesPerSec" : 1.8827573174449923,
    "sentKBytesPerSec" : 0.4892985542964582
  },
  "/static/images/landing_page/leap-motion.svg-140-1" : {
    "transaction" : "/static/images/landing_page/leap-motion.svg-140-1",
    "sampleCount" : 100,
    "errorCount" : 0,
    "errorPct" : 0.0,
    "meanResTime" : 20.430000000000003,
    "medianResTime" : 18.0,
    "minResTime" : 13.0,
    "maxResTime" : 62.0,
    "pct1ResTime" : 28.80000000000001,
    "pct2ResTime" : 33.94999999999999,
    "pct3ResTime" : 61.74999999999987,
    "throughput" : 1.01592977893368,
    "receivedKBytesPerSec" : 1.842364843242035,
    "sentKBytesPerSec" : 0.49605946236996096
  },
  "/static/webpack_bundles/apps/playground/shared_playground.3bedc52d6.js-165-0" : {
    "transaction" : "/static/webpack_bundles/apps/playground/shared_playground.3bedc52d6.js-165-0",
    "sampleCount" : 100,
    "errorCount" : 0,
    "errorPct" : 0.0,
    "meanResTime" : 12.63,
    "medianResTime" : 10.0,
    "minResTime" : 7.0,
    "maxResTime" : 50.0,
    "pct1ResTime" : 20.900000000000006,
    "pct2ResTime" : 22.94999999999999,
    "pct3ResTime" : 49.78999999999989,
    "throughput" : 1.0178324240697012,
    "receivedKBytesPerSec" : 0.6749103671321554,
    "sentKBytesPerSec" : 0.4462956625071248
  },
  "/v2/87b5a3c3f1a55520/web/action?stm=1734515026049-135" : {
    "transaction" : "/v2/87b5a3c3f1a55520/web/action?stm=1734515026049-135",
    "sampleCount" : 100,
    "errorCount" : 100,
    "errorPct" : 100.0,
    "meanResTime" : 268.5100000000001,
    "medianResTime" : 259.0,
    "minResTime" : 238.0,
    "maxResTime" : 496.0,
    "pct1ResTime" : 294.0,
    "pct2ResTime" : 353.7999999999995,
    "pct3ResTime" : 495.2099999999996,
    "throughput" : 1.0134176496817868,
    "receivedKBytesPerSec" : 0.6232419578975638,
    "sentKBytesPerSec" : 1.8091088511897522
  },
  "/static/images/landing_page/leap-motion.svg-140-0" : {
    "transaction" : "/static/images/landing_page/leap-motion.svg-140-0",
    "sampleCount" : 100,
    "errorCount" : 0,
    "errorPct" : 0.0,
    "meanResTime" : 12.009999999999996,
    "medianResTime" : 11.0,
    "minResTime" : 6.0,
    "maxResTime" : 33.0,
    "pct1ResTime" : 19.0,
    "pct2ResTime" : 22.94999999999999,
    "pct3ResTime" : 32.929999999999964,
    "throughput" : 1.0158781758891475,
    "receivedKBytesPerSec" : 0.646828682304418,
    "sentKBytesPerSec" : 0.4752008264168961
  },
  "/ga/124665836.js-124" : {
    "transaction" : "/ga/124665836.js-124",
    "sampleCount" : 100,
    "errorCount" : 29,
    "errorPct" : 29.0,
    "meanResTime" : 200.36,
    "medianResTime" : 63.0,
    "minResTime" : 41.0,
    "maxResTime" : 1582.0,
    "pct1ResTime" : 695.3000000000014,
    "pct2ResTime" : 1046.8,
    "pct3ResTime" : 1577.4099999999976,
    "throughput" : 1.00999899000101,
    "receivedKBytesPerSec" : 6.093321934021816,
    "sentKBytesPerSec" : 0.36987267700232296
  },
  "/static/webpack_bundles/apps/playground/shared_playground.3bedc52d6.js-165-1" : {
    "transaction" : "/static/webpack_bundles/apps/playground/shared_playground.3bedc52d6.js-165-1",
    "sampleCount" : 100,
    "errorCount" : 0,
    "errorPct" : 0.0,
    "meanResTime" : 27.360000000000007,
    "medianResTime" : 23.5,
    "minResTime" : 17.0,
    "maxResTime" : 243.0,
    "pct1ResTime" : 34.0,
    "pct2ResTime" : 40.0,
    "pct3ResTime" : 241.13999999999905,
    "throughput" : 1.0175113706895673,
    "receivedKBytesPerSec" : 17.864081467047896,
    "sentKBytesPerSec" : 0.46702182053134444
  },
  "/static/images/LeetCode_Playground.png-168" : {
    "transaction" : "/static/images/LeetCode_Playground.png-168",
    "sampleCount" : 100,
    "errorCount" : 2,
    "errorPct" : 2.0,
    "meanResTime" : 37.73,
    "medianResTime" : 31.0,
    "minResTime" : 23.0,
    "maxResTime" : 252.0,
    "pct1ResTime" : 45.80000000000001,
    "pct2ResTime" : 57.499999999999886,
    "pct3ResTime" : 251.93999999999997,
    "throughput" : 1.017687407136024,
    "receivedKBytesPerSec" : 18.145445976063993,
    "sentKBytesPerSec" : 1.0147059010604302
  },
  "/collect-173" : {
    "transaction" : "/collect-173",
    "sampleCount" : 100,
    "errorCount" : 0,
    "errorPct" : 0.0,
    "meanResTime" : 52.11000000000001,
    "medianResTime" : 51.0,
    "minResTime" : 48.0,
    "maxResTime" : 70.0,
    "pct1ResTime" : 57.900000000000006,
    "pct2ResTime" : 60.0,
    "pct3ResTime" : 69.97999999999999,
    "throughput" : 1.0189940490747533,
    "receivedKBytesPerSec" : 0.8784644205490341,
    "sentKBytesPerSec" : 0.8179815511127415
  },
  "/ga/124665836.js-163" : {
    "transaction" : "/ga/124665836.js-163",
    "sampleCount" : 100,
    "errorCount" : 6,
    "errorPct" : 6.0,
    "meanResTime" : 35.71,
    "medianResTime" : 22.0,
    "minResTime" : 9.0,
    "maxResTime" : 260.0,
    "pct1ResTime" : 43.0,
    "pct2ResTime" : 243.74999999999994,
    "pct3ResTime" : 259.99,
    "throughput" : 1.0178738650706405,
    "receivedKBytesPerSec" : 6.140831039936281,
    "sentKBytesPerSec" : 0.37275654238426775
  },
  "/static_assets/public/images/landing_page/apple.svg-154" : {
    "transaction" : "/static_assets/public/images/landing_page/apple.svg-154",
    "sampleCount" : 100,
    "errorCount" : 0,
    "errorPct" : 0.0,
    "meanResTime" : 19.29,
    "medianResTime" : 17.0,
    "minResTime" : 13.0,
    "maxResTime" : 50.0,
    "pct1ResTime" : 26.0,
    "pct2ResTime" : 30.94999999999999,
    "pct3ResTime" : 49.89999999999995,
    "throughput" : 1.016053647632595,
    "receivedKBytesPerSec" : 1.1698508306238569,
    "sentKBytesPerSec" : 0.4881820260109734
  },
  "/gtag/js-125" : {
    "transaction" : "/gtag/js-125",
    "sampleCount" : 100,
    "errorCount" : 100,
    "errorPct" : 100.0,
    "meanResTime" : 553.0300000000002,
    "medianResTime" : 549.5,
    "minResTime" : 513.0,
    "maxResTime" : 639.0,
    "pct1ResTime" : 593.8,
    "pct2ResTime" : 606.75,
    "pct3ResTime" : 638.8699999999999,
    "throughput" : 1.0091937551090435,
    "receivedKBytesPerSec" : 109.17266847858996,
    "sentKBytesPerSec" : 0.382389821271786
  },
  "/static/images/LeetCode_Playground.png-168-1" : {
    "transaction" : "/static/images/LeetCode_Playground.png-168-1",
    "sampleCount" : 100,
    "errorCount" : 0,
    "errorPct" : 0.0,
    "meanResTime" : 25.90000000000001,
    "medianResTime" : 20.0,
    "minResTime" : 15.0,
    "maxResTime" : 241.0,
    "pct1ResTime" : 29.900000000000006,
    "pct2ResTime" : 35.89999999999998,
    "pct3ResTime" : 240.93999999999997,
    "throughput" : 1.017770268894905,
    "receivedKBytesPerSec" : 17.503859575691575,
    "sentKBytesPerSec" : 0.5178303809514117
  },
  "/collect-136" : {
    "transaction" : "/collect-136",
    "sampleCount" : 100,
    "errorCount" : 1,
    "errorPct" : 1.0,
    "meanResTime" : 55.05,
    "medianResTime" : 51.0,
    "minResTime" : 48.0,
    "maxResTime" : 334.0,
    "pct1ResTime" : 59.0,
    "pct2ResTime" : 62.89999999999998,
    "pct3ResTime" : 331.4399999999987,
    "throughput" : 1.0155377272265664,
    "receivedKBytesPerSec" : 0.8754847605869808,
    "sentKBytesPerSec" : 0.8241326673098406
  },
  "/static/images/LeetCode_Playground.png-168-0" : {
    "transaction" : "/static/images/LeetCode_Playground.png-168-0",
    "sampleCount" : 100,
    "errorCount" : 0,
    "errorPct" : 0.0,
    "meanResTime" : 11.719999999999997,
    "medianResTime" : 10.0,
    "minResTime" : 6.0,
    "maxResTime" : 36.0,
    "pct1ResTime" : 19.0,
    "pct2ResTime" : 23.94999999999999,
    "pct3ResTime" : 35.889999999999944,
    "throughput" : 1.0179360328996927,
    "receivedKBytesPerSec" : 0.6431685676622081,
    "sentKBytesPerSec" : 0.497039078564303
  },
  "/g/collect?v=2&tid=G-CDRWKZTDEX&gtm=45je4cc1v892315079za200&_p=1734513641808&_gaz=1&gcd=13l3l3l3l1l1&npa=0&dma=0&tag_exp=101925629~102067555~102067808~102081485~102198178&cid=999762296.1734513656&ul=en-us&sr=1536x864&frm=0&pscdl=noapi&_s=2&uid=&sid=1734513655&sct=1&seg=0&dl=https%3A%2F%2Fleetcode.com%2F&dt=LeetCode%20-%20The%20World%27s%20Leading%20Online%20Programming%20Learning%20Platform&en=user_engagement&_et=8170&tfd=1374120-116" : {
    "transaction" : "/g/collect?v=2&tid=G-CDRWKZTDEX&gtm=45je4cc1v892315079za200&_p=1734513641808&_gaz=1&gcd=13l3l3l3l1l1&npa=0&dma=0&tag_exp=101925629~102067555~102067808~102081485~102198178&cid=999762296.1734513656&ul=en-us&sr=1536x864&frm=0&pscdl=noapi&_s=2&uid=&sid=1734513655&sct=1&seg=0&dl=https%3A%2F%2Fleetcode.com%2F&dt=LeetCode%20-%20The%20World%27s%20Leading%20Online%20Programming%20Learning%20Platform&en=user_engagement&_et=8170&tfd=1374120-116",
    "sampleCount" : 100,
    "errorCount" : 100,
    "errorPct" : 100.0,
    "meanResTime" : 180.42000000000002,
    "medianResTime" : 178.0,
    "minResTime" : 170.0,
    "maxResTime" : 216.0,
    "pct1ResTime" : 193.0,
    "pct2ResTime" : 205.64999999999992,
    "pct3ResTime" : 216.0,
    "throughput" : 1.0024560172422434,
    "receivedKBytesPerSec" : 0.8066638263746179,
    "sentKBytesPerSec" : 0.9437183599819559
  },
  "/static/images/landing_page/cisco.svg-153-0" : {
    "transaction" : "/static/images/landing_page/cisco.svg-153-0",
    "sampleCount" : 100,
    "errorCount" : 0,
    "errorPct" : 0.0,
    "meanResTime" : 12.159999999999997,
    "medianResTime" : 10.0,
    "minResTime" : 6.0,
    "maxResTime" : 46.0,
    "pct1ResTime" : 20.900000000000006,
    "pct2ResTime" : 24.0,
    "pct3ResTime" : 45.89999999999995,
    "throughput" : 1.015651184757107,
    "receivedKBytesPerSec" : 0.640733071633878,
    "sentKBytesPerSec" : 0.46914356483409336
  },
  "/static/images/landing_page/facebook.svg-139-1" : {
    "transaction" : "/static/images/landing_page/facebook.svg-139-1",
    "sampleCount" : 100,
    "errorCount" : 0,
    "errorPct" : 0.0,
    "meanResTime" : 39.73999999999999,
    "medianResTime" : 32.5,
    "minResTime" : 24.0,
    "maxResTime" : 234.0,
    "pct1ResTime" : 60.60000000000002,
    "pct2ResTime" : 69.84999999999997,
    "pct3ResTime" : 232.57999999999927,
    "throughput" : 1.0156099245401826,
    "receivedKBytesPerSec" : 2.092711856230259,
    "sentKBytesPerSec" : 0.4929278637660848
  },
  "/static/images/landing_page/cisco.svg-153-1" : {
    "transaction" : "/static/images/landing_page/cisco.svg-153-1",
    "sampleCount" : 100,
    "errorCount" : 0,
    "errorPct" : 0.0,
    "meanResTime" : 20.409999999999993,
    "medianResTime" : 19.0,
    "minResTime" : 13.0,
    "maxResTime" : 74.0,
    "pct1ResTime" : 26.900000000000006,
    "pct2ResTime" : 32.94999999999999,
    "pct3ResTime" : 73.67999999999984,
    "throughput" : 1.0156202392801283,
    "receivedKBytesPerSec" : 1.9310669979281347,
    "sentKBytesPerSec" : 0.48995742012146815
  },
  "/static/images/landing_page/facebook.svg-139-0" : {
    "transaction" : "/static/images/landing_page/facebook.svg-139-0",
    "sampleCount" : 100,
    "errorCount" : 0,
    "errorPct" : 0.0,
    "meanResTime" : 13.050000000000002,
    "medianResTime" : 10.0,
    "minResTime" : 7.0,
    "maxResTime" : 41.0,
    "pct1ResTime" : 23.80000000000001,
    "pct2ResTime" : 27.0,
    "pct3ResTime" : 40.97999999999999,
    "throughput" : 1.0157646676418006,
    "receivedKBytesPerSec" : 0.6437805364253211,
    "sentKBytesPerSec" : 0.47217185722411836
  },
  "/g/collect?v=2&tid=G-CDRWKZTDEX&gtm=45je4cc1v892315079za200&_p=1734515036467&gcd=13l3l3l3l1l1&npa=0&dma=0&tag_exp=101925629~102067555~102067808~102081485~102198178&cid=999762296.1734513656&ul=en-us&sr=1536x864&frm=1&pscdl=noapi&_s=1&uid=&sid=1734513655&sct=1&seg=1&dl=https%3A%2F%2Fleetcode.com%2Fplayground%2FUpwhGDg6%2Fshared&dr=https%3A%2F%2Fleetcode.com%2F&dt=Shared%20-%20LeetCode%20Playground&en=page_view&_ee=1&up.is_premium=false&tfd=1574-174" : {
    "transaction" : "/g/collect?v=2&tid=G-CDRWKZTDEX&gtm=45je4cc1v892315079za200&_p=1734515036467&gcd=13l3l3l3l1l1&npa=0&dma=0&tag_exp=101925629~102067555~102067808~102081485~102198178&cid=999762296.1734513656&ul=en-us&sr=1536x864&frm=1&pscdl=noapi&_s=1&uid=&sid=1734513655&sct=1&seg=1&dl=https%3A%2F%2Fleetcode.com%2Fplayground%2FUpwhGDg6%2Fshared&dr=https%3A%2F%2Fleetcode.com%2F&dt=Shared%20-%20LeetCode%20Playground&en=page_view&_ee=1&up.is_premium=false&tfd=1574-174",
    "sampleCount" : 100,
    "errorCount" : 0,
    "errorPct" : 0.0,
    "meanResTime" : 71.20000000000002,
    "medianResTime" : 71.0,
    "minResTime" : 67.0,
    "maxResTime" : 83.0,
    "pct1ResTime" : 74.9,
    "pct2ResTime" : 79.89999999999998,
    "pct3ResTime" : 82.99,
    "throughput" : 1.018796800978045,
    "receivedKBytesPerSec" : 0.8198130507870205,
    "sentKBytesPerSec" : 0.9720356196831542
  },
  "/static/images/landing_page/leap-motion.svg-140" : {
    "transaction" : "/static/images/landing_page/leap-motion.svg-140",
    "sampleCount" : 100,
    "errorCount" : 0,
    "errorPct" : 0.0,
    "meanResTime" : 32.54,
    "medianResTime" : 31.0,
    "minResTime" : 21.0,
    "maxResTime" : 80.0,
    "pct1ResTime" : 43.900000000000006,
    "pct2ResTime" : 48.94999999999999,
    "pct3ResTime" : 79.75999999999988,
    "throughput" : 1.015723398204201,
    "receivedKBytesPerSec" : 2.4887207090765044,
    "sentKBytesPerSec" : 0.9710871160565555
  },
  "/static_assets/public/images/landing_page/bank-of-america.svg-160" : {
    "transaction" : "/static_assets/public/images/landing_page/bank-of-america.svg-160",
    "sampleCount" : 100,
    "errorCount" : 0,
    "errorPct" : 0.0,
    "meanResTime" : 19.470000000000006,
    "medianResTime" : 18.0,
    "minResTime" : 13.0,
    "maxResTime" : 47.0,
    "pct1ResTime" : 25.0,
    "pct2ResTime" : 30.94999999999999,
    "pct3ResTime" : 46.949999999999974,
    "throughput" : 1.0162498348594018,
    "receivedKBytesPerSec" : 2.8314070105994857,
    "sentKBytesPerSec" : 0.49820060263615207
  },
  "/static_assets/public/images/landing_page/leap-motion.svg-151" : {
    "transaction" : "/static_assets/public/images/landing_page/leap-motion.svg-151",
    "sampleCount" : 100,
    "errorCount" : 0,
    "errorPct" : 0.0,
    "meanResTime" : 19.810000000000006,
    "medianResTime" : 18.0,
    "minResTime" : 13.0,
    "maxResTime" : 64.0,
    "pct1ResTime" : 27.0,
    "pct2ResTime" : 29.94999999999999,
    "pct3ResTime" : 63.8099999999999,
    "throughput" : 1.015723398204201,
    "receivedKBytesPerSec" : 1.8419905766261733,
    "sentKBytesPerSec" : 0.49397485576727745
  },
  "/submit/firefox-desktop/dau-reporting/1/c9536ab0-83ec-411e-93d6-aa6d2ba97c7b-115" : {
    "transaction" : "/submit/firefox-desktop/dau-reporting/1/c9536ab0-83ec-411e-93d6-aa6d2ba97c7b-115",
    "sampleCount" : 100,
    "errorCount" : 100,
    "errorPct" : 100.0,
    "meanResTime" : 355.47,
    "medianResTime" : 360.0,
    "minResTime" : 313.0,
    "maxResTime" : 405.0,
    "pct1ResTime" : 378.8,
    "pct2ResTime" : 383.95,
    "pct3ResTime" : 404.98,
    "throughput" : 1.0005703250852986,
    "receivedKBytesPerSec" : 0.8047555856838398,
    "sentKBytesPerSec" : 2.136960254845262
  },
  "/static/images/landing_page/jet.svg-144" : {
    "transaction" : "/static/images/landing_page/jet.svg-144",
    "sampleCount" : 100,
    "errorCount" : 1,
    "errorPct" : 1.0,
    "meanResTime" : 35.95000000000002,
    "medianResTime" : 32.0,
    "minResTime" : 21.0,
    "maxResTime" : 262.0,
    "pct1ResTime" : 47.900000000000006,
    "pct2ResTime" : 52.0,
    "pct3ResTime" : 259.94999999999897,
    "throughput" : 1.01592977893368,
    "receivedKBytesPerSec" : 3.3245905168034784,
    "sentKBytesPerSec" : 0.9554105245245449
  },
  "/static/images/landing_page/cisco.svg-153" : {
    "transaction" : "/static/images/landing_page/cisco.svg-153",
    "sampleCount" : 100,
    "errorCount" : 0,
    "errorPct" : 0.0,
    "meanResTime" : 32.629999999999995,
    "medianResTime" : 30.0,
    "minResTime" : 21.0,
    "maxResTime" : 88.0,
    "pct1ResTime" : 44.0,
    "pct2ResTime" : 54.94999999999999,
    "pct3ResTime" : 87.84999999999992,
    "throughput" : 1.0154758519842397,
    "receivedKBytesPerSec" : 2.57141492597181,
    "sentKBytesPerSec" : 0.9589503406921484
  },
  "/static/images/landing_page/stripe.svg-155" : {
    "transaction" : "/static/images/landing_page/stripe.svg-155",
    "sampleCount" : 100,
    "errorCount" : 0,
    "errorPct" : 0.0,
    "meanResTime" : 34.400000000000006,
    "medianResTime" : 32.0,
    "minResTime" : 21.0,
    "maxResTime" : 69.0,
    "pct1ResTime" : 48.900000000000006,
    "pct2ResTime" : 54.799999999999955,
    "pct3ResTime" : 68.93999999999997,
    "throughput" : 1.0158781758891475,
    "receivedKBytesPerSec" : 2.5238223432246008,
    "sentKBytesPerSec" : 0.9613144066763514
  },
  "/j/collect?v=1&_v=j101&a=639305540&t=pageview&_s=1&dl=https%3A%2F%2Fleetcode.com%2F&ul=en-us&de=UTF-8&dt=LeetCode%20-%20The%20World%27s%20Leading%20Online%20Programming%20Learning%20Platform&sd=24-bit&sr=1536x864&vp=1519x731&je=0&_u=QCCAgAABAAAAACAAIAB~&jid=1168874182&gjid=1972929579&cid=999762296.1734513656&tid=UA-159258186-1&_gid=360651440.1734513659&_slc=1&cd1=false&cd2=None&z=2015433294-130" : {
    "transaction" : "/j/collect?v=1&_v=j101&a=639305540&t=pageview&_s=1&dl=https%3A%2F%2Fleetcode.com%2F&ul=en-us&de=UTF-8&dt=LeetCode%20-%20The%20World%27s%20Leading%20Online%20Programming%20Learning%20Platform&sd=24-bit&sr=1536x864&vp=1519x731&je=0&_u=QCCAgAABAAAAACAAIAB~&jid=1168874182&gjid=1972929579&cid=999762296.1734513656&tid=UA-159258186-1&_gid=360651440.1734513659&_slc=1&cd1=false&cd2=None&z=2015433294-130",
    "sampleCount" : 100,
    "errorCount" : 0,
    "errorPct" : 0.0,
    "meanResTime" : 120.96000000000002,
    "medianResTime" : 119.5,
    "minResTime" : 113.0,
    "maxResTime" : 146.0,
    "pct1ResTime" : 128.9,
    "pct2ResTime" : 131.0,
    "pct3ResTime" : 145.93999999999997,
    "throughput" : 1.014630978713042,
    "receivedKBytesPerSec" : 0.8897838075042107,
    "sentKBytesPerSec" : 0.8214151185088983
  },
  "/-121" : {
    "transaction" : "/-121",
    "sampleCount" : 100,
    "errorCount" : 100,
    "errorPct" : 100.0,
    "meanResTime" : 504.31999999999977,
    "medianResTime" : 410.0,
    "minResTime" : 37.0,
    "maxResTime" : 1116.0,
    "pct1ResTime" : 879.2,
    "pct2ResTime" : 1011.6999999999995,
    "pct3ResTime" : 1115.8799999999999,
    "throughput" : 1.0003601296466729,
    "receivedKBytesPerSec" : 11.131116576967708,
    "sentKBytesPerSec" : 0.4357037283422032
  },
  "/playground/UpwhGDg6/shared-138" : {
    "transaction" : "/playground/UpwhGDg6/shared-138",
    "sampleCount" : 100,
    "errorCount" : 100,
    "errorPct" : 100.0,
    "meanResTime" : 502.8199999999997,
    "medianResTime" : 354.5,
    "minResTime" : 265.0,
    "maxResTime" : 3591.0,
    "pct1ResTime" : 892.5000000000002,
    "pct2ResTime" : 1116.9999999999982,
    "pct3ResTime" : 3567.8999999999883,
    "throughput" : 1.013787510137875,
    "receivedKBytesPerSec" : 9.394166920113545,
    "sentKBytesPerSec" : 0.48115305656934304
  },
  "/static/images/landing_page/uber.svg-142" : {
    "transaction" : "/static/images/landing_page/uber.svg-142",
    "sampleCount" : 100,
    "errorCount" : 0,
    "errorPct" : 0.0,
    "meanResTime" : 31.72000000000001,
    "medianResTime" : 28.5,
    "minResTime" : 21.0,
    "maxResTime" : 99.0,
    "pct1ResTime" : 45.0,
    "pct2ResTime" : 49.94999999999999,
    "pct3ResTime" : 98.55999999999977,
    "throughput" : 1.0157853036182274,
    "receivedKBytesPerSec" : 1.8907097545862708,
    "sentKBytesPerSec" : 0.9572586113199114
  },
  "/static/images/landing_page/intel.svg-146" : {
    "transaction" : "/static/images/landing_page/intel.svg-146",
    "sampleCount" : 100,
    "errorCount" : 0,
    "errorPct" : 0.0,
    "meanResTime" : 32.84,
    "medianResTime" : 31.0,
    "minResTime" : 20.0,
    "maxResTime" : 61.0,
    "pct1ResTime" : 46.0,
    "pct2ResTime" : 51.94999999999999,
    "pct3ResTime" : 60.929999999999964,
    "throughput" : 1.016187872813926,
    "receivedKBytesPerSec" : 2.5821492627556983,
    "sentKBytesPerSec" : 0.9596227275498694
  },
  "/static_assets/public/images/landing_page/amazon.svg-159" : {
    "transaction" : "/static_assets/public/images/landing_page/amazon.svg-159",
    "sampleCount" : 100,
    "errorCount" : 0,
    "errorPct" : 0.0,
    "meanResTime" : 20.599999999999998,
    "medianResTime" : 19.0,
    "minResTime" : 13.0,
    "maxResTime" : 58.0,
    "pct1ResTime" : 30.600000000000023,
    "pct2ResTime" : 35.94999999999999,
    "pct3ResTime" : 57.969999999999985,
    "throughput" : 1.016187872813926,
    "receivedKBytesPerSec" : 2.2526821008668083,
    "sentKBytesPerSec" : 0.48923888798561077
  },
  "/static_assets/public/webpack_bundles/apps/playground/shared_playground.3bedc52d6.js-167" : {
    "transaction" : "/static_assets/public/webpack_bundles/apps/playground/shared_playground.3bedc52d6.js-167",
    "sampleCount" : 100,
    "errorCount" : 0,
    "errorPct" : 0.0,
    "meanResTime" : 23.45,
    "medianResTime" : 22.0,
    "minResTime" : 17.0,
    "maxResTime" : 48.0,
    "pct1ResTime" : 30.80000000000001,
    "pct2ResTime" : 36.94999999999999,
    "pct3ResTime" : 47.949999999999974,
    "throughput" : 1.0175527855507505,
    "receivedKBytesPerSec" : 17.864808572882218,
    "sentKBytesPerSec" : 0.4392171203256169
  },
  "/recaptcha/enterprise/anchor-171" : {
    "transaction" : "/recaptcha/enterprise/anchor-171",
    "sampleCount" : 100,
    "errorCount" : 100,
    "errorPct" : 100.0,
    "meanResTime" : 181.10999999999999,
    "medianResTime" : 176.0,
    "minResTime" : 151.0,
    "maxResTime" : 245.0,
    "pct1ResTime" : 209.9,
    "pct2ResTime" : 219.95,
    "pct3ResTime" : 244.8499999999999,
    "throughput" : 1.0177081213108081,
    "receivedKBytesPerSec" : 30.850122204483004,
    "sentKBytesPerSec" : 0.6350737202320375
  },
  "/static/images/landing_page/squarespace.svg-143" : {
    "transaction" : "/static/images/landing_page/squarespace.svg-143",
    "sampleCount" : 100,
    "errorCount" : 0,
    "errorPct" : 0.0,
    "meanResTime" : 30.79,
    "medianResTime" : 29.0,
    "minResTime" : 19.0,
    "maxResTime" : 60.0,
    "pct1ResTime" : 40.80000000000001,
    "pct2ResTime" : 42.89999999999998,
    "pct3ResTime" : 59.969999999999985,
    "throughput" : 1.015723398204201,
    "receivedKBytesPerSec" : 1.9173762975866413,
    "sentKBytesPerSec" : 0.9710871160565555
  },
  "/static/images/landing_page/jet.svg-144-0" : {
    "transaction" : "/static/images/landing_page/jet.svg-144-0",
    "sampleCount" : 100,
    "errorCount" : 0,
    "errorPct" : 0.0,
    "meanResTime" : 14.120000000000005,
    "medianResTime" : 9.0,
    "minResTime" : 6.0,
    "maxResTime" : 234.0,
    "pct1ResTime" : 22.80000000000001,
    "pct2ResTime" : 25.94999999999999,
    "pct3ResTime" : 231.94999999999897,
    "throughput" : 1.0160949439115592,
    "receivedKBytesPerSec" : 0.639028460819379,
    "sentKBytesPerSec" : 0.46736398299057064
  },
  "/static/images/landing_page/facebook.svg-139" : {
    "transaction" : "/static/images/landing_page/facebook.svg-139",
    "sampleCount" : 100,
    "errorCount" : 1,
    "errorPct" : 1.0,
    "meanResTime" : 53.22,
    "medianResTime" : 47.5,
    "minResTime" : 32.0,
    "maxResTime" : 254.0,
    "pct1ResTime" : 71.80000000000001,
    "pct2ResTime" : 84.84999999999997,
    "pct3ResTime" : 252.55999999999926,
    "throughput" : 1.0154964762272274,
    "receivedKBytesPerSec" : 2.7360886503036332,
    "sentKBytesPerSec" : 0.9649199915713792
  },
  "/static/images/landing_page/jet.svg-144-1" : {
    "transaction" : "/static/images/landing_page/jet.svg-144-1",
    "sampleCount" : 100,
    "errorCount" : 0,
    "errorPct" : 0.0,
    "meanResTime" : 21.740000000000002,
    "medianResTime" : 20.0,
    "minResTime" : 13.0,
    "maxResTime" : 48.0,
    "pct1ResTime" : 28.900000000000006,
    "pct2ResTime" : 33.89999999999998,
    "pct3ResTime" : 47.949999999999974,
    "throughput" : 1.016208525989533,
    "receivedKBytesPerSec" : 2.6864028123570955,
    "sentKBytesPerSec" : 0.48825644022153347
  },
  "/analytics.js-128" : {
    "transaction" : "/analytics.js-128",
    "sampleCount" : 100,
    "errorCount" : 100,
    "errorPct" : 100.0,
    "meanResTime" : 272.01,
    "medianResTime" : 268.0,
    "minResTime" : 257.0,
    "maxResTime" : 311.0,
    "pct1ResTime" : 289.70000000000005,
    "pct2ResTime" : 294.95,
    "pct3ResTime" : 310.88999999999993,
    "throughput" : 1.0123404298397465,
    "receivedKBytesPerSec" : 21.65558312074184,
    "sentKBytesPerSec" : 0.3727073652827973
  },
  "/static/images/landing_page/squarespace.svg-143-1" : {
    "transaction" : "/static/images/landing_page/squarespace.svg-143-1",
    "sampleCount" : 100,
    "errorCount" : 0,
    "errorPct" : 0.0,
    "meanResTime" : 18.949999999999992,
    "medianResTime" : 18.0,
    "minResTime" : 13.0,
    "maxResTime" : 38.0,
    "pct1ResTime" : 24.900000000000006,
    "pct2ResTime" : 27.0,
    "pct3ResTime" : 37.949999999999974,
    "throughput" : 1.0158884960786705,
    "receivedKBytesPerSec" : 1.2708526987077897,
    "sentKBytesPerSec" : 0.49603930472591323
  },
  "/static/images/landing_page/squarespace.svg-143-0" : {
    "transaction" : "/static/images/landing_page/squarespace.svg-143-0",
    "sampleCount" : 100,
    "errorCount" : 0,
    "errorPct" : 0.0,
    "meanResTime" : 11.77,
    "medianResTime" : 10.0,
    "minResTime" : 6.0,
    "maxResTime" : 31.0,
    "pct1ResTime" : 18.900000000000006,
    "pct2ResTime" : 21.0,
    "pct3ResTime" : 30.969999999999985,
    "throughput" : 1.0159710651440648,
    "receivedKBytesPerSec" : 0.6468878266346975,
    "sentKBytesPerSec" : 0.4752442775429756
  },
  "/static_assets/public/codemirror/lib/codemirror.css-166" : {
    "transaction" : "/static_assets/public/codemirror/lib/codemirror.css-166",
    "sampleCount" : 100,
    "errorCount" : 0,
    "errorPct" : 0.0,
    "meanResTime" : 20.39,
    "medianResTime" : 18.0,
    "minResTime" : 13.0,
    "maxResTime" : 47.0,
    "pct1ResTime" : 27.900000000000006,
    "pct2ResTime" : 35.799999999999955,
    "pct3ResTime" : 46.93999999999997,
    "throughput" : 1.017573494245622,
    "receivedKBytesPerSec" : 3.2256284788293836,
    "sentKBytesPerSec" : 0.4352511625777172
  },
  "/j/collect?v=1&_v=j101&a=259276620&t=pageview&_s=1&dl=https%3A%2F%2Fleetcode.com%2Fplayground%2FUpwhGDg6%2Fshared&ul=en-us&de=UTF-8&dt=Shared%20-%20LeetCode%20Playground&sd=24-bit&sr=1536x864&vp=765x400&je=0&_u=QCCAgAABAAAAACAAIAB~&jid=&gjid=&cid=999762296.1734513656&tid=UA-159258186-1&_gid=360651440.1734513659&_slc=1&cd1=false&cd2=None&z=2134061558-169" : {
    "transaction" : "/j/collect?v=1&_v=j101&a=259276620&t=pageview&_s=1&dl=https%3A%2F%2Fleetcode.com%2Fplayground%2FUpwhGDg6%2Fshared&ul=en-us&de=UTF-8&dt=Shared%20-%20LeetCode%20Playground&sd=24-bit&sr=1536x864&vp=765x400&je=0&_u=QCCAgAABAAAAACAAIAB~&jid=&gjid=&cid=999762296.1734513656&tid=UA-159258186-1&_gid=360651440.1734513659&_slc=1&cd1=false&cd2=None&z=2134061558-169",
    "sampleCount" : 100,
    "errorCount" : 0,
    "errorPct" : 0.0,
    "meanResTime" : 121.57000000000004,
    "medianResTime" : 120.0,
    "minResTime" : 113.0,
    "maxResTime" : 143.0,
    "pct1ResTime" : 129.0,
    "pct2ResTime" : 136.95,
    "pct3ResTime" : 142.96999999999997,
    "throughput" : 1.0167664792427122,
    "receivedKBytesPerSec" : 0.8916565413671442,
    "sentKBytesPerSec" : 0.781440643714858
  },
  "/recaptcha/enterprise.js-126" : {
    "transaction" : "/recaptcha/enterprise.js-126",
    "sampleCount" : 100,
    "errorCount" : 3,
    "errorPct" : 3.0,
    "meanResTime" : 129.46000000000004,
    "medianResTime" : 125.0,
    "minResTime" : 117.0,
    "maxResTime" : 384.0,
    "pct1ResTime" : 134.8,
    "pct2ResTime" : 144.95,
    "pct3ResTime" : 381.999999999999,
    "throughput" : 1.013232820637526,
    "receivedKBytesPerSec" : 1.5553915384927148,
    "sentKBytesPerSec" : 0.4512052404401483
  },
  "/recaptcha/enterprise.js-123" : {
    "transaction" : "/recaptcha/enterprise.js-123",
    "sampleCount" : 100,
    "errorCount" : 100,
    "errorPct" : 100.0,
    "meanResTime" : 300.43,
    "medianResTime" : 296.0,
    "minResTime" : 281.0,
    "maxResTime" : 369.0,
    "pct1ResTime" : 321.9,
    "pct2ResTime" : 337.79999999999995,
    "pct3ResTime" : 368.86999999999995,
    "throughput" : 1.0107952937371125,
    "receivedKBytesPerSec" : 1.518078310733635,
    "sentKBytesPerSec" : 0.41853242631302306
  },
  "/static/images/landing_page/intel.svg-146-0" : {
    "transaction" : "/static/images/landing_page/intel.svg-146-0",
    "sampleCount" : 100,
    "errorCount" : 0,
    "errorPct" : 0.0,
    "meanResTime" : 12.510000000000005,
    "medianResTime" : 10.0,
    "minResTime" : 6.0,
    "maxResTime" : 31.0,
    "pct1ResTime" : 21.0,
    "pct2ResTime" : 25.94999999999999,
    "pct3ResTime" : 30.95999999999998,
    "throughput" : 1.0163634515702815,
    "receivedKBytesPerSec" : 0.6411824118304705,
    "sentKBytesPerSec" : 0.46947257089135075
  },
  "/static/images/landing_page/intel.svg-146-1" : {
    "transaction" : "/static/images/landing_page/intel.svg-146-1",
    "sampleCount" : 100,
    "errorCount" : 0,
    "errorPct" : 0.0,
    "meanResTime" : 20.249999999999996,
    "medianResTime" : 19.0,
    "minResTime" : 13.0,
    "maxResTime" : 37.0,
    "pct1ResTime" : 27.900000000000006,
    "pct2ResTime" : 29.0,
    "pct3ResTime" : 36.97999999999999,
    "throughput" : 1.0162911470878178,
    "receivedKBytesPerSec" : 1.9412748864294642,
    "sentKBytesPerSec" : 0.4902810807240058
  },
  "/static_assets/public/images/landing_page/facebook.svg-145" : {
    "transaction" : "/static_assets/public/images/landing_page/facebook.svg-145",
    "sampleCount" : 100,
    "errorCount" : 0,
    "errorPct" : 0.0,
    "meanResTime" : 21.119999999999994,
    "medianResTime" : 18.5,
    "minResTime" : 12.0,
    "maxResTime" : 71.0,
    "pct1ResTime" : 31.900000000000006,
    "pct2ResTime" : 39.849999999999966,
    "pct3ResTime" : 70.92999999999996,
    "throughput" : 1.0160330007518645,
    "receivedKBytesPerSec" : 2.093583624596127,
    "sentKBytesPerSec" : 0.4911487650118876
  },
  "/g/collect?v=2&tid=G-CDRWKZTDEX&gtm=45je4cc1v892315079za200&_p=1734515023516&gcd=13l3l3l3l1l1&npa=0&dma=0&tag_exp=101925629~102067555~102067808~102081485~102198178&cid=999762296.1734513656&ul=en-us&sr=1536x864&frm=0&pscdl=noapi&uid=&sid=1734513655&sct=1&seg=1&dl=https%3A%2F%2Fleetcode.com%2F&dt=LeetCode%20-%20The%20World%27s%20Leading%20Online%20Programming%20Learning%20Platform&_s=1&tfd=6514-137" : {
    "transaction" : "/g/collect?v=2&tid=G-CDRWKZTDEX&gtm=45je4cc1v892315079za200&_p=1734515023516&gcd=13l3l3l3l1l1&npa=0&dma=0&tag_exp=101925629~102067555~102067808~102081485~102198178&cid=999762296.1734513656&ul=en-us&sr=1536x864&frm=0&pscdl=noapi&uid=&sid=1734513655&sct=1&seg=1&dl=https%3A%2F%2Fleetcode.com%2F&dt=LeetCode%20-%20The%20World%27s%20Leading%20Online%20Programming%20Learning%20Platform&_s=1&tfd=6514-137",
    "sampleCount" : 100,
    "errorCount" : 0,
    "errorPct" : 0.0,
    "meanResTime" : 80.32,
    "medianResTime" : 80.0,
    "minResTime" : 69.0,
    "maxResTime" : 109.0,
    "pct1ResTime" : 86.0,
    "pct2ResTime" : 88.0,
    "pct3ResTime" : 108.90999999999995,
    "throughput" : 1.0151150632924242,
    "receivedKBytesPerSec" : 0.8168504024931227,
    "sentKBytesPerSec" : 0.983392717564536
  },
  "/static/images/landing_page/stripe.svg-155-0" : {
    "transaction" : "/static/images/landing_page/stripe.svg-155-0",
    "sampleCount" : 100,
    "errorCount" : 0,
    "errorPct" : 0.0,
    "meanResTime" : 11.799999999999999,
    "medianResTime" : 9.0,
    "minResTime" : 7.0,
    "maxResTime" : 41.0,
    "pct1ResTime" : 19.0,
    "pct2ResTime" : 24.899999999999977,
    "pct3ResTime" : 40.949999999999974,
    "throughput" : 1.016136243547535,
    "receivedKBytesPerSec" : 0.6420313960695849,
    "sentKBytesPerSec" : 0.4703599408608706
  },
  "/static_assets/public/images/landing_page/jet.svg-156" : {
    "transaction" : "/static_assets/public/images/landing_page/jet.svg-156",
    "sampleCount" : 100,
    "errorCount" : 1,
    "errorPct" : 1.0,
    "meanResTime" : 23.15,
    "medianResTime" : 19.0,
    "minResTime" : 14.0,
    "maxResTime" : 240.0,
    "pct1ResTime" : 30.0,
    "pct2ResTime" : 43.59999999999991,
    "pct3ResTime" : 238.10999999999905,
    "throughput" : 1.0160123547102333,
    "receivedKBytesPerSec" : 2.68588422285215,
    "sentKBytesPerSec" : 0.48617778692188895
  },
  "/static/images/landing_page/stripe.svg-155-1" : {
    "transaction" : "/static/images/landing_page/stripe.svg-155-1",
    "sampleCount" : 100,
    "errorCount" : 0,
    "errorPct" : 0.0,
    "meanResTime" : 22.509999999999994,
    "medianResTime" : 20.0,
    "minResTime" : 13.0,
    "maxResTime" : 61.0,
    "pct1ResTime" : 32.0,
    "pct2ResTime" : 42.89999999999998,
    "pct3ResTime" : 60.93999999999997,
    "throughput" : 1.0159710651440648,
    "receivedKBytesPerSec" : 1.8821260845491121,
    "sentKBytesPerSec" : 0.4911188254358516
  },
  "/static/images/landing_page/bank-of-america.svg-148" : {
    "transaction" : "/static/images/landing_page/bank-of-america.svg-148",
    "sampleCount" : 100,
    "errorCount" : 0,
    "errorPct" : 0.0,
    "meanResTime" : 33.58000000000001,
    "medianResTime" : 30.5,
    "minResTime" : 21.0,
    "maxResTime" : 82.0,
    "pct1ResTime" : 50.70000000000002,
    "pct2ResTime" : 55.0,
    "pct3ResTime" : 81.76999999999988,
    "throughput" : 1.0155892956888233,
    "receivedKBytesPerSec" : 3.4801785532930483,
    "sentKBytesPerSec" : 0.9788931980906921
  },
  "/static/images/landing_page/apple.svg-141" : {
    "transaction" : "/static/images/landing_page/apple.svg-141",
    "sampleCount" : 100,
    "errorCount" : 0,
    "errorPct" : 0.0,
    "meanResTime" : 31.950000000000003,
    "medianResTime" : 29.0,
    "minResTime" : 20.0,
    "maxResTime" : 82.0,
    "pct1ResTime" : 45.0,
    "pct2ResTime" : 50.94999999999999,
    "pct3ResTime" : 81.85999999999993,
    "throughput" : 1.01592977893368,
    "receivedKBytesPerSec" : 1.8106170376503576,
    "sentKBytesPerSec" : 0.9593790002235045
  },
  "/static/webpack_bundles/apps/playground/shared_playground.3bedc52d6.js-165" : {
    "transaction" : "/static/webpack_bundles/apps/playground/shared_playground.3bedc52d6.js-165",
    "sampleCount" : 100,
    "errorCount" : 1,
    "errorPct" : 1.0,
    "meanResTime" : 40.070000000000014,
    "medianResTime" : 35.0,
    "minResTime" : 24.0,
    "maxResTime" : 257.0,
    "pct1ResTime" : 52.900000000000006,
    "pct2ResTime" : 60.0,
    "pct3ResTime" : 255.20999999999907,
    "throughput" : 1.0173974972021569,
    "receivedKBytesPerSec" : 18.536704204395157,
    "sentKBytesPerSec" : 0.9130745116492013
  },
  "/static/images/landing_page/amazon.svg-147-0" : {
    "transaction" : "/static/images/landing_page/amazon.svg-147-0",
    "sampleCount" : 100,
    "errorCount" : 0,
    "errorPct" : 0.0,
    "meanResTime" : 12.020000000000003,
    "medianResTime" : 9.0,
    "minResTime" : 6.0,
    "maxResTime" : 43.0,
    "pct1ResTime" : 18.0,
    "pct2ResTime" : 22.899999999999977,
    "pct3ResTime" : 42.909999999999954,
    "throughput" : 1.0158884960786705,
    "receivedKBytesPerSec" : 0.6418748603153317,
    "sentKBytesPerSec" : 0.47024526088016577
  },
  "/static/images/landing_page/amazon.svg-147-1" : {
    "transaction" : "/static/images/landing_page/amazon.svg-147-1",
    "sampleCount" : 100,
    "errorCount" : 0,
    "errorPct" : 0.0,
    "meanResTime" : 20.749999999999996,
    "medianResTime" : 18.0,
    "minResTime" : 14.0,
    "maxResTime" : 55.0,
    "pct1ResTime" : 30.900000000000006,
    "pct2ResTime" : 35.849999999999966,
    "pct3ResTime" : 54.85999999999993,
    "throughput" : 1.015651184757107,
    "receivedKBytesPerSec" : 2.2514923724596025,
    "sentKBytesPerSec" : 0.4909641957566093
  },
  "/static_assets/public/images/landing_page/pinterest.svg-158" : {
    "transaction" : "/static_assets/public/images/landing_page/pinterest.svg-158",
    "sampleCount" : 100,
    "errorCount" : 0,
    "errorPct" : 0.0,
    "meanResTime" : 21.36,
    "medianResTime" : 19.5,
    "minResTime" : 13.0,
    "maxResTime" : 56.0,
    "pct1ResTime" : 29.900000000000006,
    "pct2ResTime" : 36.0,
    "pct3ResTime" : 55.82999999999991,
    "throughput" : 1.0160639713876385,
    "receivedKBytesPerSec" : 3.213897659496642,
    "sentKBytesPerSec" : 0.49215598614088746
  },
  "/static/codemirror/lib/codemirror.css-164" : {
    "transaction" : "/static/codemirror/lib/codemirror.css-164",
    "sampleCount" : 100,
    "errorCount" : 0,
    "errorPct" : 0.0,
    "meanResTime" : 33.67999999999998,
    "medianResTime" : 31.5,
    "minResTime" : 21.0,
    "maxResTime" : 59.0,
    "pct1ResTime" : 46.900000000000006,
    "pct2ResTime" : 50.94999999999999,
    "pct3ResTime" : 58.989999999999995,
    "throughput" : 1.0175320776987493,
    "receivedKBytesPerSec" : 3.86741684219095,
    "sentKBytesPerSec" : 0.905245823030821
  },
  "leetcode" : {
    "transaction" : "leetcode",
    "sampleCount" : 100,
    "errorCount" : 100,
    "errorPct" : 100.0,
    "meanResTime" : 0.06,
    "medianResTime" : 0.0,
    "minResTime" : 0.0,
    "maxResTime" : 2.0,
    "pct1ResTime" : 0.0,
    "pct2ResTime" : 0.9499999999999886,
    "pct3ResTime" : 1.9899999999999949,
    "throughput" : 1.0114700706006108,
    "receivedKBytesPerSec" : 1.10827091720106,
    "sentKBytesPerSec" : 0.0
  },
  "/complete/search-119" : {
    "transaction" : "/complete/search-119",
    "sampleCount" : 100,
    "errorCount" : 100,
    "errorPct" : 100.0,
    "meanResTime" : 398.09999999999985,
    "medianResTime" : 390.5,
    "minResTime" : 251.0,
    "maxResTime" : 554.0,
    "pct1ResTime" : 535.3000000000001,
    "pct2ResTime" : 543.8,
    "pct3ResTime" : 553.96,
    "throughput" : 1.00035012254289,
    "receivedKBytesPerSec" : 1.2553221752613415,
    "sentKBytesPerSec" : 0.28720989846446254
  },
  "/complete/search-118" : {
    "transaction" : "/complete/search-118",
    "sampleCount" : 100,
    "errorCount" : 100,
    "errorPct" : 100.0,
    "meanResTime" : 561.7200000000001,
    "medianResTime" : 549.5,
    "minResTime" : 424.0,
    "maxResTime" : 726.0,
    "pct1ResTime" : 684.9,
    "pct2ResTime" : 697.0,
    "pct3ResTime" : 725.81,
    "throughput" : 0.9968897041231358,
    "receivedKBytesPerSec" : 1.2509797556623337,
    "sentKBytesPerSec" : 0.28524285479304573
  },
  "/graphql-129" : {
    "transaction" : "/graphql-129",
    "sampleCount" : 100,
    "errorCount" : 100,
    "errorPct" : 100.0,
    "meanResTime" : 469.91000000000014,
    "medianResTime" : 339.5,
    "minResTime" : 255.0,
    "maxResTime" : 3474.0,
    "pct1ResTime" : 702.0000000000001,
    "pct2ResTime" : 1014.3999999999994,
    "pct3ResTime" : 3466.0099999999957,
    "throughput" : 1.0117668484474438,
    "receivedKBytesPerSec" : 1.8145702488693505,
    "sentKBytesPerSec" : 1.9079314300312635
  },
  "/recaptcha/enterprise/webworker.js-131" : {
    "transaction" : "/recaptcha/enterprise/webworker.js-131",
    "sampleCount" : 100,
    "errorCount" : 0,
    "errorPct" : 0.0,
    "meanResTime" : 124.23,
    "medianResTime" : 123.0,
    "minResTime" : 114.0,
    "maxResTime" : 147.0,
    "pct1ResTime" : 130.0,
    "pct2ResTime" : 134.95,
    "pct3ResTime" : 146.95999999999998,
    "throughput" : 1.0145692139117732,
    "receivedKBytesPerSec" : 1.1774947622864333,
    "sentKBytesPerSec" : 0.6182531147274868
  },
  "/static/images/landing_page/pinterest.svg-149-1" : {
    "transaction" : "/static/images/landing_page/pinterest.svg-149-1",
    "sampleCount" : 100,
    "errorCount" : 0,
    "errorPct" : 0.0,
    "meanResTime" : 21.649999999999988,
    "medianResTime" : 19.0,
    "minResTime" : 13.0,
    "maxResTime" : 57.0,
    "pct1ResTime" : 33.0,
    "pct2ResTime" : 39.89999999999998,
    "pct3ResTime" : 56.97999999999999,
    "throughput" : 1.0157749855252065,
    "receivedKBytesPerSec" : 3.2129835723790463,
    "sentKBytesPerSec" : 0.4939999441323758
  },
  "/static/images/landing_page/bank-of-america.svg-148-1" : {
    "transaction" : "/static/images/landing_page/bank-of-america.svg-148-1",
    "sampleCount" : 100,
    "errorCount" : 0,
    "errorPct" : 0.0,
    "meanResTime" : 21.780000000000005,
    "medianResTime" : 21.0,
    "minResTime" : 14.0,
    "maxResTime" : 46.0,
    "pct1ResTime" : 30.900000000000006,
    "pct2ResTime" : 35.94999999999999,
    "pct3ResTime" : 45.989999999999995,
    "throughput" : 1.0157027647429258,
    "receivedKBytesPerSec" : 2.8298828005972334,
    "sentKBytesPerSec" : 0.49991620452190877
  },
  "/static/images/landing_page/pinterest.svg-149-0" : {
    "transaction" : "/static/images/landing_page/pinterest.svg-149-0",
    "sampleCount" : 100,
    "errorCount" : 0,
    "errorPct" : 0.0,
    "meanResTime" : 11.899999999999997,
    "medianResTime" : 9.5,
    "minResTime" : 7.0,
    "maxResTime" : 40.0,
    "pct1ResTime" : 20.0,
    "pct2ResTime" : 25.0,
    "pct3ResTime" : 39.949999999999974,
    "throughput" : 1.0161052685058172,
    "receivedKBytesPerSec" : 0.6449886958288878,
    "sentKBytesPerSec" : 0.4733224737082761
  },
  "/submit/firefox-desktop/baseline/1/f1022690-164e-4fa8-9add-e77a63f1602e-117" : {
    "transaction" : "/submit/firefox-desktop/baseline/1/f1022690-164e-4fa8-9add-e77a63f1602e-117",
    "sampleCount" : 100,
    "errorCount" : 100,
    "errorPct" : 100.0,
    "meanResTime" : 278.22999999999996,
    "medianResTime" : 280.0,
    "minResTime" : 234.0,
    "maxResTime" : 342.0,
    "pct1ResTime" : 300.0,
    "pct2ResTime" : 307.0,
    "pct3ResTime" : 341.70999999999987,
    "throughput" : 1.001221490218066,
    "receivedKBytesPerSec" : 0.7995887795610644,
    "sentKBytesPerSec" : 2.307502653236949
  },
  "/graphql-172" : {
    "transaction" : "/graphql-172",
    "sampleCount" : 100,
    "errorCount" : 100,
    "errorPct" : 100.0,
    "meanResTime" : 409.49,
    "medianResTime" : 294.5,
    "minResTime" : 255.0,
    "maxResTime" : 1838.0,
    "pct1ResTime" : 710.1000000000005,
    "pct2ResTime" : 817.9999999999993,
    "pct3ResTime" : 1837.5499999999997,
    "throughput" : 1.0145486273157074,
    "receivedKBytesPerSec" : 2.6702741532323517,
    "sentKBytesPerSec" : 0.9917609140068583
  },
  "/static_assets/public/images/landing_page/uber.svg-150" : {
    "transaction" : "/static_assets/public/images/landing_page/uber.svg-150",
    "sampleCount" : 100,
    "errorCount" : 0,
    "errorPct" : 0.0,
    "meanResTime" : 20.33000000000001,
    "medianResTime" : 18.0,
    "minResTime" : 13.0,
    "maxResTime" : 53.0,
    "pct1ResTime" : 30.900000000000006,
    "pct2ResTime" : 33.0,
    "pct3ResTime" : 52.86999999999993,
    "throughput" : 1.0156821321199316,
    "receivedKBytesPerSec" : 1.2507570005890956,
    "sentKBytesPerSec" : 0.4870116473348501
  },
  "/static_assets/public/images/landing_page/cisco.svg-161" : {
    "transaction" : "/static_assets/public/images/landing_page/cisco.svg-161",
    "sampleCount" : 100,
    "errorCount" : 0,
    "errorPct" : 0.0,
    "meanResTime" : 20.57,
    "medianResTime" : 18.0,
    "minResTime" : 13.0,
    "maxResTime" : 77.0,
    "pct1ResTime" : 27.0,
    "pct2ResTime" : 33.849999999999966,
    "pct3ResTime" : 76.74999999999987,
    "throughput" : 1.0162911470878178,
    "receivedKBytesPerSec" : 1.9323426400195127,
    "sentKBytesPerSec" : 0.48829613707734987
  },
  "Total" : {
    "transaction" : "Total",
    "sampleCount" : 9100,
    "errorCount" : 2245,
    "errorPct" : 24.67033,
    "meanResTime" : 118.14461538461536,
    "medianResTime" : 27.0,
    "minResTime" : 0.0,
    "maxResTime" : 15617.0,
    "pct1ResTime" : 337.0,
    "pct2ResTime" : 518.9499999999989,
    "pct3ResTime" : 868.0,
    "throughput" : 83.60512655611191,
    "receivedKBytesPerSec" : 429.7979100153889,
    "sentKBytesPerSec" : 56.07888511185631
  },
  "/graphql-132" : {
    "transaction" : "/graphql-132",
    "sampleCount" : 100,
    "errorCount" : 100,
    "errorPct" : 100.0,
    "meanResTime" : 388.7900000000001,
    "medianResTime" : 276.0,
    "minResTime" : 237.0,
    "maxResTime" : 1154.0,
    "pct1ResTime" : 749.0,
    "pct2ResTime" : 898.0,
    "pct3ResTime" : 1152.9199999999994,
    "throughput" : 1.0135203616240651,
    "receivedKBytesPerSec" : 0.9729399565199766,
    "sentKBytesPerSec" : 0.7690481650213853
  },
  "/v2/87b5a3c3f1a55520/web/pv-133" : {
    "transaction" : "/v2/87b5a3c3f1a55520/web/pv-133",
    "sampleCount" : 100,
    "errorCount" : 100,
    "errorPct" : 100.0,
    "meanResTime" : 450.2500000000001,
    "medianResTime" : 436.0,
    "minResTime" : 351.0,
    "maxResTime" : 686.0,
    "pct1ResTime" : 569.6,
    "pct2ResTime" : 610.95,
    "pct3ResTime" : 685.7499999999999,
    "throughput" : 1.0114700706006108,
    "receivedKBytesPerSec" : 0.6220738486941921,
    "sentKBytesPerSec" : 0.40794642495903544
  },
  "/products/87b5a3c3f1a55520/web/leetcode.com/settings/general-114" : {
    "transaction" : "/products/87b5a3c3f1a55520/web/leetcode.com/settings/general-114",
    "sampleCount" : 100,
    "errorCount" : 100,
    "errorPct" : 100.0,
    "meanResTime" : 1042.8300000000004,
    "medianResTime" : 862.0,
    "minResTime" : 822.0,
    "maxResTime" : 2870.0,
    "pct1ResTime" : 1854.9,
    "pct2ResTime" : 1920.8999999999996,
    "pct3ResTime" : 2862.8499999999963,
    "throughput" : 0.9929007595690812,
    "receivedKBytesPerSec" : 0.28022296827682075,
    "sentKBytesPerSec" : 0.43051556371940625
  },
  "/static/images/landing_page/pinterest.svg-149" : {
    "transaction" : "/static/images/landing_page/pinterest.svg-149",
    "sampleCount" : 100,
    "errorCount" : 0,
    "errorPct" : 0.0,
    "meanResTime" : 33.64000000000001,
    "medianResTime" : 30.0,
    "minResTime" : 21.0,
    "maxResTime" : 66.0,
    "pct1ResTime" : 50.900000000000006,
    "pct2ResTime" : 57.94999999999999,
    "pct3ResTime" : 65.99,
    "throughput" : 1.0156924483266467,
    "receivedKBytesPerSec" : 3.8574491518968057,
    "sentKBytesPerSec" : 0.9670899776547661
  },
  "/recaptcha/enterprise/anchor-127" : {
    "transaction" : "/recaptcha/enterprise/anchor-127",
    "sampleCount" : 100,
    "errorCount" : 100,
    "errorPct" : 100.0,
    "meanResTime" : 190.15000000000006,
    "medianResTime" : 183.0,
    "minResTime" : 171.0,
    "maxResTime" : 244.0,
    "pct1ResTime" : 222.8,
    "pct2ResTime" : 227.0,
    "pct3ResTime" : 243.96999999999997,
    "throughput" : 1.0127915573695778,
    "receivedKBytesPerSec" : 30.763553445643478,
    "sentKBytesPerSec" : 0.6320056691007424
  },
  "/static/images/landing_page/bank-of-america.svg-148-0" : {
    "transaction" : "/static/images/landing_page/bank-of-america.svg-148-0",
    "sampleCount" : 100,
    "errorCount" : 0,
    "errorPct" : 0.0,
    "meanResTime" : 11.749999999999996,
    "medianResTime" : 9.0,
    "minResTime" : 6.0,
    "maxResTime" : 36.0,
    "pct1ResTime" : 20.900000000000006,
    "pct2ResTime" : 26.899999999999977,
    "pct3ResTime" : 36.0,
    "throughput" : 1.0158059404331397,
    "receivedKBytesPerSec" : 0.6507506805899801,
    "sentKBytesPerSec" : 0.4791350285441469
  }
}