{
  "/s/18952/js/controls/wysiwyg.colorpicker.js-232" : {
    "transaction" : "/s/18952/js/controls/wysiwyg.colorpicker.js-232",
    "sampleCount" : 50,
    "errorCount" : 0,
    "errorPct" : 0.0,
    "meanResTime" : 71.01999999999998,
    "medianResTime" : 85.5,
    "minResTime" : 12.0,
    "maxResTime" : 96.0,
    "pct1ResTime" : 93.9,
    "pct2ResTime" : 94.44999999999999,
    "pct3ResTime" : 96.0,
    "throughput" : 0.5298069383516647,
    "receivedKBytesPerSec" : 1.479961873768199,
    "sentKBytesPerSec" : 0.2141992895288957
  },
  "/cdn-cgi/challenge-platform/scripts/jsd/main.js-294-0" : {
    "transaction" : "/cdn-cgi/challenge-platform/scripts/jsd/main.js-294-0",
    "sampleCount" : 50,
    "errorCount" : 0,
    "errorPct" : 0.0,
    "meanResTime" : 75.87999999999997,
    "medianResTime" : 84.5,
    "minResTime" : 12.0,
    "maxResTime" : 97.0,
    "pct1ResTime" : 92.8,
    "pct2ResTime" : 94.89999999999999,
    "pct3ResTime" : 97.0,
    "throughput" : 0.5278158978148422,
    "receivedKBytesPerSec" : 0.48892040206376014,
    "sentKBytesPerSec" : 0.1907147287026285
  },
  "/cdn-cgi/challenge-platform/scripts/jsd/main.js-294-1" : {
    "transaction" : "/cdn-cgi/challenge-platform/scripts/jsd/main.js-294-1",
    "sampleCount" : 50,
    "errorCount" : 0,
    "errorPct" : 0.0,
    "meanResTime" : 76.94000000000001,
    "medianResTime" : 84.0,
    "minResTime" : 10.0,
    "maxResTime" : 96.0,
    "pct1ResTime" : 93.0,
    "pct2ResTime" : 94.89999999999999,
    "pct3ResTime" : 96.0,
    "throughput" : 0.5277657564466587,
    "receivedKBytesPerSec" : 2.5765998394272684,
    "sentKBytesPerSec" : 0.19997374365361678
  },
  "/scripts/31c6b40f6422465168aa8f2fae35e7a5/en/codeforces-options.js-195" : {
    "transaction" : "/scripts/31c6b40f6422465168aa8f2fae35e7a5/en/codeforces-options.js-195",
    "sampleCount" : 50,
    "errorCount" : 0,
    "errorPct" : 0.0,
    "meanResTime" : 83.34,
    "medianResTime" : 91.0,
    "minResTime" : 16.0,
    "maxResTime" : 118.0,
    "pct1ResTime" : 100.0,
    "pct2ResTime" : 102.79999999999998,
    "pct3ResTime" : 118.0,
    "throughput" : 0.5287480304135866,
    "receivedKBytesPerSec" : 0.6971831940082273,
    "sentKBytesPerSec" : 0.2261637083214365
  },
  "/s/18952/css/problem-statement.css-201" : {
    "transaction" : "/s/18952/css/problem-statement.css-201",
    "sampleCount" : 50,
    "errorCount" : 0,
    "errorPct" : 0.0,
    "meanResTime" : 69.4,
    "medianResTime" : 84.0,
    "minResTime" : 13.0,
    "maxResTime" : 105.0,
    "pct1ResTime" : 94.0,
    "pct2ResTime" : 101.35,
    "pct3ResTime" : 105.0,
    "throughput" : 0.5291733254310117,
    "receivedKBytesPerSec" : 1.562766653746018,
    "sentKBytesPerSec" : 0.21652697593319717
  },
  "/s/18952/js/jquery.swipe.js-228" : {
    "transaction" : "/s/18952/js/jquery.swipe.js-228",
    "sampleCount" : 50,
    "errorCount" : 0,
    "errorPct" : 0.0,
    "meanResTime" : 70.44000000000003,
    "medianResTime" : 84.0,
    "minResTime" : 12.0,
    "maxResTime" : 100.0,
    "pct1ResTime" : 95.9,
    "pct2ResTime" : 99.44999999999999,
    "pct3ResTime" : 100.0,
    "throughput" : 0.5297115191066945,
    "receivedKBytesPerSec" : 0.8924707963418121,
    "sentKBytesPerSec" : 0.20588396934029726
  },
  "/events/1/8d5fb92f6e?a=1100293087&v=1.276.0&to=ZwMAYEdSCktRWxZRXV5JJEFbUBBRX1ZNSF5RHwVGWkYKXB5OC11FQ1wxXFRBAVxgVANBVUIJF1pRZQ1dRxYFXUY%3D&rst=15499&ck=0&s=b06560af563d7779&ref=https://leetcode.com/playground/UpwhGDg6/shared&ptid=3e3fe48c1952ae9e-178" : {
    "transaction" : "/events/1/8d5fb92f6e?a=1100293087&v=1.276.0&to=ZwMAYEdSCktRWxZRXV5JJEFbUBBRX1ZNSF5RHwVGWkYKXB5OC11FQ1wxXFRBAVxgVANBVUIJF1pRZQ1dRxYFXUY%3D&rst=15499&ck=0&s=b06560af563d7779&ref=https://leetcode.com/playground/UpwhGDg6/shared&ptid=3e3fe48c1952ae9e-178",
    "sampleCount" : 50,
    "errorCount" : 50,
    "errorPct" : 100.0,
    "meanResTime" : 337.35999999999996,
    "medianResTime" : 302.5,
    "minResTime" : 275.0,
    "maxResTime" : 587.0,
    "pct1ResTime" : 516.8,
    "pct2ResTime" : 557.8999999999999,
    "pct3ResTime" : 587.0,
    "throughput" : 0.5120432574143864,
    "receivedKBytesPerSec" : 0.16916429099930363,
    "sentKBytesPerSec" : 0.5880496784368344
  },
  "/offline/18.html-270" : {
    "transaction" : "/offline/18.html-270",
    "sampleCount" : 50,
    "errorCount" : 50,
    "errorPct" : 100.0,
    "meanResTime" : 370.61999999999995,
    "medianResTime" : 307.5,
    "minResTime" : 237.0,
    "maxResTime" : 522.0,
    "pct1ResTime" : 510.8,
    "pct2ResTime" : 513.9,
    "pct3ResTime" : 522.0,
    "throughput" : 0.5282787621372046,
    "receivedKBytesPerSec" : 4.355121860703456,
    "sentKBytesPerSec" : 0.2099701720603928
  },
  "/s/18952/js/jquery.colorbox-min.js-240" : {
    "transaction" : "/s/18952/js/jquery.colorbox-min.js-240",
    "sampleCount" : 50,
    "errorCount" : 0,
    "errorPct" : 0.0,
    "meanResTime" : 70.54,
    "medianResTime" : 84.5,
    "minResTime" : 11.0,
    "maxResTime" : 107.0,
    "pct1ResTime" : 93.0,
    "pct2ResTime" : 99.79999999999998,
    "pct3ResTime" : 107.0,
    "throughput" : 0.5299754091410159,
    "receivedKBytesPerSec" : 2.7034231939763,
    "sentKBytesPerSec" : 0.2096094147481557
  },
  "/s/18952/css/jquery.autocomplete.css-211" : {
    "transaction" : "/s/18952/css/jquery.autocomplete.css-211",
    "sampleCount" : 50,
    "errorCount" : 0,
    "errorPct" : 0.0,
    "meanResTime" : 69.42000000000004,
    "medianResTime" : 84.5,
    "minResTime" : 12.0,
    "maxResTime" : 98.0,
    "pct1ResTime" : 94.8,
    "pct2ResTime" : 97.44999999999999,
    "pct3ResTime" : 98.0,
    "throughput" : 0.5291341249179842,
    "receivedKBytesPerSec" : 0.7674511741486232,
    "sentKBytesPerSec" : 0.2175444009672572
  },
  "/s/18952/images/icons/comment-12x12.png-276" : {
    "transaction" : "/s/18952/images/icons/comment-12x12.png-276",
    "sampleCount" : 50,
    "errorCount" : 0,
    "errorPct" : 0.0,
    "meanResTime" : 69.00000000000001,
    "medianResTime" : 83.0,
    "minResTime" : 12.0,
    "maxResTime" : 97.0,
    "pct1ResTime" : 91.9,
    "pct2ResTime" : 95.89999999999999,
    "pct3ResTime" : 97.0,
    "throughput" : 0.5292965648652941,
    "receivedKBytesPerSec" : 0.6738813647911924,
    "sentKBytesPerSec" : 0.24707398242735404
  },
  "/s/18952/images/flags/24/ru.png-275" : {
    "transaction" : "/s/18952/images/flags/24/ru.png-275",
    "sampleCount" : 50,
    "errorCount" : 0,
    "errorPct" : 0.0,
    "meanResTime" : 70.05999999999997,
    "medianResTime" : 84.5,
    "minResTime" : 11.0,
    "maxResTime" : 105.0,
    "pct1ResTime" : 94.9,
    "pct2ResTime" : 101.24999999999997,
    "pct3ResTime" : 105.0,
    "throughput" : 0.5294366793731469,
    "receivedKBytesPerSec" : 0.7269620592439644,
    "sentKBytesPerSec" : 0.24300316338415925
  },
  "/s/18952/js/codeforces.js-246" : {
    "transaction" : "/s/18952/js/codeforces.js-246",
    "sampleCount" : 50,
    "errorCount" : 1,
    "errorPct" : 2.0,
    "meanResTime" : 73.2,
    "medianResTime" : 85.5,
    "minResTime" : 14.0,
    "maxResTime" : 176.0,
    "pct1ResTime" : 100.69999999999999,
    "pct2ResTime" : 108.14999999999998,
    "pct3ResTime" : 176.0,
    "throughput" : 0.5300259712725923,
    "receivedKBytesPerSec" : 6.868950250437272,
    "sentKBytesPerSec" : 0.21066461944135265
  },
  "/s/18952/markitup/jquery.markitup.js-253" : {
    "transaction" : "/s/18952/markitup/jquery.markitup.js-253",
    "sampleCount" : 50,
    "errorCount" : 0,
    "errorPct" : 0.0,
    "meanResTime" : 70.38000000000002,
    "medianResTime" : 85.0,
    "minResTime" : 13.0,
    "maxResTime" : 110.0,
    "pct1ResTime" : 92.9,
    "pct2ResTime" : 96.44999999999999,
    "pct3ResTime" : 110.0,
    "throughput" : 0.5295600415175074,
    "receivedKBytesPerSec" : 3.4600025782954518,
    "sentKBytesPerSec" : 0.21047943056408736
  },
  "/s/18952/css/datatable.css-204" : {
    "transaction" : "/s/18952/css/datatable.css-204",
    "sampleCount" : 50,
    "errorCount" : 0,
    "errorPct" : 0.0,
    "meanResTime" : 70.46000000000002,
    "medianResTime" : 85.5,
    "minResTime" : 12.0,
    "maxResTime" : 111.0,
    "pct1ResTime" : 93.9,
    "pct2ResTime" : 101.35,
    "pct3ResTime" : 111.0,
    "throughput" : 0.529195728332081,
    "receivedKBytesPerSec" : 0.8290285190192944,
    "sentKBytesPerSec" : 0.21240180111766138
  },
  "/1/8d5fb92f6e?a=1100293087&v=1.276.0&to=ZwMAYEdSCktRWxZRXV5JJEFbUBBRX1ZNSF5RHwVGWkYKXB5OC11FQ1wxXFRBAVxgVANBVUIJF1pRZQ1dRxYFXUY%3D&rst=5953&ck=0&s=b06560af563d7779&ref=https://leetcode.com/playground/UpwhGDg6/shared&ptid=3e3fe48c1952ae9e&af=err,spa,xhr,stn,ins&ap=24&be=2&fe=2277&dc=1501&fsh=1&perf=%7B%22timing%22:%7B%22of%22:1734515035365,%22n%22:0,%22f%22:1,%22dn%22:5,%22dne%22:5,%22c%22:5,%22s%22:6,%22ce%22:6,%22rq%22:6,%22rp%22:7,%22rpe%22:1071,%22di%22:1506,%22ds%22:1507,%22de%22:1509,%22dc%22:2283,%22l%22:2283,%22le%22:2285%7D,%22navigation%22:%7B%7D%7D-176" : {
    "transaction" : "/1/8d5fb92f6e?a=1100293087&v=1.276.0&to=ZwMAYEdSCktRWxZRXV5JJEFbUBBRX1ZNSF5RHwVGWkYKXB5OC11FQ1wxXFRBAVxgVANBVUIJF1pRZQ1dRxYFXUY%3D&rst=5953&ck=0&s=b06560af563d7779&ref=https://leetcode.com/playground/UpwhGDg6/shared&ptid=3e3fe48c1952ae9e&af=err,spa,xhr,stn,ins&ap=24&be=2&fe=2277&dc=1501&fsh=1&perf=%7B%22timing%22:%7B%22of%22:1734515035365,%22n%22:0,%22f%22:1,%22dn%22:5,%22dne%22:5,%22c%22:5,%22s%22:6,%22ce%22:6,%22rq%22:6,%22rp%22:7,%22rpe%22:1071,%22di%22:1506,%22ds%22:1507,%22de%22:1509,%22dc%22:2283,%22l%22:2283,%22le%22:2285%7D,%22navigation%22:%7B%7D%7D-176",
    "sampleCount" : 50,
    "errorCount" : 50,
    "errorPct" : 100.0,
    "meanResTime" : 1139.4,
    "medianResTime" : 1130.0,
    "minResTime" : 406.0,
    "maxResTime" : 2421.0,
    "pct1ResTime" : 1478.1999999999998,
    "pct2ResTime" : 2064.3499999999995,
    "pct3ResTime" : 2421.0,
    "throughput" : 0.5076348278102664,
    "receivedKBytesPerSec" : 0.3111742006020549,
    "sentKBytesPerSec" : 0.49127550230466216
  },
  "/s/18952/js/sjcl.js-245" : {
    "transaction" : "/s/18952/js/sjcl.js-245",
    "sampleCount" : 50,
    "errorCount" : 1,
    "errorPct" : 2.0,
    "meanResTime" : 75.22000000000003,
    "medianResTime" : 89.0,
    "minResTime" : 13.0,
    "maxResTime" : 219.0,
    "pct1ResTime" : 97.0,
    "pct2ResTime" : 100.89999999999999,
    "pct3ResTime" : 219.0,
    "throughput" : 0.5300596847204996,
    "receivedKBytesPerSec" : 4.424745687301891,
    "sentKBytesPerSec" : 0.20187820023534653
  },
  "/s/18952/js/autosize.min.js-244" : {
    "transaction" : "/s/18952/js/autosize.min.js-244",
    "sampleCount" : 50,
    "errorCount" : 0,
    "errorPct" : 0.0,
    "meanResTime" : 69.88,
    "medianResTime" : 87.0,
    "minResTime" : 12.0,
    "maxResTime" : 103.0,
    "pct1ResTime" : 92.0,
    "pct2ResTime" : 97.79999999999998,
    "pct3ResTime" : 103.0,
    "throughput" : 0.530003498023087,
    "receivedKBytesPerSec" : 1.2151468871569553,
    "sentKBytesPerSec" : 0.205997453333192
  },
  "/iframe/18.html-269" : {
    "transaction" : "/iframe/18.html-269",
    "sampleCount" : 50,
    "errorCount" : 50,
    "errorPct" : 100.0,
    "meanResTime" : 324.64000000000004,
    "medianResTime" : 294.5,
    "minResTime" : 231.0,
    "maxResTime" : 1498.0,
    "pct1ResTime" : 321.0,
    "pct2ResTime" : 566.0499999999995,
    "pct3ResTime" : 1498.0,
    "throughput" : 0.5283178360101437,
    "receivedKBytesPerSec" : 0.9423043903212173,
    "sentKBytesPerSec" : 0.2094697670118343
  },
  "codeforces" : {
    "transaction" : "codeforces",
    "sampleCount" : 50,
    "errorCount" : 50,
    "errorPct" : 100.0,
    "meanResTime" : 210.22,
    "medianResTime" : 242.0,
    "minResTime" : 25.0,
    "maxResTime" : 557.0,
    "pct1ResTime" : 270.7,
    "pct2ResTime" : 277.49999999999994,
    "pct3ResTime" : 557.0,
    "throughput" : 0.5107356636499214,
    "receivedKBytesPerSec" : 5.230003022916709,
    "sentKBytesPerSec" : 0.057856774397842654
  },
  "/data/contests-290" : {
    "transaction" : "/data/contests-290",
    "sampleCount" : 50,
    "errorCount" : 50,
    "errorPct" : 100.0,
    "meanResTime" : 774.2199999999998,
    "medianResTime" : 648.0,
    "minResTime" : 511.0,
    "maxResTime" : 2620.0,
    "pct1ResTime" : 1022.2,
    "pct2ResTime" : 1462.4999999999977,
    "pct3ResTime" : 2620.0,
    "throughput" : 0.5236589095326868,
    "receivedKBytesPerSec" : 14.48426224969104,
    "sentKBytesPerSec" : 0.6463914664544103
  },
  "/data/contests-291" : {
    "transaction" : "/data/contests-291",
    "sampleCount" : 50,
    "errorCount" : 50,
    "errorPct" : 100.0,
    "meanResTime" : 724.94,
    "medianResTime" : 647.0,
    "minResTime" : 500.0,
    "maxResTime" : 1199.0,
    "pct1ResTime" : 1024.1,
    "pct2ResTime" : 1080.55,
    "pct3ResTime" : 1199.0,
    "throughput" : 0.5211916525944921,
    "receivedKBytesPerSec" : 14.416008417896679,
    "sentKBytesPerSec" : 0.6433459461713261
  },
  "/data/contests-292" : {
    "transaction" : "/data/contests-292",
    "sampleCount" : 50,
    "errorCount" : 50,
    "errorPct" : 100.0,
    "meanResTime" : 728.7199999999999,
    "medianResTime" : 646.0,
    "minResTime" : 519.0,
    "maxResTime" : 1201.0,
    "pct1ResTime" : 1048.1,
    "pct2ResTime" : 1172.1499999999999,
    "pct3ResTime" : 1201.0,
    "throughput" : 0.5235602094240839,
    "receivedKBytesPerSec" : 14.475304728403142,
    "sentKBytesPerSec" : 0.6462696335078534
  },
  "/data/contests-279-1" : {
    "transaction" : "/data/contests-279-1",
    "sampleCount" : 50,
    "errorCount" : 0,
    "errorPct" : 0.0,
    "meanResTime" : 520.72,
    "medianResTime" : 520.0,
    "minResTime" : 304.0,
    "maxResTime" : 735.0,
    "pct1ResTime" : 547.9,
    "pct2ResTime" : 657.6499999999995,
    "pct3ResTime" : 735.0,
    "throughput" : 0.5288039512231235,
    "receivedKBytesPerSec" : 14.130953258357748,
    "sentKBytesPerSec" : 0.29693581245439066
  },
  "/css-198" : {
    "transaction" : "/css-198",
    "sampleCount" : 50,
    "errorCount" : 2,
    "errorPct" : 4.0,
    "meanResTime" : 128.21999999999997,
    "medianResTime" : 124.0,
    "minResTime" : 116.0,
    "maxResTime" : 191.0,
    "pct1ResTime" : 136.8,
    "pct2ResTime" : 163.1499999999998,
    "pct3ResTime" : 191.0,
    "throughput" : 0.5283178360101437,
    "receivedKBytesPerSec" : 0.7500875026415892,
    "sentKBytesPerSec" : 0.22340002245350804
  },
  "/predownloaded/10/20/1020443c4ada8a8d0aeaa46f6dd4a34120fe8030.png-255" : {
    "transaction" : "/predownloaded/10/20/1020443c4ada8a8d0aeaa46f6dd4a34120fe8030.png-255",
    "sampleCount" : 50,
    "errorCount" : 0,
    "errorPct" : 0.0,
    "meanResTime" : 85.18000000000002,
    "medianResTime" : 93.5,
    "minResTime" : 21.0,
    "maxResTime" : 110.0,
    "pct1ResTime" : 102.0,
    "pct2ResTime" : 104.44999999999999,
    "pct3ResTime" : 110.0,
    "throughput" : 0.5295600415175074,
    "receivedKBytesPerSec" : 4.192801971684425,
    "sentKBytesPerSec" : 0.2611599814124425
  },
  "/s/18952/images/blog/comments_16x16.png-262" : {
    "transaction" : "/s/18952/images/blog/comments_16x16.png-262",
    "sampleCount" : 50,
    "errorCount" : 0,
    "errorPct" : 0.0,
    "meanResTime" : 70.36000000000001,
    "medianResTime" : 84.0,
    "minResTime" : 13.0,
    "maxResTime" : 101.0,
    "pct1ResTime" : 95.8,
    "pct2ResTime" : 98.35,
    "pct3ResTime" : 101.0,
    "throughput" : 0.5292181331301137,
    "receivedKBytesPerSec" : 0.8071403433567248,
    "sentKBytesPerSec" : 0.24703737073847098
  },
  "/css-196" : {
    "transaction" : "/css-196",
    "sampleCount" : 50,
    "errorCount" : 50,
    "errorPct" : 100.0,
    "meanResTime" : 298.12000000000006,
    "medianResTime" : 296.0,
    "minResTime" : 278.0,
    "maxResTime" : 330.0,
    "pct1ResTime" : 315.9,
    "pct2ResTime" : 325.9,
    "pct3ResTime" : 330.0,
    "throughput" : 0.5273872182433788,
    "receivedKBytesPerSec" : 0.7261668771820646,
    "sentKBytesPerSec" : 0.23330704088305715
  },
  "/s/18952/js/jquery.easing.min.js-225" : {
    "transaction" : "/s/18952/js/jquery.easing.min.js-225",
    "sampleCount" : 50,
    "errorCount" : 0,
    "errorPct" : 0.0,
    "meanResTime" : 70.35999999999999,
    "medianResTime" : 84.5,
    "minResTime" : 12.0,
    "maxResTime" : 114.0,
    "pct1ResTime" : 94.9,
    "pct2ResTime" : 96.44999999999999,
    "pct3ResTime" : 114.0,
    "throughput" : 0.5297395800224609,
    "receivedKBytesPerSec" : 1.739822047231581,
    "sentKBytesPerSec" : 0.20848149487212086
  },
  "/data/contests-282-1" : {
    "transaction" : "/data/contests-282-1",
    "sampleCount" : 50,
    "errorCount" : 1,
    "errorPct" : 2.0,
    "meanResTime" : 406.65999999999997,
    "medianResTime" : 327.0,
    "minResTime" : 266.0,
    "maxResTime" : 827.0,
    "pct1ResTime" : 546.3,
    "pct2ResTime" : 812.45,
    "pct3ResTime" : 827.0,
    "throughput" : 0.5270925574530887,
    "receivedKBytesPerSec" : 13.803277527408813,
    "sentKBytesPerSec" : 0.29597482474172465
  },
  "/s/18952/css/jquery.wysiwyg.css-210" : {
    "transaction" : "/s/18952/css/jquery.wysiwyg.css-210",
    "sampleCount" : 50,
    "errorCount" : 0,
    "errorPct" : 0.0,
    "meanResTime" : 70.44,
    "medianResTime" : 86.0,
    "minResTime" : 12.0,
    "maxResTime" : 105.0,
    "pct1ResTime" : 95.0,
    "pct2ResTime" : 101.69999999999997,
    "pct3ResTime" : 105.0,
    "throughput" : 0.5291061281071757,
    "receivedKBytesPerSec" : 1.080812941803617,
    "sentKBytesPerSec" : 0.21494936454354016
  },
  "/s/18952/css/jquery.drafts.css-220" : {
    "transaction" : "/s/18952/css/jquery.drafts.css-220",
    "sampleCount" : 50,
    "errorCount" : 0,
    "errorPct" : 0.0,
    "meanResTime" : 69.50000000000001,
    "medianResTime" : 83.5,
    "minResTime" : 13.0,
    "maxResTime" : 97.0,
    "pct1ResTime" : 93.0,
    "pct2ResTime" : 96.0,
    "pct3ResTime" : 97.0,
    "throughput" : 0.529447891738495,
    "receivedKBytesPerSec" : 0.8542827867225058,
    "sentKBytesPerSec" : 0.21457116706198776
  },
  "/data/contests-282-0" : {
    "transaction" : "/data/contests-282-0",
    "sampleCount" : 50,
    "errorCount" : 0,
    "errorPct" : 0.0,
    "meanResTime" : 322.84,
    "medianResTime" : 302.5,
    "minResTime" : 243.0,
    "maxResTime" : 705.0,
    "pct1ResTime" : 429.49999999999994,
    "pct2ResTime" : 523.9499999999998,
    "pct3ResTime" : 705.0,
    "throughput" : 0.528440677249572,
    "receivedKBytesPerSec" : 0.5100794279365448,
    "sentKBytesPerSec" : 0.35556213537593273
  },
  "/s/18952/js/jquery.drafts.js-242" : {
    "transaction" : "/s/18952/js/jquery.drafts.js-242",
    "sampleCount" : 50,
    "errorCount" : 0,
    "errorPct" : 0.0,
    "meanResTime" : 70.59999999999998,
    "medianResTime" : 84.5,
    "minResTime" : 13.0,
    "maxResTime" : 112.0,
    "pct1ResTime" : 97.69999999999999,
    "pct2ResTime" : 100.44999999999999,
    "pct3ResTime" : 112.0,
    "throughput" : 0.5300147344096166,
    "receivedKBytesPerSec" : 1.8287475188685245,
    "sentKBytesPerSec" : 0.20651941311468458
  },
  "/s/18952/js/jquery.autocomplete.js-237" : {
    "transaction" : "/s/18952/js/jquery.autocomplete.js-237",
    "sampleCount" : 50,
    "errorCount" : 0,
    "errorPct" : 0.0,
    "meanResTime" : 69.04,
    "medianResTime" : 84.0,
    "minResTime" : 12.0,
    "maxResTime" : 97.0,
    "pct1ResTime" : 94.0,
    "pct2ResTime" : 95.89999999999999,
    "pct3ResTime" : 97.0,
    "throughput" : 0.5299248566553263,
    "receivedKBytesPerSec" : 4.231574181531059,
    "sentKBytesPerSec" : 0.20958942084512416
  },
  "/predownloaded/2e/e2/2ee2f0f95f05aae6ca6f47812dae2dc2aabf277b.png-258" : {
    "transaction" : "/predownloaded/2e/e2/2ee2f0f95f05aae6ca6f47812dae2dc2aabf277b.png-258",
    "sampleCount" : 50,
    "errorCount" : 0,
    "errorPct" : 0.0,
    "meanResTime" : 84.52000000000001,
    "medianResTime" : 93.5,
    "minResTime" : 20.0,
    "maxResTime" : 111.0,
    "pct1ResTime" : 100.0,
    "pct2ResTime" : 101.89999999999999,
    "pct3ResTime" : 111.0,
    "throughput" : 0.529503960689626,
    "receivedKBytesPerSec" : 3.418299689975431,
    "sentKBytesPerSec" : 0.26113232436353623
  },
  "/s/18952/js/controls/wysiwyg.table.js-234" : {
    "transaction" : "/s/18952/js/controls/wysiwyg.table.js-234",
    "sampleCount" : 50,
    "errorCount" : 0,
    "errorPct" : 0.0,
    "meanResTime" : 69.66000000000003,
    "medianResTime" : 84.0,
    "minResTime" : 12.0,
    "maxResTime" : 109.0,
    "pct1ResTime" : 92.9,
    "pct2ResTime" : 94.44999999999999,
    "pct3ResTime" : 109.0,
    "throughput" : 0.5298350093780797,
    "receivedKBytesPerSec" : 1.1805489786105607,
    "sentKBytesPerSec" : 0.21110613654907862
  },
  "/data/contests-288" : {
    "transaction" : "/data/contests-288",
    "sampleCount" : 50,
    "errorCount" : 50,
    "errorPct" : 100.0,
    "meanResTime" : 725.1800000000001,
    "medianResTime" : 635.5,
    "minResTime" : 509.0,
    "maxResTime" : 1473.0,
    "pct1ResTime" : 1033.8,
    "pct2ResTime" : 1149.3999999999996,
    "pct3ResTime" : 1473.0,
    "throughput" : 0.5263822798669305,
    "receivedKBytesPerSec" : 14.559970321909084,
    "sentKBytesPerSec" : 0.6497531267107424
  },
  "/complete/search-189" : {
    "transaction" : "/complete/search-189",
    "sampleCount" : 50,
    "errorCount" : 48,
    "errorPct" : 96.0,
    "meanResTime" : 389.16,
    "medianResTime" : 384.5,
    "minResTime" : 142.0,
    "maxResTime" : 733.0,
    "pct1ResTime" : 520.6,
    "pct2ResTime" : 539.4,
    "pct3ResTime" : 733.0,
    "throughput" : 0.5255965520866183,
    "receivedKBytesPerSec" : 0.6498303308630295,
    "sentKBytesPerSec" : 0.15449664275202354
  },
  "/data/contests-289" : {
    "transaction" : "/data/contests-289",
    "sampleCount" : 50,
    "errorCount" : 50,
    "errorPct" : 100.0,
    "meanResTime" : 701.9200000000001,
    "medianResTime" : 631.0,
    "minResTime" : 503.0,
    "maxResTime" : 1197.0,
    "pct1ResTime" : 858.4,
    "pct2ResTime" : 1096.3499999999997,
    "pct3ResTime" : 1197.0,
    "throughput" : 0.5249674520179749,
    "receivedKBytesPerSec" : 14.522281259186931,
    "sentKBytesPerSec" : 0.6480066985846877
  },
  "/complete/search-188" : {
    "transaction" : "/complete/search-188",
    "sampleCount" : 50,
    "errorCount" : 47,
    "errorPct" : 94.0,
    "meanResTime" : 400.78,
    "medianResTime" : 404.5,
    "minResTime" : 144.0,
    "maxResTime" : 543.0,
    "pct1ResTime" : 536.0,
    "pct2ResTime" : 541.0,
    "pct3ResTime" : 543.0,
    "throughput" : 0.5234834683920683,
    "receivedKBytesPerSec" : 0.6471768863726783,
    "sentKBytesPerSec" : 0.15336429738048873
  },
  "/s/18952/js/pushstream.js-224" : {
    "transaction" : "/s/18952/js/pushstream.js-224",
    "sampleCount" : 50,
    "errorCount" : 0,
    "errorPct" : 0.0,
    "meanResTime" : 70.98000000000002,
    "medianResTime" : 85.0,
    "minResTime" : 13.0,
    "maxResTime" : 127.0,
    "pct1ResTime" : 94.9,
    "pct2ResTime" : 96.89999999999999,
    "pct3ResTime" : 127.0,
    "throughput" : 0.5297115191066945,
    "receivedKBytesPerSec" : 5.804479505461326,
    "sentKBytesPerSec" : 0.204849376529542
  },
  "/complete/search-187" : {
    "transaction" : "/complete/search-187",
    "sampleCount" : 50,
    "errorCount" : 48,
    "errorPct" : 96.0,
    "meanResTime" : 392.6599999999999,
    "medianResTime" : 409.0,
    "minResTime" : 140.0,
    "maxResTime" : 539.0,
    "pct1ResTime" : 520.8,
    "pct2ResTime" : 533.5999999999999,
    "pct3ResTime" : 539.0,
    "throughput" : 0.5213220727765613,
    "receivedKBytesPerSec" : 0.6445455049004275,
    "sentKBytesPerSec" : 0.15222197242206237
  },
  "/s/18952/css/fontawesome-webfont.woff-272" : {
    "transaction" : "/s/18952/css/fontawesome-webfont.woff-272",
    "sampleCount" : 50,
    "errorCount" : 0,
    "errorPct" : 0.0,
    "meanResTime" : 74.92000000000003,
    "medianResTime" : 89.0,
    "minResTime" : 16.0,
    "maxResTime" : 121.0,
    "pct1ResTime" : 97.9,
    "pct2ResTime" : 114.24999999999997,
    "pct3ResTime" : 121.0,
    "throughput" : 0.5293750198515632,
    "receivedKBytesPerSec" : 23.045710788530563,
    "sentKBytesPerSec" : 0.26261963875448646
  },
  "/complete/search-186" : {
    "transaction" : "/complete/search-186",
    "sampleCount" : 50,
    "errorCount" : 50,
    "errorPct" : 100.0,
    "meanResTime" : 378.25999999999993,
    "medianResTime" : 375.5,
    "minResTime" : 152.0,
    "maxResTime" : 541.0,
    "pct1ResTime" : 517.9,
    "pct2ResTime" : 538.35,
    "pct3ResTime" : 541.0,
    "throughput" : 0.519782938644822,
    "receivedKBytesPerSec" : 0.6425207458365386,
    "sentKBytesPerSec" : 0.1512649567540595
  },
  "/complete/search-185" : {
    "transaction" : "/complete/search-185",
    "sampleCount" : 50,
    "errorCount" : 48,
    "errorPct" : 96.0,
    "meanResTime" : 379.9,
    "medianResTime" : 378.0,
    "minResTime" : 138.0,
    "maxResTime" : 550.0,
    "pct1ResTime" : 536.0,
    "pct2ResTime" : 545.9,
    "pct3ResTime" : 550.0,
    "throughput" : 0.5191676703908294,
    "receivedKBytesPerSec" : 0.6416790726107904,
    "sentKBytesPerSec" : 0.15007190472234913
  },
  "/g/collect?v=2&tid=G-K230KVN22K&gtm=45je4cc1v9123190673za200&_p=1734515059395&gcd=13l3l3l3l1l1&npa=0&dma=0&tag_exp=101509156~101925629~102067555~102067808~102081485~102123607~102198178&cid=688972847.1734515066&ul=en-us&sr=1536x864&frm=0&pscdl=noapi&_eu=AAAI&_s=1&sid=1734515066&sct=1&seg=0&dl=https%3A%2F%2Fcodeforces.com%2F&dt=Codeforces&en=page_view&_fv=1&_nsi=1&_ss=1&tfd=10358-247" : {
    "transaction" : "/g/collect?v=2&tid=G-K230KVN22K&gtm=45je4cc1v9123190673za200&_p=1734515059395&gcd=13l3l3l3l1l1&npa=0&dma=0&tag_exp=101509156~101925629~102067555~102067808~102081485~102123607~102198178&cid=688972847.1734515066&ul=en-us&sr=1536x864&frm=0&pscdl=noapi&_eu=AAAI&_s=1&sid=1734515066&sct=1&seg=0&dl=https%3A%2F%2Fcodeforces.com%2F&dt=Codeforces&en=page_view&_fv=1&_nsi=1&_ss=1&tfd=10358-247",
    "sampleCount" : 50,
    "errorCount" : 50,
    "errorPct" : 100.0,
    "meanResTime" : 215.88000000000005,
    "medianResTime" : 182.5,
    "minResTime" : 171.0,
    "maxResTime" : 305.0,
    "pct1ResTime" : 300.6,
    "pct2ResTime" : 303.45,
    "pct3ResTime" : 305.0,
    "throughput" : 0.5290165582182723,
    "receivedKBytesPerSec" : 0.42569301169126594,
    "sentKBytesPerSec" : 0.47477169629159394
  },
  "/gtag/js-194" : {
    "transaction" : "/gtag/js-194",
    "sampleCount" : 50,
    "errorCount" : 50,
    "errorPct" : 100.0,
    "meanResTime" : 518.0600000000001,
    "medianResTime" : 514.0,
    "minResTime" : 488.0,
    "maxResTime" : 644.0,
    "pct1ResTime" : 542.8,
    "pct2ResTime" : 572.5,
    "pct3ResTime" : 644.0,
    "throughput" : 0.5265319446930845,
    "receivedKBytesPerSec" : 42.536150531534,
    "sentKBytesPerSec" : 0.2000204360211034
  },
  "/data/contests-280" : {
    "transaction" : "/data/contests-280",
    "sampleCount" : 50,
    "errorCount" : 50,
    "errorPct" : 100.0,
    "meanResTime" : 702.0999999999997,
    "medianResTime" : 639.0,
    "minResTime" : 486.0,
    "maxResTime" : 1459.0,
    "pct1ResTime" : 996.4999999999999,
    "pct2ResTime" : 1044.5,
    "pct3ResTime" : 1459.0,
    "throughput" : 0.5252100840336135,
    "receivedKBytesPerSec" : 14.263331309086134,
    "sentKBytesPerSec" : 0.6483061974789915
  },
  "/data/contests-281" : {
    "transaction" : "/data/contests-281",
    "sampleCount" : 50,
    "errorCount" : 50,
    "errorPct" : 100.0,
    "meanResTime" : 712.8000000000001,
    "medianResTime" : 639.0,
    "minResTime" : 527.0,
    "maxResTime" : 1216.0,
    "pct1ResTime" : 922.5999999999999,
    "pct2ResTime" : 1021.4499999999996,
    "pct3ResTime" : 1216.0,
    "throughput" : 0.5280165585992777,
    "receivedKBytesPerSec" : 14.603102328289015,
    "sentKBytesPerSec" : 0.6517704395209833
  },
  "/s/18952/images/itmo_small_en-logo.png-267" : {
    "transaction" : "/s/18952/images/itmo_small_en-logo.png-267",
    "sampleCount" : 50,
    "errorCount" : 0,
    "errorPct" : 0.0,
    "meanResTime" : 70.75999999999999,
    "medianResTime" : 86.0,
    "minResTime" : 12.0,
    "maxResTime" : 101.0,
    "pct1ResTime" : 93.9,
    "pct2ResTime" : 99.35,
    "pct3ResTime" : 101.0,
    "throughput" : 0.5292853589084019,
    "receivedKBytesPerSec" : 1.9649822325521082,
    "sentKBytesPerSec" : 0.24655187128838643
  },
  "/data/contests-282" : {
    "transaction" : "/data/contests-282",
    "sampleCount" : 50,
    "errorCount" : 50,
    "errorPct" : 100.0,
    "meanResTime" : 729.6600000000001,
    "medianResTime" : 633.0,
    "minResTime" : 509.0,
    "maxResTime" : 1216.0,
    "pct1ResTime" : 1096.3,
    "pct2ResTime" : 1183.6,
    "pct3ResTime" : 1216.0,
    "throughput" : 0.5255136896316148,
    "receivedKBytesPerSec" : 14.269184944689684,
    "sentKBytesPerSec" : 0.6486809606390247
  },
  "/s/18952/js/jquery.ie6blocker.js-239" : {
    "transaction" : "/s/18952/js/jquery.ie6blocker.js-239",
    "sampleCount" : 50,
    "errorCount" : 0,
    "errorPct" : 0.0,
    "meanResTime" : 70.48000000000002,
    "medianResTime" : 85.0,
    "minResTime" : 15.0,
    "maxResTime" : 100.0,
    "pct1ResTime" : 93.9,
    "pct2ResTime" : 95.35,
    "pct3ResTime" : 100.0,
    "throughput" : 0.5299641744218091,
    "receivedKBytesPerSec" : 0.806145895162487,
    "sentKBytesPerSec" : 0.20856988505077056
  },
  "/s/18952/markitup/sets/markdown/set.js-254" : {
    "transaction" : "/s/18952/markitup/sets/markdown/set.js-254",
    "sampleCount" : 50,
    "errorCount" : 1,
    "errorPct" : 2.0,
    "meanResTime" : 71.66,
    "medianResTime" : 84.0,
    "minResTime" : 12.0,
    "maxResTime" : 220.0,
    "pct1ResTime" : 92.9,
    "pct2ResTime" : 95.35,
    "pct3ResTime" : 220.0,
    "throughput" : 0.5296105244203413,
    "receivedKBytesPerSec" : 1.0798572401730766,
    "sentKBytesPerSec" : 0.21153389110148396
  },
  "/data/contests-279-0" : {
    "transaction" : "/data/contests-279-0",
    "sampleCount" : 50,
    "errorCount" : 0,
    "errorPct" : 0.0,
    "meanResTime" : 321.3199999999999,
    "medianResTime" : 302.5,
    "minResTime" : 233.0,
    "maxResTime" : 963.0,
    "pct1ResTime" : 374.8,
    "pct2ResTime" : 444.69999999999965,
    "pct3ResTime" : 963.0,
    "throughput" : 0.5301777155702592,
    "receivedKBytesPerSec" : 0.5114454599556771,
    "sentKBytesPerSec" : 0.3567309043241294
  },
  "/s/18952/js/jquery.jgrowl.js-227" : {
    "transaction" : "/s/18952/js/jquery.jgrowl.js-227",
    "sampleCount" : 50,
    "errorCount" : 0,
    "errorPct" : 0.0,
    "meanResTime" : 71.00000000000003,
    "medianResTime" : 85.0,
    "minResTime" : 13.0,
    "maxResTime" : 104.0,
    "pct1ResTime" : 95.9,
    "pct2ResTime" : 100.35,
    "pct3ResTime" : 104.0,
    "throughput" : 0.5295768680824022,
    "receivedKBytesPerSec" : 2.179281215246518,
    "sentKBytesPerSec" : 0.20634879918445162
  },
  "/s/18952/markitup/sets/markdown/style.css-252" : {
    "transaction" : "/s/18952/markitup/sets/markdown/style.css-252",
    "sampleCount" : 50,
    "errorCount" : 0,
    "errorPct" : 0.0,
    "meanResTime" : 68.82000000000002,
    "medianResTime" : 84.0,
    "minResTime" : 10.0,
    "maxResTime" : 112.0,
    "pct1ResTime" : 92.9,
    "pct2ResTime" : 95.0,
    "pct3ResTime" : 112.0,
    "throughput" : 0.5295768680824022,
    "receivedKBytesPerSec" : 0.6931561291902769,
    "sentKBytesPerSec" : 0.22031225176084307
  },
  "/complete/search-184" : {
    "transaction" : "/complete/search-184",
    "sampleCount" : 50,
    "errorCount" : 50,
    "errorPct" : 100.0,
    "meanResTime" : 386.22000000000014,
    "medianResTime" : 394.0,
    "minResTime" : 152.0,
    "maxResTime" : 535.0,
    "pct1ResTime" : 519.8,
    "pct2ResTime" : 524.25,
    "pct3ResTime" : 535.0,
    "throughput" : 0.5172984605197815,
    "receivedKBytesPerSec" : 0.6533418935451498,
    "sentKBytesPerSec" : 0.149026411966148
  },
  "/data/contests-290-1" : {
    "transaction" : "/data/contests-290-1",
    "sampleCount" : 50,
    "errorCount" : 0,
    "errorPct" : 0.0,
    "meanResTime" : 452.3199999999999,
    "medianResTime" : 349.0,
    "minResTime" : 268.0,
    "maxResTime" : 2326.0,
    "pct1ResTime" : 545.6,
    "pct2ResTime" : 812.299999999999,
    "pct3ResTime" : 2326.0,
    "throughput" : 0.5253259647611342,
    "receivedKBytesPerSec" : 14.02344324575274,
    "sentKBytesPerSec" : 0.294982841540676
  },
  "/complete/search-183" : {
    "transaction" : "/complete/search-183",
    "sampleCount" : 50,
    "errorCount" : 48,
    "errorPct" : 96.0,
    "meanResTime" : 378.28000000000003,
    "medianResTime" : 370.5,
    "minResTime" : 150.0,
    "maxResTime" : 562.0,
    "pct1ResTime" : 535.7,
    "pct2ResTime" : 555.6999999999999,
    "pct3ResTime" : 562.0,
    "throughput" : 0.5151346561991305,
    "receivedKBytesPerSec" : 0.6529633604036595,
    "sentKBytesPerSec" : 0.14789998918217223
  },
  "/data/contests-290-0" : {
    "transaction" : "/data/contests-290-0",
    "sampleCount" : 50,
    "errorCount" : 0,
    "errorPct" : 0.0,
    "meanResTime" : 321.79999999999984,
    "medianResTime" : 300.0,
    "minResTime" : 232.0,
    "maxResTime" : 1231.0,
    "pct1ResTime" : 323.4,
    "pct2ResTime" : 508.39999999999986,
    "pct3ResTime" : 1231.0,
    "throughput" : 0.5265153110652459,
    "receivedKBytesPerSec" : 0.5080769916757929,
    "sentKBytesPerSec" : 0.35426664973042415
  },
  "/complete/search-182" : {
    "transaction" : "/complete/search-182",
    "sampleCount" : 50,
    "errorCount" : 50,
    "errorPct" : 100.0,
    "meanResTime" : 578.16,
    "medianResTime" : 605.5,
    "minResTime" : 313.0,
    "maxResTime" : 727.0,
    "pct1ResTime" : 690.7,
    "pct2ResTime" : 715.4499999999999,
    "pct3ResTime" : 727.0,
    "throughput" : 0.5130573085013596,
    "receivedKBytesPerSec" : 0.6498792712020933,
    "sentKBytesPerSec" : 0.14680253065517418
  },
  "/s/18952/js/prettify/prettify.js-222" : {
    "transaction" : "/s/18952/js/prettify/prettify.js-222",
    "sampleCount" : 50,
    "errorCount" : 0,
    "errorPct" : 0.0,
    "meanResTime" : 72.17999999999998,
    "medianResTime" : 86.0,
    "minResTime" : 15.0,
    "maxResTime" : 110.0,
    "pct1ResTime" : 97.8,
    "pct2ResTime" : 100.0,
    "pct3ResTime" : 110.0,
    "throughput" : 0.5294983532601213,
    "receivedKBytesPerSec" : 11.510125580462569,
    "sentKBytesPerSec" : 0.20838655894905167
  },
  "/jserrors/1/8d5fb92f6e?a=1100293087&v=1.276.0&to=ZwMAYEdSCktRWxZRXV5JJEFbUBBRX1ZNSF5RHwVGWkYKXB5OC11FQ1wxXFRBAVxgVANBVUIJF1pRZQ1dRxYFXUY%3D&rst=16998&ck=0&s=b06560af563d7779&ref=https://leetcode.com/playground/UpwhGDg6/shared&ptid=3e3fe48c1952ae9e-181" : {
    "transaction" : "/jserrors/1/8d5fb92f6e?a=1100293087&v=1.276.0&to=ZwMAYEdSCktRWxZRXV5JJEFbUBBRX1ZNSF5RHwVGWkYKXB5OC11FQ1wxXFRBAVxgVANBVUIJF1pRZQ1dRxYFXUY%3D&rst=16998&ck=0&s=b06560af563d7779&ref=https://leetcode.com/playground/UpwhGDg6/shared&ptid=3e3fe48c1952ae9e-181",
    "sampleCount" : 50,
    "errorCount" : 50,
    "errorPct" : 100.0,
    "meanResTime" : 336.9000000000001,
    "medianResTime" : 303.5,
    "minResTime" : 278.0,
    "maxResTime" : 683.0,
    "pct1ResTime" : 481.9,
    "pct2ResTime" : 552.35,
    "pct3ResTime" : 683.0,
    "throughput" : 0.5120380137021372,
    "receivedKBytesPerSec" : 0.19131420316644307,
    "sentKBytesPerSec" : 0.7010520461039027
  },
  "/s/18952/images/codeforces-sponsored-by-ton.png-273" : {
    "transaction" : "/s/18952/images/codeforces-sponsored-by-ton.png-273",
    "sampleCount" : 50,
    "errorCount" : 0,
    "errorPct" : 0.0,
    "meanResTime" : 71.77999999999999,
    "medianResTime" : 87.0,
    "minResTime" : 15.0,
    "maxResTime" : 99.0,
    "pct1ResTime" : 95.9,
    "pct2ResTime" : 97.35,
    "pct3ResTime" : 99.0,
    "throughput" : 0.5292741534259916,
    "receivedKBytesPerSec" : 10.069161659512645,
    "sentKBytesPerSec" : 0.251198475161164
  },
  "/data/contests-279" : {
    "transaction" : "/data/contests-279",
    "sampleCount" : 50,
    "errorCount" : 50,
    "errorPct" : 100.0,
    "meanResTime" : 842.1600000000001,
    "medianResTime" : 832.0,
    "minResTime" : 597.0,
    "maxResTime" : 1461.0,
    "pct1ResTime" : 923.9,
    "pct2ResTime" : 1076.9499999999996,
    "pct3ResTime" : 1461.0,
    "throughput" : 0.5271925939984395,
    "receivedKBytesPerSec" : 14.596459605185467,
    "sentKBytesPerSec" : 0.6507533582168238
  },
  "/submit/firefox-desktop/newtab/1/db3f1af1-8033-47c7-9680-fb2ce5f6b809-193" : {
    "transaction" : "/submit/firefox-desktop/newtab/1/db3f1af1-8033-47c7-9680-fb2ce5f6b809-193",
    "sampleCount" : 50,
    "errorCount" : 50,
    "errorPct" : 100.0,
    "meanResTime" : 363.4199999999999,
    "medianResTime" : 365.0,
    "minResTime" : 315.0,
    "maxResTime" : 397.0,
    "pct1ResTime" : 393.0,
    "pct2ResTime" : 394.0,
    "pct3ResTime" : 397.0,
    "throughput" : 0.5270258875115946,
    "receivedKBytesPerSec" : 0.42435877419048823,
    "sentKBytesPerSec" : 1.5393890913546673
  },
  "/data/topics-293" : {
    "transaction" : "/data/topics-293",
    "sampleCount" : 50,
    "errorCount" : 50,
    "errorPct" : 100.0,
    "meanResTime" : 688.5400000000002,
    "medianResTime" : 630.5,
    "minResTime" : 507.0,
    "maxResTime" : 1209.0,
    "pct1ResTime" : 833.7,
    "pct2ResTime" : 936.3999999999997,
    "pct3ResTime" : 1209.0,
    "throughput" : 0.5248737678588299,
    "receivedKBytesPerSec" : 14.522406287069211,
    "sentKBytesPerSec" : 0.6899219643925636
  },
  "/s/18952/css/codeforces.datepick.css-212" : {
    "transaction" : "/s/18952/css/codeforces.datepick.css-212",
    "sampleCount" : 50,
    "errorCount" : 0,
    "errorPct" : 0.0,
    "meanResTime" : 70.74,
    "medianResTime" : 85.0,
    "minResTime" : 11.0,
    "maxResTime" : 101.0,
    "pct1ResTime" : 95.0,
    "pct2ResTime" : 98.35,
    "pct3ResTime" : 101.0,
    "throughput" : 0.5293638105724541,
    "receivedKBytesPerSec" : 1.1340378945083798,
    "sentKBytesPerSec" : 0.21763883227637026
  },
  "/s/18952/js/jquery.datepick.js-238" : {
    "transaction" : "/s/18952/js/jquery.datepick.js-238",
    "sampleCount" : 50,
    "errorCount" : 0,
    "errorPct" : 0.0,
    "meanResTime" : 72.42,
    "medianResTime" : 88.0,
    "minResTime" : 14.0,
    "maxResTime" : 112.0,
    "pct1ResTime" : 95.0,
    "pct2ResTime" : 98.69999999999997,
    "pct3ResTime" : 112.0,
    "throughput" : 0.5299248566553263,
    "receivedKBytesPerSec" : 12.48949051368266,
    "sentKBytesPerSec" : 0.20751940187381432
  },
  "/s/18952/js/controls/wysiwyg.link.js-236" : {
    "transaction" : "/s/18952/js/controls/wysiwyg.link.js-236",
    "sampleCount" : 50,
    "errorCount" : 0,
    "errorPct" : 0.0,
    "meanResTime" : 70.75999999999999,
    "medianResTime" : 85.5,
    "minResTime" : 13.0,
    "maxResTime" : 130.0,
    "pct1ResTime" : 94.0,
    "pct2ResTime" : 97.89999999999999,
    "pct3ResTime" : 130.0,
    "throughput" : 0.529891160355663,
    "receivedKBytesPerSec" : 1.4741634177714897,
    "sentKBytesPerSec" : 0.21061103736792464
  },
  "/s/18952/js/jquery.ba-bbq.js-241" : {
    "transaction" : "/s/18952/js/jquery.ba-bbq.js-241",
    "sampleCount" : 50,
    "errorCount" : 0,
    "errorPct" : 0.0,
    "meanResTime" : 69.84000000000003,
    "medianResTime" : 85.0,
    "minResTime" : 13.0,
    "maxResTime" : 99.0,
    "pct1ResTime" : 94.9,
    "pct2ResTime" : 96.44999999999999,
    "pct3ResTime" : 99.0,
    "throughput" : 0.5299922621129731,
    "receivedKBytesPerSec" : 1.776623084740463,
    "sentKBytesPerSec" : 0.20651065681941044
  },
  "/s/18952/images/blog/date_16x16.png-257" : {
    "transaction" : "/s/18952/images/blog/date_16x16.png-257",
    "sampleCount" : 50,
    "errorCount" : 0,
    "errorPct" : 0.0,
    "meanResTime" : 69.50000000000001,
    "medianResTime" : 85.0,
    "minResTime" : 11.0,
    "maxResTime" : 104.0,
    "pct1ResTime" : 95.8,
    "pct2ResTime" : 100.44999999999999,
    "pct3ResTime" : 104.0,
    "throughput" : 0.5296273541935893,
    "receivedKBytesPerSec" : 0.8701922249380335,
    "sentKBytesPerSec" : 0.24515953699976695
  },
  "/s/18952/images/flags/24/gb.png-274" : {
    "transaction" : "/s/18952/images/flags/24/gb.png-274",
    "sampleCount" : 50,
    "errorCount" : 0,
    "errorPct" : 0.0,
    "meanResTime" : 71.05999999999999,
    "medianResTime" : 84.5,
    "minResTime" : 12.0,
    "maxResTime" : 96.0,
    "pct1ResTime" : 93.0,
    "pct2ResTime" : 94.44999999999999,
    "pct3ResTime" : 96.0,
    "throughput" : 0.5293021680216802,
    "receivedKBytesPerSec" : 1.106675724350017,
    "sentKBytesPerSec" : 0.24294142477557587
  },
  "/s/18952/images/actions/votedown.png-265" : {
    "transaction" : "/s/18952/images/actions/votedown.png-265",
    "sampleCount" : 50,
    "errorCount" : 0,
    "errorPct" : 0.0,
    "meanResTime" : 70.32,
    "medianResTime" : 84.0,
    "minResTime" : 12.0,
    "maxResTime" : 103.0,
    "pct1ResTime" : 94.9,
    "pct2ResTime" : 101.89999999999999,
    "pct3ResTime" : 103.0,
    "throughput" : 0.5292405398253506,
    "receivedKBytesPerSec" : 0.8887313111934375,
    "sentKBytesPerSec" : 0.24549732071976715
  },
  "/s/18952/css/clear.css-215" : {
    "transaction" : "/s/18952/css/clear.css-215",
    "sampleCount" : 50,
    "errorCount" : 0,
    "errorPct" : 0.0,
    "meanResTime" : 71.02,
    "medianResTime" : 86.5,
    "minResTime" : 12.0,
    "maxResTime" : 114.0,
    "pct1ResTime" : 98.69999999999999,
    "pct2ResTime" : 102.0,
    "pct3ResTime" : 114.0,
    "throughput" : 0.5293526017680377,
    "receivedKBytesPerSec" : 0.7991673448996877,
    "sentKBytesPerSec" : 0.21039698136678842
  },
  "/s/18952/images/icons/x-update-12x12.png-266" : {
    "transaction" : "/s/18952/images/icons/x-update-12x12.png-266",
    "sampleCount" : 50,
    "errorCount" : 0,
    "errorPct" : 0.0,
    "meanResTime" : 70.16,
    "medianResTime" : 86.0,
    "minResTime" : 13.0,
    "maxResTime" : 105.0,
    "pct1ResTime" : 93.0,
    "pct2ResTime" : 97.24999999999997,
    "pct3ResTime" : 105.0,
    "throughput" : 0.5292573460919637,
    "receivedKBytesPerSec" : 0.6749478350728259,
    "sentKBytesPerSec" : 0.2475725281035651
  },
  "/jserrors/1/8d5fb92f6e?a=1100293087&v=1.276.0&to=ZwMAYEdSCktRWxZRXV5JJEFbUBBRX1ZNSF5RHwVGWkYKXB5OC11FQ1wxXFRBAVxgVANBVUIJF1pRZQ1dRxYFXUY%3D&rst=17000&ck=0&s=b06560af563d7779&ref=https://leetcode.com/playground/UpwhGDg6/shared&ptid=3e3fe48c1952ae9e-180" : {
    "transaction" : "/jserrors/1/8d5fb92f6e?a=1100293087&v=1.276.0&to=ZwMAYEdSCktRWxZRXV5JJEFbUBBRX1ZNSF5RHwVGWkYKXB5OC11FQ1wxXFRBAVxgVANBVUIJF1pRZQ1dRxYFXUY%3D&rst=17000&ck=0&s=b06560af563d7779&ref=https://leetcode.com/playground/UpwhGDg6/shared&ptid=3e3fe48c1952ae9e-180",
    "sampleCount" : 50,
    "errorCount" : 50,
    "errorPct" : 100.0,
    "meanResTime" : 331.96000000000004,
    "medianResTime" : 301.0,
    "minResTime" : 279.0,
    "maxResTime" : 1000.0,
    "pct1ResTime" : 400.9,
    "pct2ResTime" : 598.5,
    "pct3ResTime" : 1000.0,
    "throughput" : 0.5120065536838871,
    "receivedKBytesPerSec" : 0.1912524480313348,
    "sentKBytesPerSec" : 1.1315144833853874
  },
  "/s/18952/images/ton-100x100.png-284" : {
    "transaction" : "/s/18952/images/ton-100x100.png-284",
    "sampleCount" : 50,
    "errorCount" : 0,
    "errorPct" : 0.0,
    "meanResTime" : 70.56000000000002,
    "medianResTime" : 84.5,
    "minResTime" : 13.0,
    "maxResTime" : 103.0,
    "pct1ResTime" : 97.6,
    "pct2ResTime" : 100.44999999999999,
    "pct3ResTime" : 103.0,
    "throughput" : 0.5313778627982358,
    "receivedKBytesPerSec" : 1.6224356866730432,
    "sentKBytesPerSec" : 0.24389413624528403
  },
  "/s/18952/css/style.css-213" : {
    "transaction" : "/s/18952/css/style.css-213",
    "sampleCount" : 50,
    "errorCount" : 0,
    "errorPct" : 0.0,
    "meanResTime" : 69.66,
    "medianResTime" : 85.0,
    "minResTime" : 13.0,
    "maxResTime" : 98.0,
    "pct1ResTime" : 93.0,
    "pct2ResTime" : 97.0,
    "pct3ResTime" : 98.0,
    "throughput" : 0.5293806246691372,
    "receivedKBytesPerSec" : 2.7876542648226574,
    "sentKBytesPerSec" : 0.21040811937533085
  },
  "/s/18952/js/controls/wysiwyg.image.js-235" : {
    "transaction" : "/s/18952/js/controls/wysiwyg.image.js-235",
    "sampleCount" : 50,
    "errorCount" : 0,
    "errorPct" : 0.0,
    "meanResTime" : 71.02000000000001,
    "medianResTime" : 87.5,
    "minResTime" : 12.0,
    "maxResTime" : 96.0,
    "pct1ResTime" : 93.0,
    "pct2ResTime" : 95.44999999999999,
    "pct3ResTime" : 96.0,
    "throughput" : 0.5298518534217832,
    "receivedKBytesPerSec" : 1.9448978081353454,
    "sentKBytesPerSec" : 0.21111284784774179
  },
  "/s/18952/css/ttypography.css-200" : {
    "transaction" : "/s/18952/css/ttypography.css-200",
    "sampleCount" : 50,
    "errorCount" : 0,
    "errorPct" : 0.0,
    "meanResTime" : 69.99999999999999,
    "medianResTime" : 85.5,
    "minResTime" : 11.0,
    "maxResTime" : 109.0,
    "pct1ResTime" : 95.0,
    "pct2ResTime" : 98.44999999999999,
    "pct3ResTime" : 109.0,
    "throughput" : 0.5291341249179842,
    "receivedKBytesPerSec" : 1.3975961767413805,
    "sentKBytesPerSec" : 0.21341054061633544
  },
  "/events/1/8d5fb92f6e?a=1100293087&v=1.276.0&to=ZwMAYEdSCktRWxZRXV5JJEFbUBBRX1ZNSF5RHwVGWkYKXB5OC11FQ1wxXFRBAVxgVANBVUIJF1pRZQ1dRxYFXUY%3D&rst=16996&ck=0&s=b06560af563d7779&ref=https://leetcode.com/playground/UpwhGDg6/shared&ptid=3e3fe48c1952ae9e-179" : {
    "transaction" : "/events/1/8d5fb92f6e?a=1100293087&v=1.276.0&to=ZwMAYEdSCktRWxZRXV5JJEFbUBBRX1ZNSF5RHwVGWkYKXB5OC11FQ1wxXFRBAVxgVANBVUIJF1pRZQ1dRxYFXUY%3D&rst=16996&ck=0&s=b06560af563d7779&ref=https://leetcode.com/playground/UpwhGDg6/shared&ptid=3e3fe48c1952ae9e-179",
    "sampleCount" : 50,
    "errorCount" : 50,
    "errorPct" : 100.0,
    "meanResTime" : 340.90000000000003,
    "medianResTime" : 304.0,
    "minResTime" : 272.0,
    "maxResTime" : 604.0,
    "pct1ResTime" : 519.0,
    "pct2ResTime" : 583.3499999999999,
    "pct3ResTime" : 604.0,
    "throughput" : 0.5120117967517972,
    "receivedKBytesPerSec" : 0.19110440304544618,
    "sentKBytesPerSec" : 0.37000852499641596
  },
  "/data/topics-293-1" : {
    "transaction" : "/data/topics-293-1",
    "sampleCount" : 50,
    "errorCount" : 0,
    "errorPct" : 0.0,
    "meanResTime" : 387.25999999999993,
    "medianResTime" : 328.5,
    "minResTime" : 265.0,
    "maxResTime" : 719.0,
    "pct1ResTime" : 530.0,
    "pct2ResTime" : 576.7999999999996,
    "pct3ResTime" : 719.0,
    "throughput" : 0.5269425737983074,
    "receivedKBytesPerSec" : 14.07028269481067,
    "sentKBytesPerSec" : 0.29589060540432305
  },
  "/s/18952/js/facebox.js-230" : {
    "transaction" : "/s/18952/js/facebox.js-230",
    "sampleCount" : 50,
    "errorCount" : 0,
    "errorPct" : 0.0,
    "meanResTime" : 71.26000000000003,
    "medianResTime" : 86.0,
    "minResTime" : 13.0,
    "maxResTime" : 95.0,
    "pct1ResTime" : 94.0,
    "pct2ResTime" : 95.0,
    "pct3ResTime" : 95.0,
    "throughput" : 0.529750805221224,
    "receivedKBytesPerSec" : 2.0461728318623917,
    "sentKBytesPerSec" : 0.20331256489447364
  },
  "/data/topics-293-0" : {
    "transaction" : "/data/topics-293-0",
    "sampleCount" : 50,
    "errorCount" : 0,
    "errorPct" : 0.0,
    "meanResTime" : 301.1799999999999,
    "medianResTime" : 300.0,
    "minResTime" : 239.0,
    "maxResTime" : 490.0,
    "pct1ResTime" : 328.3,
    "pct2ResTime" : 355.39999999999986,
    "pct3ResTime" : 490.0,
    "throughput" : 0.5267316302343956,
    "receivedKBytesPerSec" : 0.509160192257045,
    "sentKBytesPerSec" : 0.39659188174874904
  },
  "/-191-0" : {
    "transaction" : "/-191-0",
    "sampleCount" : 50,
    "errorCount" : 0,
    "errorPct" : 0.0,
    "meanResTime" : 141.46,
    "medianResTime" : 164.0,
    "minResTime" : 14.0,
    "maxResTime" : 201.0,
    "pct1ResTime" : 187.39999999999998,
    "pct2ResTime" : 195.14999999999998,
    "pct3ResTime" : 201.0,
    "throughput" : 0.5273705305347537,
    "receivedKBytesPerSec" : 0.5346733763579791,
    "sentKBytesPerSec" : 0.15141302341525156
  },
  "/s/18952/js/moment-with-locales.min.js-223" : {
    "transaction" : "/s/18952/js/moment-with-locales.min.js-223",
    "sampleCount" : 50,
    "errorCount" : 0,
    "errorPct" : 0.0,
    "meanResTime" : 78.3,
    "medianResTime" : 91.0,
    "minResTime" : 21.0,
    "maxResTime" : 130.0,
    "pct1ResTime" : 101.0,
    "pct2ResTime" : 119.24999999999997,
    "pct3ResTime" : 130.0,
    "throughput" : 0.529655406192731,
    "receivedKBytesPerSec" : 38.25306860825097,
    "sentKBytesPerSec" : 0.21155181751252636
  },
  "/-191-1" : {
    "transaction" : "/-191-1",
    "sampleCount" : 50,
    "errorCount" : 0,
    "errorPct" : 0.0,
    "meanResTime" : 817.0,
    "medianResTime" : 875.5,
    "minResTime" : 490.0,
    "maxResTime" : 1291.0,
    "pct1ResTime" : 923.4,
    "pct2ResTime" : 1010.6499999999992,
    "pct3ResTime" : 1291.0,
    "throughput" : 0.5243838489774515,
    "receivedKBytesPerSec" : 14.13097715652858,
    "sentKBytesPerSec" : 0.1505555191400105
  },
  "/s/18952/css/second-level-menu.css-202" : {
    "transaction" : "/s/18952/css/second-level-menu.css-202",
    "sampleCount" : 50,
    "errorCount" : 0,
    "errorPct" : 0.0,
    "meanResTime" : 72.07999999999996,
    "medianResTime" : 85.5,
    "minResTime" : 13.0,
    "maxResTime" : 121.0,
    "pct1ResTime" : 95.69999999999999,
    "pct2ResTime" : 113.24999999999997,
    "pct3ResTime" : 121.0,
    "throughput" : 0.5291901274289826,
    "receivedKBytesPerSec" : 0.7833047460416579,
    "sentKBytesPerSec" : 0.21653385096947633
  },
  "/s/18952/js/jquery.lavalamp.min.js-226" : {
    "transaction" : "/s/18952/js/jquery.lavalamp.min.js-226",
    "sampleCount" : 50,
    "errorCount" : 0,
    "errorPct" : 0.0,
    "meanResTime" : 69.78000000000002,
    "medianResTime" : 83.0,
    "minResTime" : 13.0,
    "maxResTime" : 137.0,
    "pct1ResTime" : 93.0,
    "pct2ResTime" : 96.44999999999999,
    "pct3ResTime" : 137.0,
    "throughput" : 0.529778870299537,
    "receivedKBytesPerSec" : 1.1717942915002277,
    "sentKBytesPerSec" : 0.20953168210089107
  },
  "/predownloaded/9a/33/9a332fadbb47050ba9405057df022a6e37eaf5c0.png-261" : {
    "transaction" : "/predownloaded/9a/33/9a332fadbb47050ba9405057df022a6e37eaf5c0.png-261",
    "sampleCount" : 50,
    "errorCount" : 0,
    "errorPct" : 0.0,
    "meanResTime" : 85.63999999999997,
    "medianResTime" : 95.0,
    "minResTime" : 21.0,
    "maxResTime" : 107.0,
    "pct1ResTime" : 101.9,
    "pct2ResTime" : 105.44999999999999,
    "pct3ResTime" : 107.0,
    "throughput" : 0.529447891738495,
    "receivedKBytesPerSec" : 6.3688651880069465,
    "sentKBytesPerSec" : 0.2611046731718164
  },
  "/s/18952/css/prettify.css-216" : {
    "transaction" : "/s/18952/css/prettify.css-216",
    "sampleCount" : 50,
    "errorCount" : 1,
    "errorPct" : 2.0,
    "meanResTime" : 78.25999999999999,
    "medianResTime" : 85.0,
    "minResTime" : 13.0,
    "maxResTime" : 405.0,
    "pct1ResTime" : 97.0,
    "pct2ResTime" : 102.35,
    "pct3ResTime" : 405.0,
    "throughput" : 0.5292797561078884,
    "receivedKBytesPerSec" : 1.154998005276919,
    "sentKBytesPerSec" : 0.21191865234788498
  },
  "/s/18952/js/jquery.hotkeys.js-229" : {
    "transaction" : "/s/18952/js/jquery.hotkeys.js-229",
    "sampleCount" : 50,
    "errorCount" : 0,
    "errorPct" : 0.0,
    "meanResTime" : 69.46000000000001,
    "medianResTime" : 84.5,
    "minResTime" : 13.0,
    "maxResTime" : 98.0,
    "pct1ResTime" : 92.9,
    "pct2ResTime" : 94.44999999999999,
    "pct3ResTime" : 98.0,
    "throughput" : 0.5297115191066945,
    "receivedKBytesPerSec" : 1.5441711537646596,
    "sentKBytesPerSec" : 0.20691856215105253
  },
  "/data/contests-291-1" : {
    "transaction" : "/data/contests-291-1",
    "sampleCount" : 50,
    "errorCount" : 0,
    "errorPct" : 0.0,
    "meanResTime" : 408.30000000000007,
    "medianResTime" : 339.0,
    "minResTime" : 264.0,
    "maxResTime" : 915.0,
    "pct1ResTime" : 532.9,
    "pct2ResTime" : 543.7499999999999,
    "pct3ResTime" : 915.0,
    "throughput" : 0.5244498521051417,
    "receivedKBytesPerSec" : 13.999717616532758,
    "sentKBytesPerSec" : 0.2944908837504458
  },
  "/mathjax.codeforces.org/jax/output/HTML-CSS/fonts/TeX/fontdata.js-295" : {
    "transaction" : "/mathjax.codeforces.org/jax/output/HTML-CSS/fonts/TeX/fontdata.js-295",
    "sampleCount" : 50,
    "errorCount" : 0,
    "errorPct" : 0.0,
    "meanResTime" : 86.94000000000001,
    "medianResTime" : 93.0,
    "minResTime" : 20.0,
    "maxResTime" : 135.0,
    "pct1ResTime" : 106.69999999999999,
    "pct2ResTime" : 120.09999999999992,
    "pct3ResTime" : 135.0,
    "throughput" : 0.5264875906874875,
    "receivedKBytesPerSec" : 7.898290741584097,
    "sentKBytesPerSec" : 0.2210836562457223
  },
  "/gtag/js-209" : {
    "transaction" : "/gtag/js-209",
    "sampleCount" : 50,
    "errorCount" : 50,
    "errorPct" : 100.0,
    "meanResTime" : 318.2200000000002,
    "medianResTime" : 311.0,
    "minResTime" : 291.0,
    "maxResTime" : 378.0,
    "pct1ResTime" : 361.5,
    "pct2ResTime" : 371.0,
    "pct3ResTime" : 378.0,
    "throughput" : 0.5279719541297967,
    "receivedKBytesPerSec" : 50.940518102178416,
    "sentKBytesPerSec" : 0.2191289848683238
  },
  "/predownloaded/34/de/34deed19c868273061c83a20c511df592f692e6a.png-256" : {
    "transaction" : "/predownloaded/34/de/34deed19c868273061c83a20c511df592f692e6a.png-256",
    "sampleCount" : 50,
    "errorCount" : 1,
    "errorPct" : 2.0,
    "meanResTime" : 99.99999999999997,
    "medianResTime" : 94.5,
    "minResTime" : 21.0,
    "maxResTime" : 688.0,
    "pct1ResTime" : 103.9,
    "pct2ResTime" : 108.79999999999998,
    "pct3ResTime" : 688.0,
    "throughput" : 0.5293189782026445,
    "receivedKBytesPerSec" : 12.380915635817956,
    "sentKBytesPerSec" : 0.2610410976487651
  },
  "/data/contests-291-0" : {
    "transaction" : "/data/contests-291-0",
    "sampleCount" : 50,
    "errorCount" : 0,
    "errorPct" : 0.0,
    "meanResTime" : 316.52000000000004,
    "medianResTime" : 301.5,
    "minResTime" : 236.0,
    "maxResTime" : 596.0,
    "pct1ResTime" : 418.39999999999986,
    "pct2ResTime" : 520.9,
    "pct3ResTime" : 596.0,
    "throughput" : 0.5242079218301147,
    "receivedKBytesPerSec" : 0.5061780360812312,
    "sentKBytesPerSec" : 0.3527141192782705
  },
  "/s/18952/images/blog/tags.png-283" : {
    "transaction" : "/s/18952/images/blog/tags.png-283",
    "sampleCount" : 50,
    "errorCount" : 0,
    "errorPct" : 0.0,
    "meanResTime" : 71.77999999999997,
    "medianResTime" : 84.0,
    "minResTime" : 12.0,
    "maxResTime" : 117.0,
    "pct1ResTime" : 101.39999999999999,
    "pct2ResTime" : 103.89999999999999,
    "pct3ResTime" : 117.0,
    "throughput" : 0.5294703178939788,
    "receivedKBytesPerSec" : 0.6879804943134888,
    "sentKBytesPerSec" : 0.24198448122498253
  },
  "/s/18952/css/font-awesome.min.css-199" : {
    "transaction" : "/s/18952/css/font-awesome.min.css-199",
    "sampleCount" : 50,
    "errorCount" : 37,
    "errorPct" : 74.0,
    "meanResTime" : 202.77999999999997,
    "medianResTime" : 243.5,
    "minResTime" : 24.0,
    "maxResTime" : 502.0,
    "pct1ResTime" : 270.9,
    "pct2ResTime" : 289.59999999999997,
    "pct3ResTime" : 502.0,
    "throughput" : 0.5281671543410059,
    "receivedKBytesPerSec" : 3.383880305439065,
    "sentKBytesPerSec" : 0.2155994829243559
  },
  "/s/18952/js/jquery.wysiwyg.js-231" : {
    "transaction" : "/s/18952/js/jquery.wysiwyg.js-231",
    "sampleCount" : 50,
    "errorCount" : 0,
    "errorPct" : 0.0,
    "meanResTime" : 71.57999999999998,
    "medianResTime" : 86.0,
    "minResTime" : 14.0,
    "maxResTime" : 96.0,
    "pct1ResTime" : 94.0,
    "pct2ResTime" : 94.0,
    "pct3ResTime" : 96.0,
    "throughput" : 0.529778870299537,
    "receivedKBytesPerSec" : 7.759294473611714,
    "sentKBytesPerSec" : 0.2069448712107566
  },
  "/predownloaded/fa/53/fa53c0f542e82f0f8f11dd4ed7b3c70ab949eef8.jpeg-260" : {
    "transaction" : "/predownloaded/fa/53/fa53c0f542e82f0f8f11dd4ed7b3c70ab949eef8.jpeg-260",
    "sampleCount" : 50,
    "errorCount" : 43,
    "errorPct" : 86.0,
    "meanResTime" : 168.68,
    "medianResTime" : 188.5,
    "minResTime" : 42.0,
    "maxResTime" : 214.0,
    "pct1ResTime" : 200.0,
    "pct2ResTime" : 211.89999999999998,
    "pct3ResTime" : 214.0,
    "throughput" : 0.528775989339876,
    "receivedKBytesPerSec" : 130.8433361501671,
    "sentKBytesPerSec" : 0.2612896978573997
  },
  "/mathjax.codeforces.org/MathJax.js-197" : {
    "transaction" : "/mathjax.codeforces.org/MathJax.js-197",
    "sampleCount" : 50,
    "errorCount" : 0,
    "errorPct" : 0.0,
    "meanResTime" : 86.88,
    "medianResTime" : 94.0,
    "minResTime" : 22.0,
    "maxResTime" : 114.0,
    "pct1ResTime" : 107.8,
    "pct2ResTime" : 113.0,
    "pct3ResTime" : 114.0,
    "throughput" : 0.528775989339876,
    "receivedKBytesPerSec" : 10.861998637740857,
    "sentKBytesPerSec" : 0.21481524566932464
  },
  "/s/18952/css/line-awesome.min.css-217" : {
    "transaction" : "/s/18952/css/line-awesome.min.css-217",
    "sampleCount" : 50,
    "errorCount" : 0,
    "errorPct" : 0.0,
    "meanResTime" : 73.35999999999999,
    "medianResTime" : 86.0,
    "minResTime" : 14.0,
    "maxResTime" : 106.0,
    "pct1ResTime" : 96.0,
    "pct2ResTime" : 97.44999999999999,
    "pct3ResTime" : 106.0,
    "throughput" : 0.5293750198515632,
    "receivedKBytesPerSec" : 9.419949315650443,
    "sentKBytesPerSec" : 0.21609253740034517
  },
  "/mathjax.codeforces.org/config/TeX-AMS_HTML-full.js-233" : {
    "transaction" : "/mathjax.codeforces.org/config/TeX-AMS_HTML-full.js-233",
    "sampleCount" : 50,
    "errorCount" : 0,
    "errorPct" : 0.0,
    "meanResTime" : 96.15999999999998,
    "medianResTime" : 102.5,
    "minResTime" : 30.0,
    "maxResTime" : 131.0,
    "pct1ResTime" : 116.69999999999999,
    "pct2ResTime" : 119.89999999999999,
    "pct3ResTime" : 131.0,
    "throughput" : 0.5296497955551789,
    "receivedKBytesPerSec" : 49.89882447538188,
    "sentKBytesPerSec" : 0.21517022944429143
  },
  "/s/18952/js/jquery-1.8.3.js-214" : {
    "transaction" : "/s/18952/js/jquery-1.8.3.js-214",
    "sampleCount" : 50,
    "errorCount" : 0,
    "errorPct" : 0.0,
    "meanResTime" : 78.23999999999997,
    "medianResTime" : 91.0,
    "minResTime" : 20.0,
    "maxResTime" : 118.0,
    "pct1ResTime" : 105.69999999999999,
    "pct2ResTime" : 107.89999999999999,
    "pct3ResTime" : 118.0,
    "throughput" : 0.5292573460919637,
    "receivedKBytesPerSec" : 43.69898041880134,
    "sentKBytesPerSec" : 0.2057074450630875
  },
  "/s/18952/js/clipboard.min.js-243" : {
    "transaction" : "/s/18952/js/clipboard.min.js-243",
    "sampleCount" : 50,
    "errorCount" : 0,
    "errorPct" : 0.0,
    "meanResTime" : 70.11999999999999,
    "medianResTime" : 84.5,
    "minResTime" : 13.0,
    "maxResTime" : 113.0,
    "pct1ResTime" : 93.8,
    "pct2ResTime" : 95.44999999999999,
    "pct3ResTime" : 113.0,
    "throughput" : 0.5300372086120445,
    "receivedKBytesPerSec" : 2.3380955796221894,
    "sentKBytesPerSec" : 0.2065281701525447
  },
  "/data/contests-288-0" : {
    "transaction" : "/data/contests-288-0",
    "sampleCount" : 50,
    "errorCount" : 0,
    "errorPct" : 0.0,
    "meanResTime" : 324.20000000000005,
    "medianResTime" : 304.0,
    "minResTime" : 235.0,
    "maxResTime" : 679.0,
    "pct1ResTime" : 429.59999999999985,
    "pct2ResTime" : 571.35,
    "pct3ResTime" : 679.0,
    "throughput" : 0.5281727336108001,
    "receivedKBytesPerSec" : 0.5097692149240488,
    "sentKBytesPerSec" : 0.3553818490799231
  },
  "/s/18952/images/blog/user_16x16.png-263" : {
    "transaction" : "/s/18952/images/blog/user_16x16.png-263",
    "sampleCount" : 50,
    "errorCount" : 0,
    "errorPct" : 0.0,
    "meanResTime" : 70.08,
    "medianResTime" : 86.0,
    "minResTime" : 12.0,
    "maxResTime" : 100.0,
    "pct1ResTime" : 93.0,
    "pct2ResTime" : 93.0,
    "pct3ResTime" : 100.0,
    "throughput" : 0.5291901274289826,
    "receivedKBytesPerSec" : 0.6913786328902248,
    "sentKBytesPerSec" : 0.24495714882943145
  },
  "/s/18952/css/community.css-221" : {
    "transaction" : "/s/18952/css/community.css-221",
    "sampleCount" : 50,
    "errorCount" : 0,
    "errorPct" : 0.0,
    "meanResTime" : 68.45999999999998,
    "medianResTime" : 84.0,
    "minResTime" : 11.0,
    "maxResTime" : 95.0,
    "pct1ResTime" : 91.9,
    "pct2ResTime" : 93.44999999999999,
    "pct3ResTime" : 95.0,
    "throughput" : 0.5294871387573996,
    "receivedKBytesPerSec" : 0.7163588691743178,
    "sentKBytesPerSec" : 0.21251876370047973
  },
  "/data/contests-288-1" : {
    "transaction" : "/data/contests-288-1",
    "sampleCount" : 50,
    "errorCount" : 0,
    "errorPct" : 0.0,
    "meanResTime" : 400.86,
    "medianResTime" : 334.5,
    "minResTime" : 261.0,
    "maxResTime" : 1164.0,
    "pct1ResTime" : 535.0,
    "pct2ResTime" : 614.0499999999994,
    "pct3ResTime" : 1164.0,
    "throughput" : 0.5288319160637983,
    "receivedKBytesPerSec" : 14.117322930548504,
    "sentKBytesPerSec" : 0.29695151536785547
  },
  "/beacon.min.js/vcd15cbe7772f49c399c6a5babf22c1241717689176015-218" : {
    "transaction" : "/beacon.min.js/vcd15cbe7772f49c399c6a5babf22c1241717689176015-218",
    "sampleCount" : 50,
    "errorCount" : 0,
    "errorPct" : 0.0,
    "meanResTime" : 39.239999999999995,
    "medianResTime" : 35.5,
    "minResTime" : 25.0,
    "maxResTime" : 112.0,
    "pct1ResTime" : 54.49999999999999,
    "pct2ResTime" : 64.44999999999999,
    "pct3ResTime" : 112.0,
    "throughput" : 0.5296105244203413,
    "receivedKBytesPerSec" : 3.7904390736052704,
    "sentKBytesPerSec" : 0.2384281755447044
  },
  "/data/contests-280-0" : {
    "transaction" : "/data/contests-280-0",
    "sampleCount" : 50,
    "errorCount" : 0,
    "errorPct" : 0.0,
    "meanResTime" : 320.73999999999995,
    "medianResTime" : 303.0,
    "minResTime" : 229.0,
    "maxResTime" : 714.0,
    "pct1ResTime" : 475.9999999999998,
    "pct2ResTime" : 525.05,
    "pct3ResTime" : 714.0,
    "throughput" : 0.5270425534157628,
    "receivedKBytesPerSec" : 0.5092651610378522,
    "sentKBytesPerSec" : 0.3546214055697857
  },
  "/s/18952/css/table-form.css-205" : {
    "transaction" : "/s/18952/css/table-form.css-205",
    "sampleCount" : 50,
    "errorCount" : 0,
    "errorPct" : 0.0,
    "meanResTime" : 71.6,
    "medianResTime" : 84.0,
    "minResTime" : 12.0,
    "maxResTime" : 119.0,
    "pct1ResTime" : 95.69999999999999,
    "pct2ResTime" : 102.24999999999997,
    "pct3ResTime" : 119.0,
    "throughput" : 0.5290837327915516,
    "receivedKBytesPerSec" : 0.6823836776345724,
    "sentKBytesPerSec" : 0.21287353311535084
  },
  "/data/contests-280-1" : {
    "transaction" : "/data/contests-280-1",
    "sampleCount" : 50,
    "errorCount" : 1,
    "errorPct" : 2.0,
    "meanResTime" : 381.22,
    "medianResTime" : 330.5,
    "minResTime" : 257.0,
    "maxResTime" : 745.0,
    "pct1ResTime" : 523.7,
    "pct2ResTime" : 569.8499999999998,
    "pct3ResTime" : 745.0,
    "throughput" : 0.5268537348661265,
    "receivedKBytesPerSec" : 13.79888585252837,
    "sentKBytesPerSec" : 0.2958407202617409
  },
  "/s/18952/js/preparedVerdictFormats-en.js-249" : {
    "transaction" : "/s/18952/js/preparedVerdictFormats-en.js-249",
    "sampleCount" : 50,
    "errorCount" : 0,
    "errorPct" : 0.0,
    "meanResTime" : 72.45999999999998,
    "medianResTime" : 85.5,
    "minResTime" : 13.0,
    "maxResTime" : 121.0,
    "pct1ResTime" : 97.69999999999999,
    "pct2ResTime" : 117.44999999999999,
    "pct3ResTime" : 121.0,
    "throughput" : 0.5301158833320965,
    "receivedKBytesPerSec" : 2.973173568554586,
    "sentKBytesPerSec" : 0.21277112114208166
  },
  "/s/18952/images/icons/paperclip-16x16.png-264" : {
    "transaction" : "/s/18952/images/icons/paperclip-16x16.png-264",
    "sampleCount" : 50,
    "errorCount" : 0,
    "errorPct" : 0.0,
    "meanResTime" : 71.25999999999998,
    "medianResTime" : 84.0,
    "minResTime" : 14.0,
    "maxResTime" : 117.0,
    "pct1ResTime" : 94.9,
    "pct2ResTime" : 98.69999999999997,
    "pct3ResTime" : 117.0,
    "throughput" : 0.5292405398253506,
    "receivedKBytesPerSec" : 0.9404873147658112,
    "sentKBytesPerSec" : 0.24808150304313312
  },
  "/-191" : {
    "transaction" : "/-191",
    "sampleCount" : 50,
    "errorCount" : 50,
    "errorPct" : 100.0,
    "meanResTime" : 958.5200000000001,
    "medianResTime" : 1027.5,
    "minResTime" : 650.0,
    "maxResTime" : 1321.0,
    "pct1ResTime" : 1099.7,
    "pct2ResTime" : 1120.35,
    "pct3ResTime" : 1321.0,
    "throughput" : 0.523428667141242,
    "receivedKBytesPerSec" : 14.63591406021,
    "sentKBytesPerSec" : 0.30056255496001005
  },
  "/images/icons/cup.png-296" : {
    "transaction" : "/images/icons/cup.png-296",
    "sampleCount" : 50,
    "errorCount" : 50,
    "errorPct" : 100.0,
    "meanResTime" : 968.9199999999998,
    "medianResTime" : 967.0,
    "minResTime" : 951.0,
    "maxResTime" : 1001.0,
    "pct1ResTime" : 992.2,
    "pct2ResTime" : 998.45,
    "pct3ResTime" : 1001.0,
    "throughput" : 0.526243777167335,
    "receivedKBytesPerSec" : 0.5617035629334933,
    "sentKBytesPerSec" : 0.2374263916516687
  },
  "/-192" : {
    "transaction" : "/-192",
    "sampleCount" : 50,
    "errorCount" : 50,
    "errorPct" : 100.0,
    "meanResTime" : 326.2,
    "medianResTime" : 322.0,
    "minResTime" : 255.0,
    "maxResTime" : 511.0,
    "pct1ResTime" : 360.0,
    "pct2ResTime" : 413.7499999999995,
    "pct3ResTime" : 511.0,
    "throughput" : 0.527309351304036,
    "receivedKBytesPerSec" : 14.271225931623796,
    "sentKBytesPerSec" : 0.19568120458548213
  },
  "/g/collect?v=2&tid=G-CDRWKZTDEX&gtm=45je4cc1v892315079za200&_p=1734515036467&gcd=13l3l3l3l1l1&npa=0&dma=0&tag_exp=101925629~102067555~102067808~102081485~102198178&cid=999762296.1734513656&ul=en-us&sr=1536x864&frm=1&pscdl=noapi&_eu=AEA&_s=2&uid=&sid=1734513655&sct=1&seg=1&dl=https%3A%2F%2Fleetcode.com%2Fplayground%2FUpwhGDg6%2Fshared&dr=https%3A%2F%2Fleetcode.com%2F&dt=Shared%20-%20LeetCode%20Playground&en=scroll&epn.percent_scrolled=90&tfd=8095-177" : {
    "transaction" : "/g/collect?v=2&tid=G-CDRWKZTDEX&gtm=45je4cc1v892315079za200&_p=1734515036467&gcd=13l3l3l3l1l1&npa=0&dma=0&tag_exp=101925629~102067555~102067808~102081485~102198178&cid=999762296.1734513656&ul=en-us&sr=1536x864&frm=1&pscdl=noapi&_eu=AEA&_s=2&uid=&sid=1734513655&sct=1&seg=1&dl=https%3A%2F%2Fleetcode.com%2Fplayground%2FUpwhGDg6%2Fshared&dr=https%3A%2F%2Fleetcode.com%2F&dt=Shared%20-%20LeetCode%20Playground&en=scroll&epn.percent_scrolled=90&tfd=8095-177",
    "sampleCount" : 50,
    "errorCount" : 50,
    "errorPct" : 100.0,
    "meanResTime" : 420.74000000000007,
    "medianResTime" : 417.0,
    "minResTime" : 397.0,
    "maxResTime" : 461.0,
    "pct1ResTime" : 443.8,
    "pct2ResTime" : 451.94999999999993,
    "pct3ResTime" : 461.0,
    "throughput" : 0.5115141842883303,
    "receivedKBytesPerSec" : 0.4116090701695158,
    "sentKBytesPerSec" : 0.48953505918219115
  },
  "/s/18952/css/topic.css-206" : {
    "transaction" : "/s/18952/css/topic.css-206",
    "sampleCount" : 50,
    "errorCount" : 0,
    "errorPct" : 0.0,
    "meanResTime" : 70.28000000000003,
    "medianResTime" : 85.5,
    "minResTime" : 13.0,
    "maxResTime" : 107.0,
    "pct1ResTime" : 94.9,
    "pct2ResTime" : 97.89999999999999,
    "pct3ResTime" : 107.0,
    "throughput" : 0.5290949302123787,
    "receivedKBytesPerSec" : 0.8952141544798468,
    "sentKBytesPerSec" : 0.2102945669887091
  },
  "/s/18952/css/jquery.jgrowl.css-207" : {
    "transaction" : "/s/18952/css/jquery.jgrowl.css-207",
    "sampleCount" : 50,
    "errorCount" : 0,
    "errorPct" : 0.0,
    "meanResTime" : 70.39999999999998,
    "medianResTime" : 84.5,
    "minResTime" : 13.0,
    "maxResTime" : 105.0,
    "pct1ResTime" : 94.8,
    "pct2ResTime" : 96.44999999999999,
    "pct3ResTime" : 105.0,
    "throughput" : 0.5291341249179842,
    "receivedKBytesPerSec" : 0.9482248872944314,
    "sentKBytesPerSec" : 0.21444400570406585
  },
  "/service-worker-18952.js-268" : {
    "transaction" : "/service-worker-18952.js-268",
    "sampleCount" : 50,
    "errorCount" : 1,
    "errorPct" : 2.0,
    "meanResTime" : 86.62,
    "medianResTime" : 93.0,
    "minResTime" : 23.0,
    "maxResTime" : 197.0,
    "pct1ResTime" : 100.9,
    "pct2ResTime" : 114.59999999999997,
    "pct3ResTime" : 197.0,
    "throughput" : 0.5291733254310117,
    "receivedKBytesPerSec" : 1.1335471414056961,
    "sentKBytesPerSec" : 0.22737916327113783
  },
  "/cdn-cgi/challenge-platform/scripts/jsd/main.js-294" : {
    "transaction" : "/cdn-cgi/challenge-platform/scripts/jsd/main.js-294",
    "sampleCount" : 50,
    "errorCount" : 43,
    "errorPct" : 86.0,
    "meanResTime" : 152.9,
    "medianResTime" : 168.5,
    "minResTime" : 29.0,
    "maxResTime" : 188.0,
    "pct1ResTime" : 185.0,
    "pct2ResTime" : 186.0,
    "pct3ResTime" : 188.0,
    "throughput" : 0.5273037902596445,
    "receivedKBytesPerSec" : 3.0627905114319462,
    "sentKBytesPerSec" : 0.39032839161797894
  },
  "/s/18952/images/icons/control-270.png-286" : {
    "transaction" : "/s/18952/images/icons/control-270.png-286",
    "sampleCount" : 50,
    "errorCount" : 0,
    "errorPct" : 0.0,
    "meanResTime" : 69.60000000000002,
    "medianResTime" : 84.5,
    "minResTime" : 12.0,
    "maxResTime" : 103.0,
    "pct1ResTime" : 94.0,
    "pct2ResTime" : 102.0,
    "pct3ResTime" : 103.0,
    "throughput" : 0.5313891575356297,
    "receivedKBytesPerSec" : 0.6967321393461787,
    "sentKBytesPerSec" : 0.24701292869820282
  },
  "/data/contests-292-0" : {
    "transaction" : "/data/contests-292-0",
    "sampleCount" : 50,
    "errorCount" : 0,
    "errorPct" : 0.0,
    "meanResTime" : 311.25999999999993,
    "medianResTime" : 301.0,
    "minResTime" : 231.0,
    "maxResTime" : 618.0,
    "pct1ResTime" : 328.7,
    "pct2ResTime" : 493.34999999999957,
    "pct3ResTime" : 618.0,
    "throughput" : 0.525381164034507,
    "receivedKBytesPerSec" : 0.5079266062215637,
    "sentKBytesPerSec" : 0.3535035371286869
  },
  "/data/contests-292-1" : {
    "transaction" : "/data/contests-292-1",
    "sampleCount" : 50,
    "errorCount" : 0,
    "errorPct" : 0.0,
    "meanResTime" : 417.3000000000001,
    "medianResTime" : 329.0,
    "minResTime" : 268.0,
    "maxResTime" : 897.0,
    "pct1ResTime" : 598.5,
    "pct2ResTime" : 818.6999999999996,
    "pct3ResTime" : 897.0,
    "throughput" : 0.5251659524409713,
    "receivedKBytesPerSec" : 14.01198149709058,
    "sentKBytesPerSec" : 0.2948929908726158
  },
  "/s/18952/css/roundbox.css-203" : {
    "transaction" : "/s/18952/css/roundbox.css-203",
    "sampleCount" : 50,
    "errorCount" : 0,
    "errorPct" : 0.0,
    "meanResTime" : 69.35999999999999,
    "medianResTime" : 84.5,
    "minResTime" : 13.0,
    "maxResTime" : 101.0,
    "pct1ResTime" : 95.0,
    "pct2ResTime" : 95.44999999999999,
    "pct3ResTime" : 101.0,
    "throughput" : 0.5292069304939617,
    "receivedKBytesPerSec" : 0.8149786729607011,
    "sentKBytesPerSec" : 0.2118894936548089
  },
  "/predownloaded/04/7e/047e0b1bcd70ccaa3d6e77f5960774998a58f05a.png-259" : {
    "transaction" : "/predownloaded/04/7e/047e0b1bcd70ccaa3d6e77f5960774998a58f05a.png-259",
    "sampleCount" : 50,
    "errorCount" : 0,
    "errorPct" : 0.0,
    "meanResTime" : 83.54000000000002,
    "medianResTime" : 92.0,
    "minResTime" : 17.0,
    "maxResTime" : 110.0,
    "pct1ResTime" : 99.9,
    "pct2ResTime" : 101.0,
    "pct3ResTime" : 110.0,
    "throughput" : 0.5293750198515632,
    "receivedKBytesPerSec" : 1.627590380858858,
    "sentKBytesPerSec" : 0.2610687353760151
  },
  "/s/18952/js/confetti.min.js-250" : {
    "transaction" : "/s/18952/js/confetti.min.js-250",
    "sampleCount" : 50,
    "errorCount" : 0,
    "errorPct" : 0.0,
    "meanResTime" : 69.93999999999997,
    "medianResTime" : 84.5,
    "minResTime" : 14.0,
    "maxResTime" : 104.0,
    "pct1ResTime" : 93.8,
    "pct2ResTime" : 95.44999999999999,
    "pct3ResTime" : 104.0,
    "throughput" : 0.5301215038486821,
    "receivedKBytesPerSec" : 1.2872012765325813,
    "sentKBytesPerSec" : 0.206043318878687
  },
  "/s/18952/css/facebox.css-208" : {
    "transaction" : "/s/18952/css/facebox.css-208",
    "sampleCount" : 50,
    "errorCount" : 0,
    "errorPct" : 0.0,
    "meanResTime" : 69.96000000000004,
    "medianResTime" : 85.0,
    "minResTime" : 12.0,
    "maxResTime" : 102.0,
    "pct1ResTime" : 94.0,
    "pct2ResTime" : 100.35,
    "pct3ResTime" : 102.0,
    "throughput" : 0.5291789259784518,
    "receivedKBytesPerSec" : 0.7668030018997523,
    "sentKBytesPerSec" : 0.21136150461444023
  },
  "/s/18952/js/EventCatcher.js-248" : {
    "transaction" : "/s/18952/js/EventCatcher.js-248",
    "sampleCount" : 50,
    "errorCount" : 0,
    "errorPct" : 0.0,
    "meanResTime" : 69.49999999999997,
    "medianResTime" : 86.0,
    "minResTime" : 12.0,
    "maxResTime" : 98.0,
    "pct1ResTime" : 93.9,
    "pct2ResTime" : 97.0,
    "pct3ResTime" : 98.0,
    "throughput" : 0.5301046426564604,
    "receivedKBytesPerSec" : 0.9431099980386128,
    "sentKBytesPerSec" : 0.21173124887352765
  },
  "/s/18952/images/icons/control.png-287" : {
    "transaction" : "/s/18952/images/icons/control.png-287",
    "sampleCount" : 50,
    "errorCount" : 0,
    "errorPct" : 0.0,
    "meanResTime" : 69.53999999999998,
    "medianResTime" : 85.0,
    "minResTime" : 12.0,
    "maxResTime" : 102.0,
    "pct1ResTime" : 93.9,
    "pct2ResTime" : 96.44999999999999,
    "pct3ResTime" : 102.0,
    "throughput" : 0.5311182162925824,
    "receivedKBytesPerSec" : 0.7268020841078807,
    "sentKBytesPerSec" : 0.2448123028223622
  },
  "/s/18952/css/colorbox.css-219" : {
    "transaction" : "/s/18952/css/colorbox.css-219",
    "sampleCount" : 50,
    "errorCount" : 0,
    "errorPct" : 0.0,
    "meanResTime" : 69.79999999999998,
    "medianResTime" : 86.0,
    "minResTime" : 12.0,
    "maxResTime" : 101.0,
    "pct1ResTime" : 95.9,
    "pct2ResTime" : 97.44999999999999,
    "pct3ResTime" : 101.0,
    "throughput" : 0.5294198617155321,
    "receivedKBytesPerSec" : 1.2055159097286194,
    "sentKBytesPerSec" : 0.21197474931969548
  },
  "/s/18952/images/actions/voteup.png-278" : {
    "transaction" : "/s/18952/images/actions/voteup.png-278",
    "sampleCount" : 50,
    "errorCount" : 0,
    "errorPct" : 0.0,
    "meanResTime" : 70.79999999999998,
    "medianResTime" : 83.5,
    "minResTime" : 12.0,
    "maxResTime" : 105.0,
    "pct1ResTime" : 95.8,
    "pct2ResTime" : 100.79999999999998,
    "pct3ResTime" : 105.0,
    "throughput" : 0.5295432160218595,
    "receivedKBytesPerSec" : 0.8859195948200081,
    "sentKBytesPerSec" : 0.2446034581819722
  },
  "/data/contests-289-1" : {
    "transaction" : "/data/contests-289-1",
    "sampleCount" : 50,
    "errorCount" : 0,
    "errorPct" : 0.0,
    "meanResTime" : 393.06000000000006,
    "medianResTime" : 331.5,
    "minResTime" : 264.0,
    "maxResTime" : 881.0,
    "pct1ResTime" : 533.8,
    "pct2ResTime" : 723.35,
    "pct3ResTime" : 881.0,
    "throughput" : 0.526592943654555,
    "receivedKBytesPerSec" : 14.059105943917851,
    "sentKBytesPerSec" : 0.29569427988414954
  },
  "/data/contests-289-0" : {
    "transaction" : "/data/contests-289-0",
    "sampleCount" : 50,
    "errorCount" : 0,
    "errorPct" : 0.0,
    "meanResTime" : 308.80000000000007,
    "medianResTime" : 302.0,
    "minResTime" : 235.0,
    "maxResTime" : 550.0,
    "pct1ResTime" : 336.79999999999995,
    "pct2ResTime" : 442.89999999999964,
    "pct3ResTime" : 550.0,
    "throughput" : 0.5268093266323187,
    "receivedKBytesPerSec" : 0.508350421710866,
    "sentKBytesPerSec" : 0.3544644785641285
  },
  "/s/18952/images/icons/hourglass.png-277" : {
    "transaction" : "/s/18952/images/icons/hourglass.png-277",
    "sampleCount" : 50,
    "errorCount" : 0,
    "errorPct" : 0.0,
    "meanResTime" : 69.8,
    "medianResTime" : 85.0,
    "minResTime" : 13.0,
    "maxResTime" : 110.0,
    "pct1ResTime" : 93.0,
    "pct2ResTime" : 95.35,
    "pct3ResTime" : 110.0,
    "throughput" : 0.5293582061109112,
    "receivedKBytesPerSec" : 0.6812488585713681,
    "sentKBytesPerSec" : 0.2450349508755585
  },
  "/s/18952/images/search-16x16.png-285" : {
    "transaction" : "/s/18952/images/search-16x16.png-285",
    "sampleCount" : 50,
    "errorCount" : 0,
    "errorPct" : 0.0,
    "meanResTime" : 70.74000000000001,
    "medianResTime" : 86.0,
    "minResTime" : 12.0,
    "maxResTime" : 101.0,
    "pct1ResTime" : 96.69999999999999,
    "pct2ResTime" : 98.0,
    "pct3ResTime" : 101.0,
    "throughput" : 0.5313778627982358,
    "receivedKBytesPerSec" : 0.9595833167277751,
    "sentKBytesPerSec" : 0.25582938121047877
  },
  "Total" : {
    "transaction" : "Total",
    "sampleCount" : 7250,
    "errorCount" : 1922,
    "errorPct" : 26.510345,
    "meanResTime" : 232.08799999999982,
    "medianResTime" : 95.0,
    "minResTime" : 10.0,
    "maxResTime" : 2620.0,
    "pct1ResTime" : 586.0,
    "pct2ResTime" : 787.0,
    "pct3ResTime" : 1088.9799999999996,
    "throughput" : 59.29936774605148,
    "receivedKBytesPerSec" : 732.5324542628066,
    "sentKBytesPerSec" : 32.69013434885205
  },
  "/data/contests-281-1" : {
    "transaction" : "/data/contests-281-1",
    "sampleCount" : 50,
    "errorCount" : 0,
    "errorPct" : 0.0,
    "meanResTime" : 408.37999999999994,
    "medianResTime" : 327.0,
    "minResTime" : 266.0,
    "maxResTime" : 885.0,
    "pct1ResTime" : 525.7,
    "pct2ResTime" : 750.9499999999998,
    "pct3ResTime" : 885.0,
    "throughput" : 0.5296217441503278,
    "receivedKBytesPerSec" : 14.1363077552512,
    "sentKBytesPerSec" : 0.2973950223500376
  },
  "/s/cuprum/v25/dg45_pLmvrkcOkBnKsOzXyGWTBcmg-X6VjvYJw.woff2-271" : {
    "transaction" : "/s/cuprum/v25/dg45_pLmvrkcOkBnKsOzXyGWTBcmg-X6VjvYJw.woff2-271",
    "sampleCount" : 50,
    "errorCount" : 50,
    "errorPct" : 100.0,
    "meanResTime" : 280.97999999999996,
    "medianResTime" : 278.5,
    "minResTime" : 266.0,
    "maxResTime" : 331.0,
    "pct1ResTime" : 294.5,
    "pct2ResTime" : 311.9999999999999,
    "pct3ResTime" : 331.0,
    "throughput" : 0.5284183382300099,
    "receivedKBytesPerSec" : 5.228451760689903,
    "sentKBytesPerSec" : 0.25698469964701653
  },
  "/data/contests-281-0" : {
    "transaction" : "/data/contests-281-0",
    "sampleCount" : 50,
    "errorCount" : 0,
    "errorPct" : 0.0,
    "meanResTime" : 304.39999999999986,
    "medianResTime" : 303.0,
    "minResTime" : 235.0,
    "maxResTime" : 481.0,
    "pct1ResTime" : 329.09999999999997,
    "pct2ResTime" : 383.44999999999976,
    "pct3ResTime" : 481.0,
    "throughput" : 0.5298686985365026,
    "receivedKBytesPerSec" : 0.511426784067908,
    "sentKBytesPerSec" : 0.35652298173012725
  },
  "/s/18952/markitup/skins/markitup/style.css-251" : {
    "transaction" : "/s/18952/markitup/skins/markitup/style.css-251",
    "sampleCount" : 50,
    "errorCount" : 0,
    "errorPct" : 0.0,
    "meanResTime" : 70.56,
    "medianResTime" : 84.5,
    "minResTime" : 11.0,
    "maxResTime" : 117.0,
    "pct1ResTime" : 95.9,
    "pct2ResTime" : 97.0,
    "pct3ResTime" : 117.0,
    "throughput" : 0.5295768680824022,
    "receivedKBytesPerSec" : 1.1201274790817137,
    "sentKBytesPerSec" : 0.2208294166710798
  }
}