{
  "/submit/firefox-desktop/newtab/1/ad07c5e7-ff6e-4676-95f0-6af6f0670c15-122" : {
    "transaction" : "/submit/firefox-desktop/newtab/1/ad07c5e7-ff6e-4676-95f0-6af6f0670c15-122",
    "sampleCount" : 50,
    "errorCount" : 50,
    "errorPct" : 100.0,
    "meanResTime" : 287.35999999999996,
    "medianResTime" : 279.0,
    "minResTime" : 237.0,
    "maxResTime" : 666.0,
    "pct1ResTime" : 312.8,
    "pct2ResTime" : 340.3499999999998,
    "pct3ResTime" : 666.0,
    "throughput" : 0.5147316189338879,
    "receivedKBytesPerSec" : 0.41125246749469824,
    "sentKBytesPerSec" : 1.5110187954250653
  },
  "/static/images/landing_page/apple.svg-141-0" : {
    "transaction" : "/static/images/landing_page/apple.svg-141-0",
    "sampleCount" : 50,
    "errorCount" : 0,
    "errorPct" : 0.0,
    "meanResTime" : 12.040000000000003,
    "medianResTime" : 9.0,
    "minResTime" : 7.0,
    "maxResTime" : 64.0,
    "pct1ResTime" : 17.9,
    "pct2ResTime" : 34.24999999999998,
    "pct3ResTime" : 64.0,
    "throughput" : 0.5167477960706497,
    "receivedKBytesPerSec" : 0.32599519166175756,
    "sentKBytesPerSec" : 0.23869307377091536
  },
  "/complete/search-120" : {
    "transaction" : "/complete/search-120",
    "sampleCount" : 50,
    "errorCount" : 50,
    "errorPct" : 100.0,
    "meanResTime" : 405.6800000000001,
    "medianResTime" : 410.5,
    "minResTime" : 255.0,
    "maxResTime" : 548.0,
    "pct1ResTime" : 538.6999999999999,
    "pct2ResTime" : 542.0,
    "pct3ResTime" : 548.0,
    "throughput" : 0.5093413198052278,
    "receivedKBytesPerSec" : 0.6391636679196463,
    "sentKBytesPerSec" : 0.1467340716235764
  },
  "/static/images/landing_page/apple.svg-141-1" : {
    "transaction" : "/static/images/landing_page/apple.svg-141-1",
    "sampleCount" : 50,
    "errorCount" : 0,
    "errorPct" : 0.0,
    "meanResTime" : 19.58,
    "medianResTime" : 18.0,
    "minResTime" : 14.0,
    "maxResTime" : 37.0,
    "pct1ResTime" : 29.39999999999999,
    "pct2ResTime" : 33.89999999999999,
    "pct3ResTime" : 37.0,
    "throughput" : 0.5166837172293353,
    "receivedKBytesPerSec" : 0.594892678333385,
    "sentKBytesPerSec" : 0.2492595276477457
  },
  "/nr-spa-1.276.0.min.js-175" : {
    "transaction" : "/nr-spa-1.276.0.min.js-175",
    "sampleCount" : 50,
    "errorCount" : 50,
    "errorPct" : 100.0,
    "meanResTime" : 281.21999999999997,
    "medianResTime" : 218.0,
    "minResTime" : 176.0,
    "maxResTime" : 1157.0,
    "pct1ResTime" : 548.5999999999998,
    "pct2ResTime" : 722.7999999999995,
    "pct3ResTime" : 1157.0,
    "throughput" : 0.5148005148005148,
    "receivedKBytesPerSec" : 17.127171814671815,
    "sentKBytesPerSec" : 0.20612129987129987
  },
  "/static_assets/public/images/landing_page/intel.svg-157" : {
    "transaction" : "/static_assets/public/images/landing_page/intel.svg-157",
    "sampleCount" : 50,
    "errorCount" : 0,
    "errorPct" : 0.0,
    "meanResTime" : 18.740000000000002,
    "medianResTime" : 18.0,
    "minResTime" : 14.0,
    "maxResTime" : 33.0,
    "pct1ResTime" : 22.9,
    "pct2ResTime" : 28.349999999999987,
    "pct3ResTime" : 33.0,
    "throughput" : 0.5170630816959669,
    "receivedKBytesPerSec" : 0.9876712771458117,
    "sentKBytesPerSec" : 0.2484326525336091
  },
  "/static/codemirror/lib/codemirror.css-164-1" : {
    "transaction" : "/static/codemirror/lib/codemirror.css-164-1",
    "sampleCount" : 50,
    "errorCount" : 0,
    "errorPct" : 0.0,
    "meanResTime" : 21.68,
    "medianResTime" : 19.0,
    "minResTime" : 15.0,
    "maxResTime" : 46.0,
    "pct1ResTime" : 29.0,
    "pct2ResTime" : 39.94999999999995,
    "pct3ResTime" : 46.0,
    "throughput" : 0.517560839276657,
    "receivedKBytesPerSec" : 1.6406274260664342,
    "sentKBytesPerSec" : 0.23553061631144742
  },
  "/static/images/landing_page/amazon.svg-147" : {
    "transaction" : "/static/images/landing_page/amazon.svg-147",
    "sampleCount" : 50,
    "errorCount" : 0,
    "errorPct" : 0.0,
    "meanResTime" : 33.699999999999996,
    "medianResTime" : 31.5,
    "minResTime" : 23.0,
    "maxResTime" : 75.0,
    "pct1ResTime" : 43.9,
    "pct2ResTime" : 49.89999999999999,
    "pct3ResTime" : 75.0,
    "throughput" : 0.5166890565257828,
    "receivedKBytesPerSec" : 1.4718574002790121,
    "sentKBytesPerSec" : 0.4889372029037925
  },
  "/static/codemirror/lib/codemirror.css-164-0" : {
    "transaction" : "/static/codemirror/lib/codemirror.css-164-0",
    "sampleCount" : 50,
    "errorCount" : 0,
    "errorPct" : 0.0,
    "meanResTime" : 11.460000000000003,
    "medianResTime" : 9.0,
    "minResTime" : 7.0,
    "maxResTime" : 48.0,
    "pct1ResTime" : 18.0,
    "pct2ResTime" : 23.449999999999996,
    "pct3ResTime" : 48.0,
    "throughput" : 0.5176251358765981,
    "receivedKBytesPerSec" : 0.3265486697034008,
    "sentKBytesPerSec" : 0.22494451705574822
  },
  "/static/images/landing_page/uber.svg-142-0" : {
    "transaction" : "/static/images/landing_page/uber.svg-142-0",
    "sampleCount" : 50,
    "errorCount" : 0,
    "errorPct" : 0.0,
    "meanResTime" : 11.419999999999998,
    "medianResTime" : 10.0,
    "minResTime" : 7.0,
    "maxResTime" : 23.0,
    "pct1ResTime" : 18.0,
    "pct2ResTime" : 19.89999999999999,
    "pct3ResTime" : 23.0,
    "throughput" : 0.5167584774228222,
    "receivedKBytesPerSec" : 0.3254972831423049,
    "sentKBytesPerSec" : 0.23819336068708205
  },
  "/static_assets/public/images/landing_page/squarespace.svg-152" : {
    "transaction" : "/static_assets/public/images/landing_page/squarespace.svg-152",
    "sampleCount" : 50,
    "errorCount" : 0,
    "errorPct" : 0.0,
    "meanResTime" : 20.519999999999996,
    "medianResTime" : 19.5,
    "minResTime" : 14.0,
    "maxResTime" : 38.0,
    "pct1ResTime" : 27.0,
    "pct2ResTime" : 30.349999999999987,
    "pct3ResTime" : 38.0,
    "throughput" : 0.5169294391315585,
    "receivedKBytesPerSec" : 0.6466666128198502,
    "sentKBytesPerSec" : 0.2513973248901525
  },
  "/static/images/landing_page/uber.svg-142-1" : {
    "transaction" : "/static/images/landing_page/uber.svg-142-1",
    "sampleCount" : 50,
    "errorCount" : 0,
    "errorPct" : 0.0,
    "meanResTime" : 19.7,
    "medianResTime" : 19.0,
    "minResTime" : 14.0,
    "maxResTime" : 31.0,
    "pct1ResTime" : 25.9,
    "pct2ResTime" : 28.0,
    "pct3ResTime" : 31.0,
    "throughput" : 0.5166890565257828,
    "receivedKBytesPerSec" : 0.6362743166787228,
    "sentKBytesPerSec" : 0.24875752428438566
  },
  "/static_assets/public/images/landing_page/stripe.svg-162" : {
    "transaction" : "/static_assets/public/images/landing_page/stripe.svg-162",
    "sampleCount" : 50,
    "errorCount" : 0,
    "errorPct" : 0.0,
    "meanResTime" : 22.32,
    "medianResTime" : 20.5,
    "minResTime" : 14.0,
    "maxResTime" : 54.0,
    "pct1ResTime" : 29.0,
    "pct2ResTime" : 45.79999999999998,
    "pct3ResTime" : 54.0,
    "throughput" : 0.5170898185014737,
    "receivedKBytesPerSec" : 0.9579290875950153,
    "sentKBytesPerSec" : 0.24895046925901032
  },
  "/static/images/landing_page/leap-motion.svg-140-1" : {
    "transaction" : "/static/images/landing_page/leap-motion.svg-140-1",
    "sampleCount" : 50,
    "errorCount" : 0,
    "errorPct" : 0.0,
    "meanResTime" : 19.279999999999998,
    "medianResTime" : 18.5,
    "minResTime" : 14.0,
    "maxResTime" : 39.0,
    "pct1ResTime" : 24.9,
    "pct2ResTime" : 30.349999999999987,
    "pct3ResTime" : 39.0,
    "throughput" : 0.5165235896323385,
    "receivedKBytesPerSec" : 0.9367034237766139,
    "sentKBytesPerSec" : 0.2522087840001653
  },
  "/static/webpack_bundles/apps/playground/shared_playground.3bedc52d6.js-165-0" : {
    "transaction" : "/static/webpack_bundles/apps/playground/shared_playground.3bedc52d6.js-165-0",
    "sampleCount" : 50,
    "errorCount" : 0,
    "errorPct" : 0.0,
    "meanResTime" : 11.16,
    "medianResTime" : 9.0,
    "minResTime" : 6.0,
    "maxResTime" : 26.0,
    "pct1ResTime" : 17.0,
    "pct2ResTime" : 19.349999999999987,
    "pct3ResTime" : 26.0,
    "throughput" : 0.5175983436853002,
    "receivedKBytesPerSec" : 0.3432121829710145,
    "sentKBytesPerSec" : 0.22695474249482403
  },
  "/v2/87b5a3c3f1a55520/web/action?stm=1734515026049-135" : {
    "transaction" : "/v2/87b5a3c3f1a55520/web/action?stm=1734515026049-135",
    "sampleCount" : 50,
    "errorCount" : 50,
    "errorPct" : 100.0,
    "meanResTime" : 268.0199999999999,
    "medianResTime" : 261.0,
    "minResTime" : 241.0,
    "maxResTime" : 480.0,
    "pct1ResTime" : 297.8,
    "pct2ResTime" : 314.25,
    "pct3ResTime" : 480.0,
    "throughput" : 0.5151877344104192,
    "receivedKBytesPerSec" : 0.3163675304218357,
    "sentKBytesPerSec" : 0.9196906040060998
  },
  "/static/images/landing_page/leap-motion.svg-140-0" : {
    "transaction" : "/static/images/landing_page/leap-motion.svg-140-0",
    "sampleCount" : 50,
    "errorCount" : 0,
    "errorPct" : 0.0,
    "meanResTime" : 13.64,
    "medianResTime" : 10.5,
    "minResTime" : 7.0,
    "maxResTime" : 42.0,
    "pct1ResTime" : 23.799999999999997,
    "pct2ResTime" : 32.34999999999999,
    "pct3ResTime" : 42.0,
    "throughput" : 0.5165129179880789,
    "receivedKBytesPerSec" : 0.3288734595002221,
    "sentKBytesPerSec" : 0.24161102316043925
  },
  "/ga/124665836.js-124" : {
    "transaction" : "/ga/124665836.js-124",
    "sampleCount" : 50,
    "errorCount" : 13,
    "errorPct" : 26.0,
    "meanResTime" : 153.60000000000002,
    "medianResTime" : 58.5,
    "minResTime" : 42.0,
    "maxResTime" : 1064.0,
    "pct1ResTime" : 370.4999999999999,
    "pct2ResTime" : 618.2499999999991,
    "pct3ResTime" : 1064.0,
    "throughput" : 0.5155064335202904,
    "receivedKBytesPerSec" : 3.110064409306953,
    "sentKBytesPerSec" : 0.18878409430674695
  },
  "/static/webpack_bundles/apps/playground/shared_playground.3bedc52d6.js-165-1" : {
    "transaction" : "/static/webpack_bundles/apps/playground/shared_playground.3bedc52d6.js-165-1",
    "sampleCount" : 50,
    "errorCount" : 0,
    "errorPct" : 0.0,
    "meanResTime" : 25.06,
    "medianResTime" : 24.0,
    "minResTime" : 18.0,
    "maxResTime" : 43.0,
    "pct1ResTime" : 31.799999999999997,
    "pct2ResTime" : 39.79999999999998,
    "pct3ResTime" : 43.0,
    "throughput" : 0.5175179837499354,
    "receivedKBytesPerSec" : 9.085877257672205,
    "sentKBytesPerSec" : 0.23753266832272424
  },
  "/static/images/LeetCode_Playground.png-168" : {
    "transaction" : "/static/images/LeetCode_Playground.png-168",
    "sampleCount" : 50,
    "errorCount" : 1,
    "errorPct" : 2.0,
    "meanResTime" : 35.24000000000001,
    "medianResTime" : 30.5,
    "minResTime" : 24.0,
    "maxResTime" : 241.0,
    "pct1ResTime" : 39.9,
    "pct2ResTime" : 48.24999999999998,
    "pct3ResTime" : 241.0,
    "throughput" : 0.517769861651893,
    "receivedKBytesPerSec" : 9.231877084023694,
    "sentKBytesPerSec" : 0.5162529577603348
  },
  "/collect-173" : {
    "transaction" : "/collect-173",
    "sampleCount" : 50,
    "errorCount" : 0,
    "errorPct" : 0.0,
    "meanResTime" : 51.78,
    "medianResTime" : 50.0,
    "minResTime" : 48.0,
    "maxResTime" : 64.0,
    "pct1ResTime" : 57.699999999999996,
    "pct2ResTime" : 59.449999999999996,
    "pct3ResTime" : 64.0,
    "throughput" : 0.5180649238962627,
    "receivedKBytesPerSec" : 0.4466387462051744,
    "sentKBytesPerSec" : 0.41586852289328896
  },
  "/ga/124665836.js-163" : {
    "transaction" : "/ga/124665836.js-163",
    "sampleCount" : 50,
    "errorCount" : 5,
    "errorPct" : 10.0,
    "meanResTime" : 48.59999999999999,
    "medianResTime" : 25.0,
    "minResTime" : 12.0,
    "maxResTime" : 261.0,
    "pct1ResTime" : 225.19999999999973,
    "pct2ResTime" : 249.79999999999998,
    "pct3ResTime" : 261.0,
    "throughput" : 0.517651930841702,
    "receivedKBytesPerSec" : 3.1230082533129724,
    "sentKBytesPerSec" : 0.18956979889222486
  },
  "/static_assets/public/images/landing_page/apple.svg-154" : {
    "transaction" : "/static_assets/public/images/landing_page/apple.svg-154",
    "sampleCount" : 50,
    "errorCount" : 0,
    "errorPct" : 0.0,
    "meanResTime" : 21.340000000000003,
    "medianResTime" : 20.0,
    "minResTime" : 14.0,
    "maxResTime" : 42.0,
    "pct1ResTime" : 34.0,
    "pct2ResTime" : 40.449999999999996,
    "pct3ResTime" : 42.0,
    "throughput" : 0.517004270455274,
    "receivedKBytesPerSec" : 0.5952617527995782,
    "sentKBytesPerSec" : 0.2484043955703074
  },
  "/gtag/js-125" : {
    "transaction" : "/gtag/js-125",
    "sampleCount" : 50,
    "errorCount" : 50,
    "errorPct" : 100.0,
    "meanResTime" : 556.5400000000002,
    "medianResTime" : 553.0,
    "minResTime" : 517.0,
    "maxResTime" : 615.0,
    "pct1ResTime" : 599.0,
    "pct2ResTime" : 607.9499999999999,
    "pct3ResTime" : 615.0,
    "throughput" : 0.5129994049206903,
    "receivedKBytesPerSec" : 55.48433235692447,
    "sentKBytesPerSec" : 0.1943786807707303
  },
  "/static/images/LeetCode_Playground.png-168-1" : {
    "transaction" : "/static/images/LeetCode_Playground.png-168-1",
    "sampleCount" : 50,
    "errorCount" : 0,
    "errorPct" : 0.0,
    "meanResTime" : 23.540000000000003,
    "medianResTime" : 19.0,
    "minResTime" : 15.0,
    "maxResTime" : 224.0,
    "pct1ResTime" : 25.9,
    "pct2ResTime" : 30.24999999999998,
    "pct3ResTime" : 224.0,
    "throughput" : 0.5178288472094204,
    "receivedKBytesPerSec" : 8.905745925981545,
    "sentKBytesPerSec" : 0.2634656537071367
  },
  "/collect-136" : {
    "transaction" : "/collect-136",
    "sampleCount" : 50,
    "errorCount" : 0,
    "errorPct" : 0.0,
    "meanResTime" : 51.81999999999999,
    "medianResTime" : 51.0,
    "minResTime" : 48.0,
    "maxResTime" : 65.0,
    "pct1ResTime" : 55.0,
    "pct2ResTime" : 59.89999999999999,
    "pct3ResTime" : 65.0,
    "throughput" : 0.5161876445325405,
    "receivedKBytesPerSec" : 0.4450202894006029,
    "sentKBytesPerSec" : 0.4188983716860753
  },
  "/static/images/LeetCode_Playground.png-168-0" : {
    "transaction" : "/static/images/LeetCode_Playground.png-168-0",
    "sampleCount" : 50,
    "errorCount" : 0,
    "errorPct" : 0.0,
    "meanResTime" : 11.540000000000001,
    "medianResTime" : 10.0,
    "minResTime" : 7.0,
    "maxResTime" : 23.0,
    "pct1ResTime" : 18.0,
    "pct2ResTime" : 19.449999999999996,
    "pct3ResTime" : 23.0,
    "throughput" : 0.5178556632695335,
    "receivedKBytesPerSec" : 0.32719981849159,
    "sentKBytesPerSec" : 0.2528592105808269
  },
  "/g/collect?v=2&tid=G-CDRWKZTDEX&gtm=45je4cc1v892315079za200&_p=1734513641808&_gaz=1&gcd=13l3l3l3l1l1&npa=0&dma=0&tag_exp=101925629~102067555~102067808~102081485~102198178&cid=999762296.1734513656&ul=en-us&sr=1536x864&frm=0&pscdl=noapi&_s=2&uid=&sid=1734513655&sct=1&seg=0&dl=https%3A%2F%2Fleetcode.com%2F&dt=LeetCode%20-%20The%20World%27s%20Leading%20Online%20Programming%20Learning%20Platform&en=user_engagement&_et=8170&tfd=1374120-116" : {
    "transaction" : "/g/collect?v=2&tid=G-CDRWKZTDEX&gtm=45je4cc1v892315079za200&_p=1734513641808&_gaz=1&gcd=13l3l3l3l1l1&npa=0&dma=0&tag_exp=101925629~102067555~102067808~102081485~102198178&cid=999762296.1734513656&ul=en-us&sr=1536x864&frm=0&pscdl=noapi&_s=2&uid=&sid=1734513655&sct=1&seg=0&dl=https%3A%2F%2Fleetcode.com%2F&dt=LeetCode%20-%20The%20World%27s%20Leading%20Online%20Programming%20Learning%20Platform&en=user_engagement&_et=8170&tfd=1374120-116",
    "sampleCount" : 50,
    "errorCount" : 50,
    "errorPct" : 100.0,
    "meanResTime" : 295.87999999999994,
    "medianResTime" : 293.0,
    "minResTime" : 281.0,
    "maxResTime" : 341.0,
    "pct1ResTime" : 312.8,
    "pct2ResTime" : 316.45,
    "pct3ResTime" : 341.0,
    "throughput" : 0.5108452445416185,
    "receivedKBytesPerSec" : 0.4110707827170837,
    "sentKBytesPerSec" : 0.4809129059942581
  },
  "/static/images/landing_page/cisco.svg-153-0" : {
    "transaction" : "/static/images/landing_page/cisco.svg-153-0",
    "sampleCount" : 50,
    "errorCount" : 0,
    "errorPct" : 0.0,
    "meanResTime" : 11.64,
    "medianResTime" : 9.0,
    "minResTime" : 7.0,
    "maxResTime" : 64.0,
    "pct1ResTime" : 16.799999999999997,
    "pct2ResTime" : 26.89999999999999,
    "pct3ResTime" : 64.0,
    "throughput" : 0.5169935789397495,
    "receivedKBytesPerSec" : 0.3261502460889436,
    "sentKBytesPerSec" : 0.23880660433447418
  },
  "/static/images/landing_page/facebook.svg-139-1" : {
    "transaction" : "/static/images/landing_page/facebook.svg-139-1",
    "sampleCount" : 50,
    "errorCount" : 0,
    "errorPct" : 0.0,
    "meanResTime" : 42.660000000000004,
    "medianResTime" : 37.5,
    "minResTime" : 26.0,
    "maxResTime" : 82.0,
    "pct1ResTime" : 70.39999999999999,
    "pct2ResTime" : 79.35,
    "pct3ResTime" : 82.0,
    "throughput" : 0.5162302800033038,
    "receivedKBytesPerSec" : 1.0637166902411828,
    "sentKBytesPerSec" : 0.25055317300941604
  },
  "/static/images/landing_page/cisco.svg-153-1" : {
    "transaction" : "/static/images/landing_page/cisco.svg-153-1",
    "sampleCount" : 50,
    "errorCount" : 0,
    "errorPct" : 0.0,
    "meanResTime" : 19.59999999999999,
    "medianResTime" : 19.0,
    "minResTime" : 15.0,
    "maxResTime" : 30.0,
    "pct1ResTime" : 24.9,
    "pct2ResTime" : 27.0,
    "pct3ResTime" : 30.0,
    "throughput" : 0.5169401279943756,
    "receivedKBytesPerSec" : 0.9828929972705561,
    "sentKBytesPerSec" : 0.24938322580978672
  },
  "/static/images/landing_page/facebook.svg-139-0" : {
    "transaction" : "/static/images/landing_page/facebook.svg-139-0",
    "sampleCount" : 50,
    "errorCount" : 0,
    "errorPct" : 0.0,
    "meanResTime" : 11.640000000000004,
    "medianResTime" : 9.0,
    "minResTime" : 7.0,
    "maxResTime" : 24.0,
    "pct1ResTime" : 20.0,
    "pct2ResTime" : 23.0,
    "pct3ResTime" : 24.0,
    "throughput" : 0.5165022467847735,
    "receivedKBytesPerSec" : 0.3273534747688652,
    "sentKBytesPerSec" : 0.24009284127885955
  },
  "/g/collect?v=2&tid=G-CDRWKZTDEX&gtm=45je4cc1v892315079za200&_p=1734515036467&gcd=13l3l3l3l1l1&npa=0&dma=0&tag_exp=101925629~102067555~102067808~102081485~102198178&cid=999762296.1734513656&ul=en-us&sr=1536x864&frm=1&pscdl=noapi&_s=1&uid=&sid=1734513655&sct=1&seg=1&dl=https%3A%2F%2Fleetcode.com%2Fplayground%2FUpwhGDg6%2Fshared&dr=https%3A%2F%2Fleetcode.com%2F&dt=Shared%20-%20LeetCode%20Playground&en=page_view&_ee=1&up.is_premium=false&tfd=1574-174" : {
    "transaction" : "/g/collect?v=2&tid=G-CDRWKZTDEX&gtm=45je4cc1v892315079za200&_p=1734515036467&gcd=13l3l3l3l1l1&npa=0&dma=0&tag_exp=101925629~102067555~102067808~102081485~102198178&cid=999762296.1734513656&ul=en-us&sr=1536x864&frm=1&pscdl=noapi&_s=1&uid=&sid=1734513655&sct=1&seg=1&dl=https%3A%2F%2Fleetcode.com%2Fplayground%2FUpwhGDg6%2Fshared&dr=https%3A%2F%2Fleetcode.com%2F&dt=Shared%20-%20LeetCode%20Playground&en=page_view&_ee=1&up.is_premium=false&tfd=1574-174",
    "sampleCount" : 50,
    "errorCount" : 0,
    "errorPct" : 0.0,
    "meanResTime" : 120.8,
    "medianResTime" : 120.0,
    "minResTime" : 114.0,
    "maxResTime" : 144.0,
    "pct1ResTime" : 126.0,
    "pct2ResTime" : 135.24999999999997,
    "pct3ResTime" : 144.0,
    "throughput" : 0.5176626496045057,
    "receivedKBytesPerSec" : 0.41655666335362573,
    "sentKBytesPerSec" : 0.49390274283554897
  },
  "/static/images/landing_page/leap-motion.svg-140" : {
    "transaction" : "/static/images/landing_page/leap-motion.svg-140",
    "sampleCount" : 50,
    "errorCount" : 0,
    "errorPct" : 0.0,
    "meanResTime" : 33.04,
    "medianResTime" : 29.5,
    "minResTime" : 23.0,
    "maxResTime" : 68.0,
    "pct1ResTime" : 44.0,
    "pct2ResTime" : 57.09999999999992,
    "pct3ResTime" : 68.0,
    "throughput" : 0.5164328947096615,
    "receivedKBytesPerSec" : 1.2653614578384185,
    "sentKBytesPerSec" : 0.4937380897663658
  },
  "/static_assets/public/images/landing_page/bank-of-america.svg-160" : {
    "transaction" : "/static_assets/public/images/landing_page/bank-of-america.svg-160",
    "sampleCount" : 50,
    "errorCount" : 0,
    "errorPct" : 0.0,
    "meanResTime" : 20.940000000000005,
    "medianResTime" : 19.0,
    "minResTime" : 14.0,
    "maxResTime" : 44.0,
    "pct1ResTime" : 29.9,
    "pct2ResTime" : 35.79999999999998,
    "pct3ResTime" : 44.0,
    "throughput" : 0.5171005139979109,
    "receivedKBytesPerSec" : 1.4407107094101952,
    "sentKBytesPerSec" : 0.2535004472919446
  },
  "/static_assets/public/images/landing_page/leap-motion.svg-151" : {
    "transaction" : "/static_assets/public/images/landing_page/leap-motion.svg-151",
    "sampleCount" : 50,
    "errorCount" : 0,
    "errorPct" : 0.0,
    "meanResTime" : 20.18,
    "medianResTime" : 18.0,
    "minResTime" : 14.0,
    "maxResTime" : 41.0,
    "pct1ResTime" : 28.0,
    "pct2ResTime" : 36.89999999999999,
    "pct3ResTime" : 41.0,
    "throughput" : 0.5169721972352327,
    "receivedKBytesPerSec" : 0.9375169631502218,
    "sentKBytesPerSec" : 0.2514181193585409
  },
  "/submit/firefox-desktop/dau-reporting/1/c9536ab0-83ec-411e-93d6-aa6d2ba97c7b-115" : {
    "transaction" : "/submit/firefox-desktop/dau-reporting/1/c9536ab0-83ec-411e-93d6-aa6d2ba97c7b-115",
    "sampleCount" : 50,
    "errorCount" : 50,
    "errorPct" : 100.0,
    "meanResTime" : 354.3200000000001,
    "medianResTime" : 357.0,
    "minResTime" : 315.0,
    "maxResTime" : 396.0,
    "pct1ResTime" : 376.8,
    "pct2ResTime" : 383.7,
    "pct3ResTime" : 396.0,
    "throughput" : 0.5105479200277738,
    "receivedKBytesPerSec" : 0.41640567563359,
    "sentKBytesPerSec" : 1.0903987315436927
  },
  "/static/images/landing_page/jet.svg-144" : {
    "transaction" : "/static/images/landing_page/jet.svg-144",
    "sampleCount" : 50,
    "errorCount" : 0,
    "errorPct" : 0.0,
    "meanResTime" : 33.4,
    "medianResTime" : 31.0,
    "minResTime" : 22.0,
    "maxResTime" : 65.0,
    "pct1ResTime" : 46.699999999999996,
    "pct2ResTime" : 58.49999999999996,
    "pct3ResTime" : 65.0,
    "throughput" : 0.5166089786640492,
    "receivedKBytesPerSec" : 1.6905827026398719,
    "sentKBytesPerSec" : 0.48583442036472596
  },
  "/static/images/landing_page/cisco.svg-153" : {
    "transaction" : "/static/images/landing_page/cisco.svg-153",
    "sampleCount" : 50,
    "errorCount" : 0,
    "errorPct" : 0.0,
    "meanResTime" : 31.38,
    "medianResTime" : 30.0,
    "minResTime" : 24.0,
    "maxResTime" : 91.0,
    "pct1ResTime" : 37.9,
    "pct2ResTime" : 46.34999999999999,
    "pct3ResTime" : 91.0,
    "throughput" : 0.5168920315924409,
    "receivedKBytesPerSec" : 1.3088877323429682,
    "sentKBytesPerSec" : 0.48811972124012737
  },
  "/static/images/landing_page/stripe.svg-155" : {
    "transaction" : "/static/images/landing_page/stripe.svg-155",
    "sampleCount" : 50,
    "errorCount" : 0,
    "errorPct" : 0.0,
    "meanResTime" : 32.559999999999995,
    "medianResTime" : 31.5,
    "minResTime" : 22.0,
    "maxResTime" : 46.0,
    "pct1ResTime" : 43.9,
    "pct2ResTime" : 44.0,
    "pct3ResTime" : 46.0,
    "throughput" : 0.5169454725915511,
    "receivedKBytesPerSec" : 1.2842864084696346,
    "sentKBytesPerSec" : 0.4891798466222783
  },
  "/j/collect?v=1&_v=j101&a=639305540&t=pageview&_s=1&dl=https%3A%2F%2Fleetcode.com%2F&ul=en-us&de=UTF-8&dt=LeetCode%20-%20The%20World%27s%20Leading%20Online%20Programming%20Learning%20Platform&sd=24-bit&sr=1536x864&vp=1519x731&je=0&_u=QCCAgAABAAAAACAAIAB~&jid=1168874182&gjid=1972929579&cid=999762296.1734513656&tid=UA-159258186-1&_gid=360651440.1734513659&_slc=1&cd1=false&cd2=None&z=2015433294-130" : {
    "transaction" : "/j/collect?v=1&_v=j101&a=639305540&t=pageview&_s=1&dl=https%3A%2F%2Fleetcode.com%2F&ul=en-us&de=UTF-8&dt=LeetCode%20-%20The%20World%27s%20Leading%20Online%20Programming%20Learning%20Platform&sd=24-bit&sr=1536x864&vp=1519x731&je=0&_u=QCCAgAABAAAAACAAIAB~&jid=1168874182&gjid=1972929579&cid=999762296.1734513656&tid=UA-159258186-1&_gid=360651440.1734513659&_slc=1&cd1=false&cd2=None&z=2015433294-130",
    "sampleCount" : 50,
    "errorCount" : 0,
    "errorPct" : 0.0,
    "meanResTime" : 122.92,
    "medianResTime" : 122.0,
    "minResTime" : 114.0,
    "maxResTime" : 138.0,
    "pct1ResTime" : 130.0,
    "pct2ResTime" : 136.45,
    "pct3ResTime" : 138.0,
    "throughput" : 0.5150020085078332,
    "receivedKBytesPerSec" : 0.4516326207422209,
    "sentKBytesPerSec" : 0.41693033696581416
  },
  "/-121" : {
    "transaction" : "/-121",
    "sampleCount" : 50,
    "errorCount" : 50,
    "errorPct" : 100.0,
    "meanResTime" : 686.3999999999999,
    "medianResTime" : 503.5,
    "minResTime" : 292.0,
    "maxResTime" : 2092.0,
    "pct1ResTime" : 1297.6,
    "pct2ResTime" : 1773.1999999999998,
    "pct3ResTime" : 2092.0,
    "throughput" : 0.5104332557474784,
    "receivedKBytesPerSec" : 6.113983494502634,
    "sentKBytesPerSec" : 0.22231760943689002
  },
  "/playground/UpwhGDg6/shared-138" : {
    "transaction" : "/playground/UpwhGDg6/shared-138",
    "sampleCount" : 50,
    "errorCount" : 50,
    "errorPct" : 100.0,
    "meanResTime" : 507.4600000000001,
    "medianResTime" : 376.5,
    "minResTime" : 275.0,
    "maxResTime" : 1545.0,
    "pct1ResTime" : 864.9,
    "pct2ResTime" : 917.9999999999999,
    "pct3ResTime" : 1545.0,
    "throughput" : 0.5156818861580668,
    "receivedKBytesPerSec" : 4.569485394599779,
    "sentKBytesPerSec" : 0.24474745768830122
  },
  "/static/images/landing_page/uber.svg-142" : {
    "transaction" : "/static/images/landing_page/uber.svg-142",
    "sampleCount" : 50,
    "errorCount" : 0,
    "errorPct" : 0.0,
    "meanResTime" : 31.199999999999996,
    "medianResTime" : 30.0,
    "minResTime" : 22.0,
    "maxResTime" : 49.0,
    "pct1ResTime" : 39.0,
    "pct2ResTime" : 42.699999999999974,
    "pct3ResTime" : 49.0,
    "throughput" : 0.5166516837678374,
    "receivedKBytesPerSec" : 0.9616583098256817,
    "sentKBytesPerSec" : 0.4868836668319952
  },
  "/static/images/landing_page/intel.svg-146" : {
    "transaction" : "/static/images/landing_page/intel.svg-146",
    "sampleCount" : 50,
    "errorCount" : 0,
    "errorPct" : 0.0,
    "meanResTime" : 31.21999999999999,
    "medianResTime" : 28.5,
    "minResTime" : 20.0,
    "maxResTime" : 57.0,
    "pct1ResTime" : 43.9,
    "pct2ResTime" : 51.699999999999974,
    "pct3ResTime" : 57.0,
    "throughput" : 0.5166303303334333,
    "receivedKBytesPerSec" : 1.3127657417261651,
    "sentKBytesPerSec" : 0.4878725873363573
  },
  "/static_assets/public/images/landing_page/amazon.svg-159" : {
    "transaction" : "/static_assets/public/images/landing_page/amazon.svg-159",
    "sampleCount" : 50,
    "errorCount" : 0,
    "errorPct" : 0.0,
    "meanResTime" : 20.239999999999995,
    "medianResTime" : 19.0,
    "minResTime" : 15.0,
    "maxResTime" : 51.0,
    "pct1ResTime" : 25.799999999999997,
    "pct2ResTime" : 38.49999999999996,
    "pct3ResTime" : 51.0,
    "throughput" : 0.5171005139979109,
    "receivedKBytesPerSec" : 1.1463068034914627,
    "sentKBytesPerSec" : 0.24895561855563486
  },
  "/static_assets/public/webpack_bundles/apps/playground/shared_playground.3bedc52d6.js-167" : {
    "transaction" : "/static_assets/public/webpack_bundles/apps/playground/shared_playground.3bedc52d6.js-167",
    "sampleCount" : 50,
    "errorCount" : 0,
    "errorPct" : 0.0,
    "meanResTime" : 23.32,
    "medianResTime" : 22.0,
    "minResTime" : 17.0,
    "maxResTime" : 34.0,
    "pct1ResTime" : 29.9,
    "pct2ResTime" : 33.449999999999996,
    "pct3ResTime" : 34.0,
    "throughput" : 0.5175983436853002,
    "receivedKBytesPerSec" : 9.087288108178054,
    "sentKBytesPerSec" : 0.2234164725672878
  },
  "/recaptcha/enterprise/anchor-171" : {
    "transaction" : "/recaptcha/enterprise/anchor-171",
    "sampleCount" : 50,
    "errorCount" : 50,
    "errorPct" : 100.0,
    "meanResTime" : 246.66000000000005,
    "medianResTime" : 247.5,
    "minResTime" : 215.0,
    "maxResTime" : 276.0,
    "pct1ResTime" : 264.8,
    "pct2ResTime" : 271.59999999999997,
    "pct3ResTime" : 276.0,
    "throughput" : 0.5169561621174524,
    "receivedKBytesPerSec" : 15.669072532180522,
    "sentKBytesPerSec" : 0.32259276132133996
  },
  "/static/images/landing_page/squarespace.svg-143" : {
    "transaction" : "/static/images/landing_page/squarespace.svg-143",
    "sampleCount" : 50,
    "errorCount" : 0,
    "errorPct" : 0.0,
    "meanResTime" : 32.12,
    "medianResTime" : 29.0,
    "minResTime" : 23.0,
    "maxResTime" : 62.0,
    "pct1ResTime" : 46.49999999999999,
    "pct2ResTime" : 58.449999999999996,
    "pct3ResTime" : 62.0,
    "throughput" : 0.5165022467847735,
    "receivedKBytesPerSec" : 0.9749988701513351,
    "sentKBytesPerSec" : 0.4938043941428645
  },
  "/static/images/landing_page/jet.svg-144-0" : {
    "transaction" : "/static/images/landing_page/jet.svg-144-0",
    "sampleCount" : 50,
    "errorCount" : 0,
    "errorPct" : 0.0,
    "meanResTime" : 11.939999999999996,
    "medianResTime" : 10.0,
    "minResTime" : 7.0,
    "maxResTime" : 25.0,
    "pct1ResTime" : 21.799999999999997,
    "pct2ResTime" : 24.0,
    "pct3ResTime" : 25.0,
    "throughput" : 0.5167157546633596,
    "receivedKBytesPerSec" : 0.32496576758125356,
    "sentKBytesPerSec" : 0.23766906293597892
  },
  "/static/images/landing_page/facebook.svg-139" : {
    "transaction" : "/static/images/landing_page/facebook.svg-139",
    "sampleCount" : 50,
    "errorCount" : 0,
    "errorPct" : 0.0,
    "meanResTime" : 54.93999999999999,
    "medianResTime" : 51.0,
    "minResTime" : 37.0,
    "maxResTime" : 106.0,
    "pct1ResTime" : 79.69999999999999,
    "pct2ResTime" : 90.14999999999998,
    "pct3ResTime" : 106.0,
    "throughput" : 0.5161610009394131,
    "receivedKBytesPerSec" : 1.3907111343670318,
    "sentKBytesPerSec" : 0.49045376358793835
  },
  "/static/images/landing_page/jet.svg-144-1" : {
    "transaction" : "/static/images/landing_page/jet.svg-144-1",
    "sampleCount" : 50,
    "errorCount" : 0,
    "errorPct" : 0.0,
    "meanResTime" : 21.319999999999997,
    "medianResTime" : 20.0,
    "minResTime" : 14.0,
    "maxResTime" : 55.0,
    "pct1ResTime" : 27.0,
    "pct2ResTime" : 36.79999999999998,
    "pct3ResTime" : 55.0,
    "throughput" : 0.5166623611469905,
    "receivedKBytesPerSec" : 1.3658252066649443,
    "sentKBytesPerSec" : 0.24824011883234304
  },
  "/analytics.js-128" : {
    "transaction" : "/analytics.js-128",
    "sampleCount" : 50,
    "errorCount" : 50,
    "errorPct" : 100.0,
    "meanResTime" : 273.65999999999997,
    "medianResTime" : 269.5,
    "minResTime" : 255.0,
    "maxResTime" : 313.0,
    "pct1ResTime" : 290.9,
    "pct2ResTime" : 302.79999999999995,
    "pct3ResTime" : 313.0,
    "throughput" : 0.5144456333854639,
    "receivedKBytesPerSec" : 11.00481601494979,
    "sentKBytesPerSec" : 0.189400394322578
  },
  "/static/images/landing_page/squarespace.svg-143-1" : {
    "transaction" : "/static/images/landing_page/squarespace.svg-143-1",
    "sampleCount" : 50,
    "errorCount" : 0,
    "errorPct" : 0.0,
    "meanResTime" : 20.859999999999996,
    "medianResTime" : 18.0,
    "minResTime" : 14.0,
    "maxResTime" : 51.0,
    "pct1ResTime" : 31.0,
    "pct2ResTime" : 44.34999999999999,
    "pct3ResTime" : 51.0,
    "throughput" : 0.5165609438601566,
    "receivedKBytesPerSec" : 0.6462056338719342,
    "sentKBytesPerSec" : 0.2522270233692171
  },
  "/static/images/landing_page/squarespace.svg-143-0" : {
    "transaction" : "/static/images/landing_page/squarespace.svg-143-0",
    "sampleCount" : 50,
    "errorCount" : 0,
    "errorPct" : 0.0,
    "meanResTime" : 11.039999999999997,
    "medianResTime" : 9.5,
    "minResTime" : 7.0,
    "maxResTime" : 23.0,
    "pct1ResTime" : 16.9,
    "pct2ResTime" : 19.449999999999996,
    "pct3ResTime" : 23.0,
    "throughput" : 0.5165822915590453,
    "receivedKBytesPerSec" : 0.3289176309536109,
    "sentKBytesPerSec" : 0.24164347427420185
  },
  "/static_assets/public/codemirror/lib/codemirror.css-166" : {
    "transaction" : "/static_assets/public/codemirror/lib/codemirror.css-166",
    "sampleCount" : 50,
    "errorCount" : 0,
    "errorPct" : 0.0,
    "meanResTime" : 20.72,
    "medianResTime" : 18.5,
    "minResTime" : 15.0,
    "maxResTime" : 53.0,
    "pct1ResTime" : 28.0,
    "pct2ResTime" : 32.79999999999998,
    "pct3ResTime" : 53.0,
    "throughput" : 0.5175554819476648,
    "receivedKBytesPerSec" : 1.64061044375207,
    "sentKBytesPerSec" : 0.22137627059870818
  },
  "/j/collect?v=1&_v=j101&a=259276620&t=pageview&_s=1&dl=https%3A%2F%2Fleetcode.com%2Fplayground%2FUpwhGDg6%2Fshared&ul=en-us&de=UTF-8&dt=Shared%20-%20LeetCode%20Playground&sd=24-bit&sr=1536x864&vp=765x400&je=0&_u=QCCAgAABAAAAACAAIAB~&jid=&gjid=&cid=999762296.1734513656&tid=UA-159258186-1&_gid=360651440.1734513659&_slc=1&cd1=false&cd2=None&z=2134061558-169" : {
    "transaction" : "/j/collect?v=1&_v=j101&a=259276620&t=pageview&_s=1&dl=https%3A%2F%2Fleetcode.com%2Fplayground%2FUpwhGDg6%2Fshared&ul=en-us&de=UTF-8&dt=Shared%20-%20LeetCode%20Playground&sd=24-bit&sr=1536x864&vp=765x400&je=0&_u=QCCAgAABAAAAACAAIAB~&jid=&gjid=&cid=999762296.1734513656&tid=UA-159258186-1&_gid=360651440.1734513659&_slc=1&cd1=false&cd2=None&z=2134061558-169",
    "sampleCount" : 50,
    "errorCount" : 0,
    "errorPct" : 0.0,
    "meanResTime" : 120.38000000000004,
    "medianResTime" : 120.0,
    "minResTime" : 114.0,
    "maxResTime" : 129.0,
    "pct1ResTime" : 127.9,
    "pct2ResTime" : 128.45,
    "pct3ResTime" : 129.0,
    "throughput" : 0.5172556484316808,
    "receivedKBytesPerSec" : 0.4536089573160639,
    "sentKBytesPerSec" : 0.39753925323802036
  },
  "/recaptcha/enterprise.js-126" : {
    "transaction" : "/recaptcha/enterprise.js-126",
    "sampleCount" : 50,
    "errorCount" : 50,
    "errorPct" : 100.0,
    "meanResTime" : 173.38,
    "medianResTime" : 168.0,
    "minResTime" : 158.0,
    "maxResTime" : 331.0,
    "pct1ResTime" : 186.2,
    "pct2ResTime" : 213.7999999999998,
    "pct3ResTime" : 331.0,
    "throughput" : 0.5149171498305922,
    "receivedKBytesPerSec" : 0.7967739475093458,
    "sentKBytesPerSec" : 0.22929904328393563
  },
  "/recaptcha/enterprise.js-123" : {
    "transaction" : "/recaptcha/enterprise.js-123",
    "sampleCount" : 50,
    "errorCount" : 50,
    "errorPct" : 100.0,
    "meanResTime" : 426.2399999999999,
    "medianResTime" : 425.5,
    "minResTime" : 403.0,
    "maxResTime" : 456.0,
    "pct1ResTime" : 446.8,
    "pct2ResTime" : 449.34999999999997,
    "pct3ResTime" : 456.0,
    "throughput" : 0.5139221510725555,
    "receivedKBytesPerSec" : 0.7764942125941763,
    "sentKBytesPerSec" : 0.21279589067848004
  },
  "/static/images/landing_page/intel.svg-146-0" : {
    "transaction" : "/static/images/landing_page/intel.svg-146-0",
    "sampleCount" : 50,
    "errorCount" : 0,
    "errorPct" : 0.0,
    "meanResTime" : 11.940000000000001,
    "medianResTime" : 10.0,
    "minResTime" : 7.0,
    "maxResTime" : 38.0,
    "pct1ResTime" : 17.9,
    "pct2ResTime" : 26.89999999999999,
    "pct3ResTime" : 38.0,
    "throughput" : 0.5167157546633596,
    "receivedKBytesPerSec" : 0.3259749780395804,
    "sentKBytesPerSec" : 0.23867827339430578
  },
  "/static/images/landing_page/intel.svg-146-1" : {
    "transaction" : "/static/images/landing_page/intel.svg-146-1",
    "sampleCount" : 50,
    "errorCount" : 0,
    "errorPct" : 0.0,
    "meanResTime" : 19.179999999999996,
    "medianResTime" : 18.0,
    "minResTime" : 13.0,
    "maxResTime" : 39.0,
    "pct1ResTime" : 24.0,
    "pct2ResTime" : 32.599999999999966,
    "pct3ResTime" : 39.0,
    "throughput" : 0.5167210946219669,
    "receivedKBytesPerSec" : 0.9870180283989914,
    "sentKBytesPerSec" : 0.24927755931958168
  },
  "/static_assets/public/images/landing_page/facebook.svg-145" : {
    "transaction" : "/static_assets/public/images/landing_page/facebook.svg-145",
    "sampleCount" : 50,
    "errorCount" : 0,
    "errorPct" : 0.0,
    "meanResTime" : 20.48,
    "medianResTime" : 17.5,
    "minResTime" : 15.0,
    "maxResTime" : 47.0,
    "pct1ResTime" : 28.0,
    "pct2ResTime" : 42.89999999999999,
    "pct3ResTime" : 47.0,
    "throughput" : 0.5167531366915397,
    "receivedKBytesPerSec" : 1.0647940609562,
    "sentKBytesPerSec" : 0.24979765884991423
  },
  "/g/collect?v=2&tid=G-CDRWKZTDEX&gtm=45je4cc1v892315079za200&_p=1734515023516&gcd=13l3l3l3l1l1&npa=0&dma=0&tag_exp=101925629~102067555~102067808~102081485~102198178&cid=999762296.1734513656&ul=en-us&sr=1536x864&frm=0&pscdl=noapi&uid=&sid=1734513655&sct=1&seg=1&dl=https%3A%2F%2Fleetcode.com%2F&dt=LeetCode%20-%20The%20World%27s%20Leading%20Online%20Programming%20Learning%20Platform&_s=1&tfd=6514-137" : {
    "transaction" : "/g/collect?v=2&tid=G-CDRWKZTDEX&gtm=45je4cc1v892315079za200&_p=1734515023516&gcd=13l3l3l3l1l1&npa=0&dma=0&tag_exp=101925629~102067555~102067808~102081485~102198178&cid=999762296.1734513656&ul=en-us&sr=1536x864&frm=0&pscdl=noapi&uid=&sid=1734513655&sct=1&seg=1&dl=https%3A%2F%2Fleetcode.com%2F&dt=LeetCode%20-%20The%20World%27s%20Leading%20Online%20Programming%20Learning%20Platform&_s=1&tfd=6514-137",
    "sampleCount" : 50,
    "errorCount" : 2,
    "errorPct" : 4.0,
    "meanResTime" : 130.15999999999997,
    "medianResTime" : 129.5,
    "minResTime" : 117.0,
    "maxResTime" : 165.0,
    "pct1ResTime" : 136.9,
    "pct2ResTime" : 145.54999999999993,
    "pct3ResTime" : 165.0,
    "throughput" : 0.5158627805003869,
    "receivedKBytesPerSec" : 0.4151083311839051,
    "sentKBytesPerSec" : 0.49974206860974985
  },
  "/static/images/landing_page/stripe.svg-155-0" : {
    "transaction" : "/static/images/landing_page/stripe.svg-155-0",
    "sampleCount" : 50,
    "errorCount" : 0,
    "errorPct" : 0.0,
    "meanResTime" : 13.099999999999996,
    "medianResTime" : 11.0,
    "minResTime" : 7.0,
    "maxResTime" : 30.0,
    "pct1ResTime" : 23.699999999999996,
    "pct2ResTime" : 27.89999999999999,
    "pct3ResTime" : 30.0,
    "throughput" : 0.5170630816959669,
    "receivedKBytesPerSec" : 0.32669903697001035,
    "sentKBytesPerSec" : 0.23934365305067218
  },
  "/static_assets/public/images/landing_page/jet.svg-156" : {
    "transaction" : "/static_assets/public/images/landing_page/jet.svg-156",
    "sampleCount" : 50,
    "errorCount" : 0,
    "errorPct" : 0.0,
    "meanResTime" : 19.859999999999996,
    "medianResTime" : 19.0,
    "minResTime" : 13.0,
    "maxResTime" : 37.0,
    "pct1ResTime" : 26.9,
    "pct2ResTime" : 28.349999999999987,
    "pct3ResTime" : 37.0,
    "throughput" : 0.5170096163788647,
    "receivedKBytesPerSec" : 1.3667431948609245,
    "sentKBytesPerSec" : 0.24739717971254266
  },
  "/static/images/landing_page/stripe.svg-155-1" : {
    "transaction" : "/static/images/landing_page/stripe.svg-155-1",
    "sampleCount" : 50,
    "errorCount" : 0,
    "errorPct" : 0.0,
    "meanResTime" : 19.360000000000007,
    "medianResTime" : 18.0,
    "minResTime" : 13.0,
    "maxResTime" : 34.0,
    "pct1ResTime" : 25.0,
    "pct2ResTime" : 30.0,
    "pct3ResTime" : 34.0,
    "throughput" : 0.5169989246422367,
    "receivedKBytesPerSec" : 0.9577607031702374,
    "sentKBytesPerSec" : 0.24991647236123748
  },
  "/static/images/landing_page/bank-of-america.svg-148" : {
    "transaction" : "/static/images/landing_page/bank-of-america.svg-148",
    "sampleCount" : 50,
    "errorCount" : 0,
    "errorPct" : 0.0,
    "meanResTime" : 34.51999999999999,
    "medianResTime" : 31.5,
    "minResTime" : 23.0,
    "maxResTime" : 66.0,
    "pct1ResTime" : 49.9,
    "pct2ResTime" : 55.0,
    "pct3ResTime" : 66.0,
    "throughput" : 0.5167531366915397,
    "receivedKBytesPerSec" : 1.7707878482916142,
    "sentKBytesPerSec" : 0.4980813924946775
  },
  "/static/images/landing_page/apple.svg-141" : {
    "transaction" : "/static/images/landing_page/apple.svg-141",
    "sampleCount" : 50,
    "errorCount" : 0,
    "errorPct" : 0.0,
    "meanResTime" : 31.76,
    "medianResTime" : 28.5,
    "minResTime" : 24.0,
    "maxResTime" : 88.0,
    "pct1ResTime" : 45.49999999999999,
    "pct2ResTime" : 53.0,
    "pct3ResTime" : 88.0,
    "throughput" : 0.5166356685265551,
    "receivedKBytesPerSec" : 0.9207618115829717,
    "sentKBytesPerSec" : 0.48787762838396365
  },
  "/static/webpack_bundles/apps/playground/shared_playground.3bedc52d6.js-165" : {
    "transaction" : "/static/webpack_bundles/apps/playground/shared_playground.3bedc52d6.js-165",
    "sampleCount" : 50,
    "errorCount" : 0,
    "errorPct" : 0.0,
    "meanResTime" : 36.22,
    "medianResTime" : 34.0,
    "minResTime" : 26.0,
    "maxResTime" : 59.0,
    "pct1ResTime" : 45.599999999999994,
    "pct2ResTime" : 53.34999999999999,
    "pct3ResTime" : 59.0,
    "throughput" : 0.5174697797648617,
    "receivedKBytesPerSec" : 9.428157891672877,
    "sentKBytesPerSec" : 0.46440891367569137
  },
  "/static/images/landing_page/amazon.svg-147-0" : {
    "transaction" : "/static/images/landing_page/amazon.svg-147-0",
    "sampleCount" : 50,
    "errorCount" : 0,
    "errorPct" : 0.0,
    "meanResTime" : 13.040000000000003,
    "medianResTime" : 10.0,
    "minResTime" : 7.0,
    "maxResTime" : 49.0,
    "pct1ResTime" : 25.9,
    "pct2ResTime" : 28.349999999999987,
    "pct3ResTime" : 49.0,
    "throughput" : 0.5167851827352407,
    "receivedKBytesPerSec" : 0.3265234504196296,
    "sentKBytesPerSec" : 0.23921501622705474
  },
  "/static/images/landing_page/amazon.svg-147-1" : {
    "transaction" : "/static/images/landing_page/amazon.svg-147-1",
    "sampleCount" : 50,
    "errorCount" : 0,
    "errorPct" : 0.0,
    "meanResTime" : 20.520000000000003,
    "medianResTime" : 19.0,
    "minResTime" : 15.0,
    "maxResTime" : 34.0,
    "pct1ResTime" : 27.9,
    "pct2ResTime" : 28.89999999999999,
    "pct3ResTime" : 34.0,
    "throughput" : 0.5168065489725886,
    "receivedKBytesPerSec" : 1.1456551427419688,
    "sentKBytesPerSec" : 0.24982347826311654
  },
  "/static_assets/public/images/landing_page/pinterest.svg-158" : {
    "transaction" : "/static_assets/public/images/landing_page/pinterest.svg-158",
    "sampleCount" : 50,
    "errorCount" : 0,
    "errorPct" : 0.0,
    "meanResTime" : 18.959999999999997,
    "medianResTime" : 18.0,
    "minResTime" : 13.0,
    "maxResTime" : 45.0,
    "pct1ResTime" : 22.0,
    "pct2ResTime" : 27.449999999999996,
    "pct3ResTime" : 45.0,
    "throughput" : 0.5170203085577202,
    "receivedKBytesPerSec" : 1.6353796674008356,
    "sentKBytesPerSec" : 0.2504317119576457
  },
  "/static/codemirror/lib/codemirror.css-164" : {
    "transaction" : "/static/codemirror/lib/codemirror.css-164",
    "sampleCount" : 50,
    "errorCount" : 0,
    "errorPct" : 0.0,
    "meanResTime" : 33.24000000000001,
    "medianResTime" : 29.5,
    "minResTime" : 24.0,
    "maxResTime" : 66.0,
    "pct1ResTime" : 47.599999999999994,
    "pct2ResTime" : 58.89999999999999,
    "pct3ResTime" : 66.0,
    "throughput" : 0.5175126273081063,
    "receivedKBytesPerSec" : 1.9669522905108885,
    "sentKBytesPerSec" : 0.4604043002711766
  },
  "leetcode" : {
    "transaction" : "leetcode",
    "sampleCount" : 50,
    "errorCount" : 50,
    "errorPct" : 100.0,
    "meanResTime" : 0.12000000000000002,
    "medianResTime" : 0.0,
    "minResTime" : 0.0,
    "maxResTime" : 3.0,
    "pct1ResTime" : 0.0,
    "pct2ResTime" : 1.0,
    "pct3ResTime" : 3.0,
    "throughput" : 0.5109444296838276,
    "receivedKBytesPerSec" : 0.5598434083059126,
    "sentKBytesPerSec" : 0.0
  },
  "/complete/search-119" : {
    "transaction" : "/complete/search-119",
    "sampleCount" : 50,
    "errorCount" : 50,
    "errorPct" : 100.0,
    "meanResTime" : 402.4399999999999,
    "medianResTime" : 423.0,
    "minResTime" : 249.0,
    "maxResTime" : 550.0,
    "pct1ResTime" : 522.7,
    "pct2ResTime" : 533.5,
    "pct3ResTime" : 550.0,
    "throughput" : 0.5104072028664469,
    "receivedKBytesPerSec" : 0.6405012262533049,
    "sentKBytesPerSec" : 0.14654269301048375
  },
  "/complete/search-118" : {
    "transaction" : "/complete/search-118",
    "sampleCount" : 50,
    "errorCount" : 50,
    "errorPct" : 100.0,
    "meanResTime" : 587.4799999999998,
    "medianResTime" : 596.5,
    "minResTime" : 431.0,
    "maxResTime" : 719.0,
    "pct1ResTime" : 691.8,
    "pct2ResTime" : 698.9,
    "pct3ResTime" : 719.0,
    "throughput" : 0.5093724531377343,
    "receivedKBytesPerSec" : 0.6392027366035045,
    "sentKBytesPerSec" : 0.14574817262632436
  },
  "/graphql-129" : {
    "transaction" : "/graphql-129",
    "sampleCount" : 50,
    "errorCount" : 50,
    "errorPct" : 100.0,
    "meanResTime" : 562.3999999999997,
    "medianResTime" : 345.5,
    "minResTime" : 254.0,
    "maxResTime" : 1820.0,
    "pct1ResTime" : 1145.6999999999998,
    "pct2ResTime" : 1512.7499999999993,
    "pct3ResTime" : 1820.0,
    "throughput" : 0.5141229576465507,
    "receivedKBytesPerSec" : 0.9221377650303847,
    "sentKBytesPerSec" : 0.9695033507963765
  },
  "/recaptcha/enterprise/webworker.js-131" : {
    "transaction" : "/recaptcha/enterprise/webworker.js-131",
    "sampleCount" : 50,
    "errorCount" : 50,
    "errorPct" : 100.0,
    "meanResTime" : 165.46,
    "medianResTime" : 165.0,
    "minResTime" : 156.0,
    "maxResTime" : 179.0,
    "pct1ResTime" : 173.9,
    "pct2ResTime" : 177.35,
    "pct3ResTime" : 179.0,
    "throughput" : 0.5147316189338879,
    "receivedKBytesPerSec" : 0.5963346765683872,
    "sentKBytesPerSec" : 0.3136645802878379
  },
  "/static/images/landing_page/pinterest.svg-149-1" : {
    "transaction" : "/static/images/landing_page/pinterest.svg-149-1",
    "sampleCount" : 50,
    "errorCount" : 0,
    "errorPct" : 0.0,
    "meanResTime" : 20.339999999999996,
    "medianResTime" : 18.0,
    "minResTime" : 15.0,
    "maxResTime" : 44.0,
    "pct1ResTime" : 28.0,
    "pct2ResTime" : 32.89999999999999,
    "pct3ResTime" : 44.0,
    "throughput" : 0.516769159216578,
    "receivedKBytesPerSec" : 1.6345852604516564,
    "sentKBytesPerSec" : 0.25131937625962486
  },
  "/static/images/landing_page/bank-of-america.svg-148-1" : {
    "transaction" : "/static/images/landing_page/bank-of-america.svg-148-1",
    "sampleCount" : 50,
    "errorCount" : 0,
    "errorPct" : 0.0,
    "meanResTime" : 20.699999999999992,
    "medianResTime" : 19.0,
    "minResTime" : 15.0,
    "maxResTime" : 38.0,
    "pct1ResTime" : 28.0,
    "pct2ResTime" : 32.34999999999999,
    "pct3ResTime" : 38.0,
    "throughput" : 0.5168599722963054,
    "receivedKBytesPerSec" : 1.4400405282825777,
    "sentKBytesPerSec" : 0.25439201761458785
  },
  "/static/images/landing_page/pinterest.svg-149-0" : {
    "transaction" : "/static/images/landing_page/pinterest.svg-149-0",
    "sampleCount" : 50,
    "errorCount" : 0,
    "errorPct" : 0.0,
    "meanResTime" : 10.980000000000002,
    "medianResTime" : 9.0,
    "minResTime" : 6.0,
    "maxResTime" : 31.0,
    "pct1ResTime" : 17.699999999999996,
    "pct2ResTime" : 24.799999999999983,
    "pct3ResTime" : 31.0,
    "throughput" : 0.5168065489725886,
    "receivedKBytesPerSec" : 0.32805103206267827,
    "sentKBytesPerSec" : 0.24073898814445777
  },
  "/submit/firefox-desktop/baseline/1/f1022690-164e-4fa8-9add-e77a63f1602e-117" : {
    "transaction" : "/submit/firefox-desktop/baseline/1/f1022690-164e-4fa8-9add-e77a63f1602e-117",
    "sampleCount" : 50,
    "errorCount" : 50,
    "errorPct" : 100.0,
    "meanResTime" : 282.50000000000006,
    "medianResTime" : 287.5,
    "minResTime" : 241.0,
    "maxResTime" : 313.0,
    "pct1ResTime" : 302.9,
    "pct2ResTime" : 310.0,
    "pct3ResTime" : 313.0,
    "throughput" : 0.5113624741761951,
    "receivedKBytesPerSec" : 0.41132719016547686,
    "sentKBytesPerSec" : 1.1785307022029494
  },
  "/graphql-172" : {
    "transaction" : "/graphql-172",
    "sampleCount" : 50,
    "errorCount" : 50,
    "errorPct" : 100.0,
    "meanResTime" : 483.03999999999996,
    "medianResTime" : 378.5,
    "minResTime" : 267.0,
    "maxResTime" : 1952.0,
    "pct1ResTime" : 818.9,
    "pct2ResTime" : 1114.6499999999976,
    "pct3ResTime" : 1952.0,
    "throughput" : 0.5158521361436957,
    "receivedKBytesPerSec" : 1.3726502935198654,
    "sentKBytesPerSec" : 0.5042656135545307
  },
  "/static_assets/public/images/landing_page/uber.svg-150" : {
    "transaction" : "/static_assets/public/images/landing_page/uber.svg-150",
    "sampleCount" : 50,
    "errorCount" : 0,
    "errorPct" : 0.0,
    "meanResTime" : 19.859999999999996,
    "medianResTime" : 18.0,
    "minResTime" : 14.0,
    "maxResTime" : 55.0,
    "pct1ResTime" : 27.9,
    "pct2ResTime" : 32.34999999999999,
    "pct3ResTime" : 55.0,
    "throughput" : 0.5169027189083014,
    "receivedKBytesPerSec" : 0.6365374302181329,
    "sentKBytesPerSec" : 0.24785081541403906
  },
  "/static_assets/public/images/landing_page/cisco.svg-161" : {
    "transaction" : "/static_assets/public/images/landing_page/cisco.svg-161",
    "sampleCount" : 50,
    "errorCount" : 0,
    "errorPct" : 0.0,
    "meanResTime" : 19.820000000000004,
    "medianResTime" : 18.0,
    "minResTime" : 14.0,
    "maxResTime" : 53.0,
    "pct1ResTime" : 25.0,
    "pct2ResTime" : 32.449999999999996,
    "pct3ResTime" : 53.0,
    "throughput" : 0.5170951661943864,
    "receivedKBytesPerSec" : 0.9831877818168655,
    "sentKBytesPerSec" : 0.2484480681324591
  },
  "Total" : {
    "transaction" : "Total",
    "sampleCount" : 4550,
    "errorCount" : 1221,
    "errorPct" : 26.835165,
    "meanResTime" : 126.06197802197804,
    "medianResTime" : 27.0,
    "minResTime" : 0.0,
    "maxResTime" : 2092.0,
    "pct1ResTime" : 381.0,
    "pct2ResTime" : 536.8999999999996,
    "pct3ResTime" : 877.9599999999991,
    "throughput" : 42.1339210475141,
    "receivedKBytesPerSec" : 216.80419996481123,
    "sentKBytesPerSec" : 28.26170373834372
  },
  "/graphql-132" : {
    "transaction" : "/graphql-132",
    "sampleCount" : 50,
    "errorCount" : 50,
    "errorPct" : 100.0,
    "meanResTime" : 434.78,
    "medianResTime" : 363.0,
    "minResTime" : 239.0,
    "maxResTime" : 1171.0,
    "pct1ResTime" : 813.3,
    "pct2ResTime" : 1020.5999999999992,
    "pct3ResTime" : 1171.0,
    "throughput" : 0.5150603650747867,
    "receivedKBytesPerSec" : 0.49443783092628457,
    "sentKBytesPerSec" : 0.39082217154600524
  },
  "/v2/87b5a3c3f1a55520/web/pv-133" : {
    "transaction" : "/v2/87b5a3c3f1a55520/web/pv-133",
    "sampleCount" : 50,
    "errorCount" : 50,
    "errorPct" : 100.0,
    "meanResTime" : 457.40000000000015,
    "medianResTime" : 435.5,
    "minResTime" : 412.0,
    "maxResTime" : 643.0,
    "pct1ResTime" : 561.6,
    "pct2ResTime" : 578.6999999999999,
    "pct3ResTime" : 643.0,
    "throughput" : 0.5133786475552908,
    "receivedKBytesPerSec" : 0.31525660269113087,
    "sentKBytesPerSec" : 0.20705603656282726
  },
  "/products/87b5a3c3f1a55520/web/leetcode.com/settings/general-114" : {
    "transaction" : "/products/87b5a3c3f1a55520/web/leetcode.com/settings/general-114",
    "sampleCount" : 50,
    "errorCount" : 50,
    "errorPct" : 100.0,
    "meanResTime" : 952.1999999999999,
    "medianResTime" : 850.5,
    "minResTime" : 823.0,
    "maxResTime" : 1863.0,
    "pct1ResTime" : 1646.0999999999992,
    "pct2ResTime" : 1847.1499999999999,
    "pct3ResTime" : 1863.0,
    "throughput" : 0.5065907456002594,
    "receivedKBytesPerSec" : 0.14297336472507322,
    "sentKBytesPerSec" : 0.21965458110011246
  },
  "/static/images/landing_page/pinterest.svg-149" : {
    "transaction" : "/static/images/landing_page/pinterest.svg-149",
    "sampleCount" : 50,
    "errorCount" : 0,
    "errorPct" : 0.0,
    "meanResTime" : 31.45999999999999,
    "medianResTime" : 28.0,
    "minResTime" : 21.0,
    "maxResTime" : 52.0,
    "pct1ResTime" : 43.599999999999994,
    "pct2ResTime" : 52.0,
    "pct3ResTime" : 52.0,
    "throughput" : 0.5167157546633596,
    "receivedKBytesPerSec" : 1.9624097362166073,
    "sentKBytesPerSec" : 0.49199009843435126
  },
  "/recaptcha/enterprise/anchor-127" : {
    "transaction" : "/recaptcha/enterprise/anchor-127",
    "sampleCount" : 50,
    "errorCount" : 50,
    "errorPct" : 100.0,
    "meanResTime" : 264.0,
    "medianResTime" : 262.5,
    "minResTime" : 241.0,
    "maxResTime" : 302.0,
    "pct1ResTime" : 283.8,
    "pct2ResTime" : 296.9,
    "pct3ResTime" : 302.0,
    "throughput" : 0.514281600032914,
    "receivedKBytesPerSec" : 15.600983451060964,
    "sentKBytesPerSec" : 0.3209237718955391
  },
  "/static/images/landing_page/bank-of-america.svg-148-0" : {
    "transaction" : "/static/images/landing_page/bank-of-america.svg-148-0",
    "sampleCount" : 50,
    "errorCount" : 0,
    "errorPct" : 0.0,
    "meanResTime" : 13.680000000000003,
    "medianResTime" : 10.0,
    "minResTime" : 6.0,
    "maxResTime" : 36.0,
    "pct1ResTime" : 25.799999999999997,
    "pct2ResTime" : 30.24999999999998,
    "pct3ResTime" : 36.0,
    "throughput" : 0.5168546294669162,
    "receivedKBytesPerSec" : 0.33110999700224314,
    "sentKBytesPerSec" : 0.24378983010988328
  }
}